embedder,variant,estimator,side,iteration,category,z,lo,hi
minilm,all,winlose,GRPO_K0,1,praise,0.7343,0.5063,0.9122
minilm,all,winlose,GRPO_K0,1,thanks,0.067,-0.219,0.3142
minilm,all,winlose,GRPO_K0,1,agreement,-0.3299,-0.5515,-0.0832
minilm,all,winlose,GRPO_K0,1,question,0.2139,-0.0496,0.3906
minilm,all,winlose,GRPO_K0,1,reflection opener,0.3507,0.1945,0.51
minilm,all,winlose,GRPO_K0,1,advice,0.9484,0.7142,1.1576
minilm,all,winlose,GRPO_K0,1,list preamble,0.2344,-0.1212,0.5878
minilm,all,winlose,GRPO_K5,1,praise,0.6014,0.2389,0.8393
minilm,all,winlose,GRPO_K5,1,thanks,-0.1619,-0.5149,0.2048
minilm,all,winlose,GRPO_K5,1,agreement,-0.2319,-0.4582,0.049
minilm,all,winlose,GRPO_K5,1,question,0.3999,0.1019,0.6437
minilm,all,winlose,GRPO_K5,1,reflection opener,0.3158,-0.0303,0.6363
minilm,all,winlose,GRPO_K5,1,advice,0.881,0.5286,1.13
minilm,all,winlose,GRPO_K5,1,list preamble,0.3141,-0.2787,0.7992
minilm,all,winlose,K0-K5,1,praise,0.1329,-0.1668,0.4899
minilm,all,winlose,K0-K5,1,thanks,0.2289,-0.1134,0.585
minilm,all,winlose,K0-K5,1,agreement,-0.098,-0.4667,0.2546
minilm,all,winlose,K0-K5,1,question,-0.186,-0.4844,0.1459
minilm,all,winlose,K0-K5,1,reflection opener,0.0349,-0.3292,0.3628
minilm,all,winlose,K0-K5,1,advice,0.0673,-0.3001,0.4751
minilm,all,winlose,K0-K5,1,list preamble,-0.0797,-0.7683,0.629
minilm,all,winlose,GRPO_K0,2,praise,0.7556,0.5169,0.9559
minilm,all,winlose,GRPO_K0,2,thanks,0.0766,-0.1773,0.3518
minilm,all,winlose,GRPO_K0,2,agreement,-0.5431,-0.7603,-0.2846
minilm,all,winlose,GRPO_K0,2,question,0.2722,0.0269,0.4986
minilm,all,winlose,GRPO_K0,2,reflection opener,0.2426,-0.0916,0.5392
minilm,all,winlose,GRPO_K0,2,advice,1.0904,0.7275,1.3261
minilm,all,winlose,GRPO_K0,2,list preamble,0.381,-0.083,0.7849
minilm,all,winlose,GRPO_K5,2,praise,0.5094,0.2363,0.7453
minilm,all,winlose,GRPO_K5,2,thanks,-0.1655,-0.4136,0.1463
minilm,all,winlose,GRPO_K5,2,agreement,-0.4206,-0.6625,-0.1273
minilm,all,winlose,GRPO_K5,2,question,0.4628,0.2079,0.676
minilm,all,winlose,GRPO_K5,2,reflection opener,0.4848,0.2409,0.7094
minilm,all,winlose,GRPO_K5,2,advice,0.9638,0.6632,1.2367
minilm,all,winlose,GRPO_K5,2,list preamble,0.1458,-0.3033,0.6448
minilm,all,winlose,K0-K5,2,praise,0.2462,-0.1203,0.6098
minilm,all,winlose,K0-K5,2,thanks,0.2421,-0.1499,0.5772
minilm,all,winlose,K0-K5,2,agreement,-0.1225,-0.5081,0.2699
minilm,all,winlose,K0-K5,2,question,-0.1906,-0.5531,0.146
minilm,all,winlose,K0-K5,2,reflection opener,-0.2421,-0.6759,0.1607
minilm,all,winlose,K0-K5,2,advice,0.1266,-0.326,0.5433
minilm,all,winlose,K0-K5,2,list preamble,0.2352,-0.4878,0.8439
minilm,all,winlose,GRPO_K0,3,praise,1.0056,0.852,1.1193
minilm,all,winlose,GRPO_K0,3,thanks,0.173,-0.0,0.3609
minilm,all,winlose,GRPO_K0,3,agreement,-0.4586,-0.6035,-0.2598
minilm,all,winlose,GRPO_K0,3,question,0.3084,0.1612,0.4203
minilm,all,winlose,GRPO_K0,3,reflection opener,0.3787,0.2188,0.5434
minilm,all,winlose,GRPO_K0,3,advice,0.7512,0.5677,0.9034
minilm,all,winlose,GRPO_K0,3,list preamble,0.0609,-0.2232,0.322
minilm,all,winlose,GRPO_K5,3,praise,0.4989,0.2781,0.7214
minilm,all,winlose,GRPO_K5,3,thanks,-0.4206,-0.6211,-0.1941
minilm,all,winlose,GRPO_K5,3,agreement,-0.4141,-0.5981,-0.2058
minilm,all,winlose,GRPO_K5,3,question,0.4577,0.2727,0.6162
minilm,all,winlose,GRPO_K5,3,reflection opener,0.4408,0.2294,0.6518
minilm,all,winlose,GRPO_K5,3,advice,0.9444,0.6873,1.1111
minilm,all,winlose,GRPO_K5,3,list preamble,0.0225,-0.3379,0.3761
minilm,all,winlose,K0-K5,3,praise,0.5067,0.2602,0.7324
minilm,all,winlose,K0-K5,3,thanks,0.5936,0.317,0.8433
minilm,all,winlose,K0-K5,3,agreement,-0.0444,-0.27,0.2082
minilm,all,winlose,K0-K5,3,question,-0.1493,-0.3555,0.0741
minilm,all,winlose,K0-K5,3,reflection opener,-0.0622,-0.3203,0.2199
minilm,all,winlose,K0-K5,3,advice,-0.1932,-0.4231,0.1191
minilm,all,winlose,K0-K5,3,list preamble,0.0384,-0.3814,0.426
minilm,all,winlose,GRPO_K0,4,praise,1.1854,0.941,1.3345
minilm,all,winlose,GRPO_K0,4,thanks,0.3864,0.0863,0.6156
minilm,all,winlose,GRPO_K0,4,agreement,-0.1196,-0.3477,0.1259
minilm,all,winlose,GRPO_K0,4,question,0.0236,-0.1743,0.2452
minilm,all,winlose,GRPO_K0,4,reflection opener,0.504,0.2194,0.754
minilm,all,winlose,GRPO_K0,4,advice,0.3973,0.0728,0.6836
minilm,all,winlose,GRPO_K0,4,list preamble,-0.3651,-0.7588,0.0753
minilm,all,winlose,GRPO_K5,4,praise,0.7314,0.5251,0.8862
minilm,all,winlose,GRPO_K5,4,thanks,0.0735,-0.1755,0.2763
minilm,all,winlose,GRPO_K5,4,agreement,-0.2902,-0.435,-0.1248
minilm,all,winlose,GRPO_K5,4,question,0.48,0.3371,0.6144
minilm,all,winlose,GRPO_K5,4,reflection opener,0.4822,0.3158,0.6145
minilm,all,winlose,GRPO_K5,4,advice,0.4656,0.2173,0.6933
minilm,all,winlose,GRPO_K5,4,list preamble,-0.5071,-0.7898,-0.1681
minilm,all,winlose,K0-K5,4,praise,0.454,0.2123,0.7029
minilm,all,winlose,K0-K5,4,thanks,0.3129,-0.0455,0.5888
minilm,all,winlose,K0-K5,4,agreement,0.1706,-0.1209,0.4602
minilm,all,winlose,K0-K5,4,question,-0.4564,-0.6934,-0.2
minilm,all,winlose,K0-K5,4,reflection opener,0.0218,-0.3405,0.3523
minilm,all,winlose,K0-K5,4,advice,-0.0682,-0.4493,0.3034
minilm,all,winlose,K0-K5,4,list preamble,0.142,-0.4039,0.6519
minilm,all,winlose,GRPO_K0,5,praise,1.2411,0.8907,1.4286
minilm,all,winlose,GRPO_K0,5,thanks,0.3735,0.0193,0.6806
minilm,all,winlose,GRPO_K0,5,agreement,-0.7929,-1.008,-0.4693
minilm,all,winlose,GRPO_K0,5,question,0.1116,-0.2764,0.3883
minilm,all,winlose,GRPO_K0,5,reflection opener,0.079,-0.3732,0.361
minilm,all,winlose,GRPO_K0,5,advice,0.6674,0.2321,1.0436
minilm,all,winlose,GRPO_K0,5,list preamble,0.344,-0.3553,1.3008
minilm,all,winlose,GRPO_K5,5,praise,0.5988,0.2098,0.9153
minilm,all,winlose,GRPO_K5,5,thanks,-0.1263,-0.5026,0.2174
minilm,all,winlose,GRPO_K5,5,agreement,-0.0475,-0.3395,0.3093
minilm,all,winlose,GRPO_K5,5,question,0.5452,0.3205,0.714
minilm,all,winlose,GRPO_K5,5,reflection opener,0.3439,0.0066,0.5752
minilm,all,winlose,GRPO_K5,5,advice,0.2843,-0.0777,0.604
minilm,all,winlose,GRPO_K5,5,list preamble,-0.7483,-1.15,-0.2714
minilm,all,winlose,K0-K5,5,praise,0.6423,0.151,1.0981
minilm,all,winlose,K0-K5,5,thanks,0.4998,-0.0078,1.0264
minilm,all,winlose,K0-K5,5,agreement,-0.7455,-1.0853,-0.3283
minilm,all,winlose,K0-K5,5,question,-0.4336,-0.8312,-0.0758
minilm,all,winlose,K0-K5,5,reflection opener,-0.2649,-0.6934,0.0855
minilm,all,winlose,K0-K5,5,advice,0.3831,-0.1986,0.8931
minilm,all,winlose,K0-K5,5,list preamble,1.0923,0.2488,2.0645
minilm,all,winlose,GRPO_K0,6,praise,1.4422,0.9055,1.5646
minilm,all,winlose,GRPO_K0,6,thanks,0.9148,0.398,1.2736
minilm,all,winlose,GRPO_K0,6,agreement,-0.2804,-0.7295,0.2512
minilm,all,winlose,GRPO_K0,6,question,-0.1899,-0.663,0.2625
minilm,all,winlose,GRPO_K0,6,reflection opener,-0.0552,-0.5366,0.4145
minilm,all,winlose,GRPO_K0,6,advice,0.1618,-0.4039,0.6668
minilm,all,winlose,GRPO_K0,6,list preamble,-0.3225,-1.2076,0.7227
minilm,all,winlose,GRPO_K5,6,praise,0.4935,-0.0162,0.9105
minilm,all,winlose,GRPO_K5,6,thanks,-0.3864,-0.8338,0.1034
minilm,all,winlose,GRPO_K5,6,agreement,-0.1223,-0.6368,0.4055
minilm,all,winlose,GRPO_K5,6,question,0.7725,0.4062,1.0014
minilm,all,winlose,GRPO_K5,6,reflection opener,0.4348,-0.0001,0.784
minilm,all,winlose,GRPO_K5,6,advice,0.525,-0.071,0.9867
minilm,all,winlose,GRPO_K5,6,list preamble,-0.4841,-1.0642,0.1719
minilm,all,winlose,K0-K5,6,praise,0.9487,0.2856,1.405
minilm,all,winlose,K0-K5,6,thanks,1.3012,0.5541,1.866
minilm,all,winlose,K0-K5,6,agreement,-0.1581,-0.9183,0.5425
minilm,all,winlose,K0-K5,6,question,-0.9625,-1.5001,-0.3055
minilm,all,winlose,K0-K5,6,reflection opener,-0.4901,-1.0513,0.2119
minilm,all,winlose,K0-K5,6,advice,-0.3632,-1.0545,0.3504
minilm,all,winlose,K0-K5,6,list preamble,0.1617,-0.888,1.2726
minilm,all,winlose,GRPO_K0,7,praise,1.2901,0.9166,1.4842
minilm,all,winlose,GRPO_K0,7,thanks,0.5966,0.1517,0.9577
minilm,all,winlose,GRPO_K0,7,agreement,-0.3926,-0.6726,0.1854
minilm,all,winlose,GRPO_K0,7,question,0.3075,-0.3044,0.6093
minilm,all,winlose,GRPO_K0,7,reflection opener,0.2347,-0.2053,0.4673
minilm,all,winlose,GRPO_K0,7,advice,0.2504,-0.2493,0.583
minilm,all,winlose,GRPO_K0,7,list preamble,-0.4918,-0.917,0.1381
minilm,all,winlose,GRPO_K5,7,praise,0.6504,-0.2245,1.1268
minilm,all,winlose,GRPO_K5,7,thanks,0.9075,0.1433,1.2357
minilm,all,winlose,GRPO_K5,7,agreement,-0.3649,-0.9126,0.3387
minilm,all,winlose,GRPO_K5,7,question,0.4577,0.0014,0.7659
minilm,all,winlose,GRPO_K5,7,reflection opener,0.5737,0.0588,0.9107
minilm,all,winlose,GRPO_K5,7,advice,-0.2822,-0.8525,0.4124
minilm,all,winlose,GRPO_K5,7,list preamble,-0.7246,-1.2803,0.1669
minilm,all,winlose,K0-K5,7,praise,0.6397,0.1199,1.481
minilm,all,winlose,K0-K5,7,thanks,-0.311,-0.8535,0.4658
minilm,all,winlose,K0-K5,7,agreement,-0.0277,-0.7697,0.7405
minilm,all,winlose,K0-K5,7,question,-0.1502,-0.839,0.4592
minilm,all,winlose,K0-K5,7,reflection opener,-0.339,-0.8433,0.2434
minilm,all,winlose,K0-K5,7,advice,0.5326,-0.261,1.1451
minilm,all,winlose,K0-K5,7,list preamble,0.2328,-0.7088,0.9466
minilm,all,winlose,GRPO_K0,8,praise,1.4757,1.2145,1.6018
minilm,all,winlose,GRPO_K0,8,thanks,1.0098,0.5564,1.3234
minilm,all,winlose,GRPO_K0,8,agreement,-0.5531,-0.8699,-0.1775
minilm,all,winlose,GRPO_K0,8,question,0.3534,0.0633,0.547
minilm,all,winlose,GRPO_K0,8,reflection opener,0.1015,-0.2312,0.2893
minilm,all,winlose,GRPO_K0,8,advice,0.1602,-0.244,0.5691
minilm,all,winlose,GRPO_K0,8,list preamble,-0.5334,-0.939,0.108
minilm,all,winlose,GRPO_K5,8,praise,0.81,-0.1357,1.2604
minilm,all,winlose,GRPO_K5,8,thanks,0.696,-0.1645,1.1069
minilm,all,winlose,GRPO_K5,8,agreement,0.5188,-0.3099,1.0514
minilm,all,winlose,GRPO_K5,8,question,0.5188,0.0073,0.7667
minilm,all,winlose,GRPO_K5,8,reflection opener,0.4943,-0.1633,0.8633
minilm,all,winlose,GRPO_K5,8,advice,-0.5439,-1.0432,0.265
minilm,all,winlose,GRPO_K5,8,list preamble,-1.4353,-1.7304,-0.4662
minilm,all,winlose,K0-K5,8,praise,0.6657,0.1383,1.5439
minilm,all,winlose,K0-K5,8,thanks,0.3139,-0.2851,1.163
minilm,all,winlose,K0-K5,8,agreement,-1.0719,-1.7542,-0.1585
minilm,all,winlose,K0-K5,8,question,-0.1654,-0.5109,0.3895
minilm,all,winlose,K0-K5,8,reflection opener,-0.3928,-0.8959,0.2211
minilm,all,winlose,K0-K5,8,advice,0.7041,-0.2189,1.3542
minilm,all,winlose,K0-K5,8,list preamble,0.9019,-0.2166,1.4974
minilm,all,winlose,GRPO_K0,9,praise,-0.7246,-1.0028,-0.2964
minilm,all,winlose,GRPO_K0,9,thanks,-0.0223,-0.3793,0.5217
minilm,all,winlose,GRPO_K0,9,agreement,1.111,0.7867,1.3648
minilm,all,winlose,GRPO_K0,9,question,-0.9093,-1.0732,-0.6775
minilm,all,winlose,GRPO_K0,9,reflection opener,-0.4672,-0.6272,-0.2506
minilm,all,winlose,GRPO_K0,9,advice,-0.6459,-1.0662,-0.2288
minilm,all,winlose,GRPO_K0,9,list preamble,0.0996,-0.5374,0.6379
minilm,all,winlose,GRPO_K5,9,praise,0.1239,-0.4601,0.7989
minilm,all,winlose,GRPO_K5,9,thanks,-0.5496,-0.9428,0.377
minilm,all,winlose,GRPO_K5,9,agreement,-0.419,-1.125,0.5166
minilm,all,winlose,GRPO_K5,9,question,0.3556,-0.0469,0.6216
minilm,all,winlose,GRPO_K5,9,reflection opener,0.1136,-0.4593,0.8123
minilm,all,winlose,GRPO_K5,9,advice,0.476,-0.6809,1.1473
minilm,all,winlose,GRPO_K5,9,list preamble,-0.0041,-1.2762,0.9098
minilm,all,winlose,K0-K5,9,praise,-0.8485,-1.5733,-0.0885
minilm,all,winlose,K0-K5,9,thanks,0.5274,-0.4652,1.1477
minilm,all,winlose,K0-K5,9,agreement,1.5301,0.5605,2.2647
minilm,all,winlose,K0-K5,9,question,-1.2649,-1.6038,-0.7542
minilm,all,winlose,K0-K5,9,reflection opener,-0.5808,-1.247,0.0216
minilm,all,winlose,K0-K5,9,advice,-1.1219,-1.8093,0.0905
minilm,all,winlose,K0-K5,9,list preamble,0.1037,-0.9967,1.4627
minilm,all,winlose,GRPO_K0,10,praise,1.341,1.2019,1.4412
minilm,all,winlose,GRPO_K0,10,thanks,1.6156,1.4393,1.7241
minilm,all,winlose,GRPO_K0,10,agreement,-0.1393,-0.3342,0.0408
minilm,all,winlose,GRPO_K0,10,question,0.0693,-0.0611,0.2301
minilm,all,winlose,GRPO_K0,10,reflection opener,0.124,0.0011,0.2363
minilm,all,winlose,GRPO_K0,10,advice,-0.8199,-0.989,-0.6179
minilm,all,winlose,GRPO_K0,10,list preamble,-1.2944,-1.4438,-1.1055
minilm,all,winlose,GRPO_K5,10,praise,0.6404,-0.34,1.2006
minilm,all,winlose,GRPO_K5,10,thanks,-0.1958,-0.8392,0.6852
minilm,all,winlose,GRPO_K5,10,agreement,-0.6964,-1.1388,0.3037
minilm,all,winlose,GRPO_K5,10,question,0.4468,-0.0477,0.7348
minilm,all,winlose,GRPO_K5,10,reflection opener,-0.4822,-0.8804,0.2584
minilm,all,winlose,GRPO_K5,10,advice,0.7436,-0.4969,1.253
minilm,all,winlose,GRPO_K5,10,list preamble,0.5942,-0.569,1.1449
minilm,all,winlose,K0-K5,10,praise,0.7006,0.0951,1.6753
minilm,all,winlose,K0-K5,10,thanks,1.8114,0.8836,2.4688
minilm,all,winlose,K0-K5,10,agreement,0.5571,-0.4994,1.0383
minilm,all,winlose,K0-K5,10,question,-0.3775,-0.6854,0.1571
minilm,all,winlose,K0-K5,10,reflection opener,0.6062,-0.1381,1.0107
minilm,all,winlose,K0-K5,10,advice,-1.5635,-2.0696,-0.3287
minilm,all,winlose,K0-K5,10,list preamble,-1.8886,-2.4306,-0.694
minilm,all,advw,GRPO_K0,1,praise,0.6661,0.4195,0.8345
minilm,all,advw,GRPO_K0,1,thanks,0.1145,-0.164,0.3917
minilm,all,advw,GRPO_K0,1,agreement,-0.2431,-0.4897,0.0098
minilm,all,advw,GRPO_K0,1,question,0.1515,-0.1253,0.333
minilm,all,advw,GRPO_K0,1,reflection opener,0.3229,0.1623,0.456
minilm,all,advw,GRPO_K0,1,advice,0.9578,0.7341,1.1658
minilm,all,advw,GRPO_K0,1,list preamble,0.2557,-0.0619,0.6009
minilm,all,advw,GRPO_K5,1,praise,0.5617,0.2412,0.8051
minilm,all,advw,GRPO_K5,1,thanks,-0.1763,-0.494,0.169
minilm,all,advw,GRPO_K5,1,agreement,-0.1588,-0.4072,0.1252
minilm,all,advw,GRPO_K5,1,question,0.4002,0.1209,0.6306
minilm,all,advw,GRPO_K5,1,reflection opener,0.3655,0.0342,0.6671
minilm,all,advw,GRPO_K5,1,advice,0.8813,0.5747,1.1012
minilm,all,advw,GRPO_K5,1,list preamble,0.2169,-0.2766,0.6374
minilm,all,advw,K0-K5,1,praise,0.1044,-0.1688,0.4207
minilm,all,advw,K0-K5,1,thanks,0.2908,-0.0433,0.6252
minilm,all,advw,K0-K5,1,agreement,-0.0843,-0.5297,0.3058
minilm,all,advw,K0-K5,1,question,-0.2487,-0.5478,0.0973
minilm,all,advw,K0-K5,1,reflection opener,-0.0426,-0.383,0.2873
minilm,all,advw,K0-K5,1,advice,0.0764,-0.2513,0.4511
minilm,all,advw,K0-K5,1,list preamble,0.0388,-0.509,0.6155
minilm,all,advw,GRPO_K0,2,praise,0.8136,0.5777,1.0099
minilm,all,advw,GRPO_K0,2,thanks,0.1808,-0.0668,0.4464
minilm,all,advw,GRPO_K0,2,agreement,-0.4264,-0.6376,-0.1738
minilm,all,advw,GRPO_K0,2,question,0.2443,0.0084,0.463
minilm,all,advw,GRPO_K0,2,reflection opener,0.196,-0.1161,0.4757
minilm,all,advw,GRPO_K0,2,advice,1.0023,0.6702,1.211
minilm,all,advw,GRPO_K0,2,list preamble,0.3203,-0.1391,0.7094
minilm,all,advw,GRPO_K5,2,praise,0.5425,0.2562,0.7823
minilm,all,advw,GRPO_K5,2,thanks,-0.1252,-0.4008,0.204
minilm,all,advw,GRPO_K5,2,agreement,-0.3367,-0.5656,-0.0816
minilm,all,advw,GRPO_K5,2,question,0.3829,0.1409,0.615
minilm,all,advw,GRPO_K5,2,reflection opener,0.5326,0.2846,0.7914
minilm,all,advw,GRPO_K5,2,advice,0.8822,0.5754,1.1629
minilm,all,advw,GRPO_K5,2,list preamble,0.0392,-0.4327,0.5562
minilm,all,advw,K0-K5,2,praise,0.2711,-0.0749,0.6038
minilm,all,advw,K0-K5,2,thanks,0.306,-0.0702,0.6318
minilm,all,advw,K0-K5,2,agreement,-0.0898,-0.436,0.2661
minilm,all,advw,K0-K5,2,question,-0.1385,-0.4848,0.1931
minilm,all,advw,K0-K5,2,reflection opener,-0.3367,-0.7757,0.0966
minilm,all,advw,K0-K5,2,advice,0.1201,-0.3322,0.5179
minilm,all,advw,K0-K5,2,list preamble,0.2811,-0.4665,0.905
minilm,all,advw,GRPO_K0,3,praise,0.9707,0.8185,1.091
minilm,all,advw,GRPO_K0,3,thanks,0.1352,-0.033,0.3147
minilm,all,advw,GRPO_K0,3,agreement,-0.4709,-0.6169,-0.2664
minilm,all,advw,GRPO_K0,3,question,0.3822,0.2481,0.506
minilm,all,advw,GRPO_K0,3,reflection opener,0.3834,0.2071,0.5886
minilm,all,advw,GRPO_K0,3,advice,0.8048,0.6203,0.9568
minilm,all,advw,GRPO_K0,3,list preamble,0.1103,-0.2076,0.3751
minilm,all,advw,GRPO_K5,3,praise,0.546,0.3112,0.7606
minilm,all,advw,GRPO_K5,3,thanks,-0.3907,-0.5938,-0.1676
minilm,all,advw,GRPO_K5,3,agreement,-0.4491,-0.6141,-0.2625
minilm,all,advw,GRPO_K5,3,question,0.474,0.287,0.6555
minilm,all,advw,GRPO_K5,3,reflection opener,0.4046,0.1714,0.624
minilm,all,advw,GRPO_K5,3,advice,0.934,0.6867,1.1208
minilm,all,advw,GRPO_K5,3,list preamble,0.0541,-0.3258,0.4256
minilm,all,advw,K0-K5,3,praise,0.4247,0.1899,0.6434
minilm,all,advw,K0-K5,3,thanks,0.5259,0.2692,0.7657
minilm,all,advw,K0-K5,3,agreement,-0.0218,-0.2403,0.2041
minilm,all,advw,K0-K5,3,question,-0.0917,-0.2844,0.1195
minilm,all,advw,K0-K5,3,reflection opener,-0.0212,-0.2912,0.2968
minilm,all,advw,K0-K5,3,advice,-0.1292,-0.3835,0.1351
minilm,all,advw,K0-K5,3,list preamble,0.0563,-0.3778,0.4344
minilm,all,advw,GRPO_K0,4,praise,1.2802,1.0897,1.4047
minilm,all,advw,GRPO_K0,4,thanks,0.5157,0.2416,0.7114
minilm,all,advw,GRPO_K0,4,agreement,-0.022,-0.2577,0.2377
minilm,all,advw,GRPO_K0,4,question,-0.0241,-0.2221,0.2133
minilm,all,advw,GRPO_K0,4,reflection opener,0.4734,0.1988,0.707
minilm,all,advw,GRPO_K0,4,advice,0.3041,-0.0196,0.5956
minilm,all,advw,GRPO_K0,4,list preamble,-0.4159,-0.8268,0.0042
minilm,all,advw,GRPO_K5,4,praise,0.7828,0.6141,0.9176
minilm,all,advw,GRPO_K5,4,thanks,0.0201,-0.1882,0.2138
minilm,all,advw,GRPO_K5,4,agreement,-0.2913,-0.4266,-0.1243
minilm,all,advw,GRPO_K5,4,question,0.4511,0.3233,0.5774
minilm,all,advw,GRPO_K5,4,reflection opener,0.4507,0.3028,0.5887
minilm,all,advw,GRPO_K5,4,advice,0.497,0.2815,0.7008
minilm,all,advw,GRPO_K5,4,list preamble,-0.4709,-0.7417,-0.1852
minilm,all,advw,K0-K5,4,praise,0.4973,0.2871,0.6899
minilm,all,advw,K0-K5,4,thanks,0.4956,0.183,0.7417
minilm,all,advw,K0-K5,4,agreement,0.2693,-0.0363,0.55
minilm,all,advw,K0-K5,4,question,-0.4752,-0.7169,-0.212
minilm,all,advw,K0-K5,4,reflection opener,0.0226,-0.3277,0.3647
minilm,all,advw,K0-K5,4,advice,-0.193,-0.593,0.2027
minilm,all,advw,K0-K5,4,list preamble,0.0549,-0.4974,0.5782
minilm,all,advw,GRPO_K0,5,praise,1.3023,0.9077,1.4897
minilm,all,advw,GRPO_K0,5,thanks,0.4374,0.0142,0.749
minilm,all,advw,GRPO_K0,5,agreement,-0.8034,-1.0089,-0.4358
minilm,all,advw,GRPO_K0,5,question,-0.0009,-0.4187,0.321
minilm,all,advw,GRPO_K0,5,reflection opener,0.0347,-0.4375,0.3752
minilm,all,advw,GRPO_K0,5,advice,0.5856,0.1117,1.0019
minilm,all,advw,GRPO_K0,5,list preamble,0.3674,-0.3866,1.2646
minilm,all,advw,GRPO_K5,5,praise,0.5652,0.2148,0.8648
minilm,all,advw,GRPO_K5,5,thanks,-0.0878,-0.4124,0.2335
minilm,all,advw,GRPO_K5,5,agreement,-0.069,-0.3682,0.2538
minilm,all,advw,GRPO_K5,5,question,0.6122,0.4247,0.7509
minilm,all,advw,GRPO_K5,5,reflection opener,0.468,0.2409,0.6452
minilm,all,advw,GRPO_K5,5,advice,0.2941,-0.049,0.6088
minilm,all,advw,GRPO_K5,5,list preamble,-0.7649,-1.1175,-0.3343
minilm,all,advw,K0-K5,5,praise,0.7371,0.1828,1.1366
minilm,all,advw,K0-K5,5,thanks,0.5252,0.0499,0.973
minilm,all,advw,K0-K5,5,agreement,-0.7344,-1.1183,-0.2775
minilm,all,advw,K0-K5,5,question,-0.6131,-1.0621,-0.234
minilm,all,advw,K0-K5,5,reflection opener,-0.4334,-0.8541,-0.0528
minilm,all,advw,K0-K5,5,advice,0.2915,-0.2725,0.7883
minilm,all,advw,K0-K5,5,list preamble,1.1324,0.1946,2.0018
minilm,all,advw,GRPO_K0,6,praise,1.4584,0.9959,1.5856
minilm,all,advw,GRPO_K0,6,thanks,0.8987,0.4378,1.1883
minilm,all,advw,GRPO_K0,6,agreement,-0.3943,-0.7789,0.1625
minilm,all,advw,GRPO_K0,6,question,0.0424,-0.5099,0.4601
minilm,all,advw,GRPO_K0,6,reflection opener,0.0035,-0.5197,0.4245
minilm,all,advw,GRPO_K0,6,advice,0.1799,-0.3002,0.5808
minilm,all,advw,GRPO_K0,6,list preamble,-0.4575,-1.2232,0.5061
minilm,all,advw,GRPO_K5,6,praise,0.4618,-0.0048,0.8185
minilm,all,advw,GRPO_K5,6,thanks,-0.3264,-0.7237,0.1277
minilm,all,advw,GRPO_K5,6,agreement,0.0254,-0.4543,0.5473
minilm,all,advw,GRPO_K5,6,question,0.7877,0.4122,1.0518
minilm,all,advw,GRPO_K5,6,reflection opener,0.4896,0.1256,0.8038
minilm,all,advw,GRPO_K5,6,advice,0.3468,-0.2655,0.8336
minilm,all,advw,GRPO_K5,6,list preamble,-0.6504,-1.1976,-0.0217
minilm,all,advw,K0-K5,6,praise,0.9966,0.4351,1.4005
minilm,all,advw,K0-K5,6,thanks,1.2252,0.6053,1.6354
minilm,all,advw,K0-K5,6,agreement,-0.4197,-1.0817,0.2705
minilm,all,advw,K0-K5,6,question,-0.7453,-1.3479,-0.1194
minilm,all,advw,K0-K5,6,reflection opener,-0.4861,-1.1341,0.1387
minilm,all,advw,K0-K5,6,advice,-0.1669,-0.8257,0.5127
minilm,all,advw,K0-K5,6,list preamble,0.1929,-0.7254,1.312
minilm,all,advw,GRPO_K0,7,praise,1.3378,1.0085,1.5253
minilm,all,advw,GRPO_K0,7,thanks,0.6659,0.2824,0.9862
minilm,all,advw,GRPO_K0,7,agreement,-0.4204,-0.6809,0.1067
minilm,all,advw,GRPO_K0,7,question,0.2738,-0.3745,0.5855
minilm,all,advw,GRPO_K0,7,reflection opener,0.2513,-0.1762,0.493
minilm,all,advw,GRPO_K0,7,advice,0.2108,-0.2505,0.517
minilm,all,advw,GRPO_K0,7,list preamble,-0.5697,-0.9875,0.0319
minilm,all,advw,GRPO_K5,7,praise,0.6542,0.0019,1.0669
minilm,all,advw,GRPO_K5,7,thanks,0.9234,0.2616,1.237
minilm,all,advw,GRPO_K5,7,agreement,-0.3699,-0.8362,0.2239
minilm,all,advw,GRPO_K5,7,question,0.5014,0.1009,0.7953
minilm,all,advw,GRPO_K5,7,reflection opener,0.6414,0.1988,0.9945
minilm,all,advw,GRPO_K5,7,advice,-0.4401,-0.9411,0.1839
minilm,all,advw,GRPO_K5,7,list preamble,-0.8081,-1.2934,-0.0149
minilm,all,advw,K0-K5,7,praise,0.6836,0.1932,1.3604
minilm,all,advw,K0-K5,7,thanks,-0.2575,-0.6996,0.4049
minilm,all,advw,K0-K5,7,agreement,-0.0504,-0.6946,0.6231
minilm,all,advw,K0-K5,7,question,-0.2276,-0.8958,0.3139
minilm,all,advw,K0-K5,7,reflection opener,-0.3901,-0.9754,0.1692
minilm,all,advw,K0-K5,7,advice,0.6509,-0.0548,1.1921
minilm,all,advw,K0-K5,7,list preamble,0.2383,-0.595,1.0061
minilm,all,advw,GRPO_K0,8,praise,1.4327,1.1725,1.5679
minilm,all,advw,GRPO_K0,8,thanks,1.0215,0.5768,1.3231
minilm,all,advw,GRPO_K0,8,agreement,-0.5835,-0.9065,-0.2217
minilm,all,advw,GRPO_K0,8,question,0.4285,0.1529,0.6066
minilm,all,advw,GRPO_K0,8,reflection opener,0.155,-0.1981,0.3448
minilm,all,advw,GRPO_K0,8,advice,0.0981,-0.2939,0.5357
minilm,all,advw,GRPO_K0,8,list preamble,-0.5794,-0.9704,0.1186
minilm,all,advw,GRPO_K5,8,praise,0.9617,0.0229,1.3267
minilm,all,advw,GRPO_K5,8,thanks,0.7783,-0.139,1.1995
minilm,all,advw,GRPO_K5,8,agreement,0.3543,-0.4261,1.0185
minilm,all,advw,GRPO_K5,8,question,0.3133,-0.2036,0.617
minilm,all,advw,GRPO_K5,8,reflection opener,0.6296,0.0048,1.0031
minilm,all,advw,GRPO_K5,8,advice,-0.4233,-1.0753,0.4255
minilm,all,advw,GRPO_K5,8,list preamble,-1.0657,-1.6198,-0.0052
minilm,all,advw,K0-K5,8,praise,0.4709,0.0595,1.3581
minilm,all,advw,K0-K5,8,thanks,0.2432,-0.3137,1.1143
minilm,all,advw,K0-K5,8,agreement,-0.9378,-1.7063,-0.0367
minilm,all,advw,K0-K5,8,question,0.1151,-0.26,0.6876
minilm,all,advw,K0-K5,8,reflection opener,-0.4746,-0.9732,0.1327
minilm,all,advw,K0-K5,8,advice,0.5213,-0.4258,1.2735
minilm,all,advw,K0-K5,8,list preamble,0.4863,-0.6644,1.3553
minilm,all,advw,GRPO_K0,9,praise,-0.6653,-0.9602,-0.2144
minilm,all,advw,GRPO_K0,9,thanks,-0.0219,-0.4332,0.5716
minilm,all,advw,GRPO_K0,9,agreement,1.0694,0.7122,1.3491
minilm,all,advw,GRPO_K0,9,question,-0.9985,-1.1578,-0.7651
minilm,all,advw,GRPO_K0,9,reflection opener,-0.523,-0.6829,-0.2727
minilm,all,advw,GRPO_K0,9,advice,-0.5807,-1.0053,-0.1247
minilm,all,advw,GRPO_K0,9,list preamble,0.2093,-0.443,0.7271
minilm,all,advw,GRPO_K5,9,praise,0.0504,-0.6035,0.7508
minilm,all,advw,GRPO_K5,9,thanks,-0.4955,-0.9845,0.5089
minilm,all,advw,GRPO_K5,9,agreement,-0.3904,-1.1094,0.5732
minilm,all,advw,GRPO_K5,9,question,0.4224,-0.0924,0.726
minilm,all,advw,GRPO_K5,9,reflection opener,0.4863,-0.2947,1.1292
minilm,all,advw,GRPO_K5,9,advice,0.528,-0.7293,1.2094
minilm,all,advw,GRPO_K5,9,list preamble,-0.0741,-1.3423,0.9499
minilm,all,advw,K0-K5,9,praise,-0.7157,-1.4512,-0.0023
minilm,all,advw,K0-K5,9,thanks,0.4736,-0.5025,1.1197
minilm,all,advw,K0-K5,9,agreement,1.4598,0.3294,2.137
minilm,all,advw,K0-K5,9,question,-1.4209,-1.7687,-0.811
minilm,all,advw,K0-K5,9,reflection opener,-1.0093,-1.6387,-0.2091
minilm,all,advw,K0-K5,9,advice,-1.1086,-1.8425,0.1388
minilm,all,advw,K0-K5,9,list preamble,0.2834,-0.9335,1.6248
minilm,all,advw,GRPO_K0,10,praise,1.3404,1.1819,1.4375
minilm,all,advw,GRPO_K0,10,thanks,1.5637,1.3462,1.6914
minilm,all,advw,GRPO_K0,10,agreement,-0.1879,-0.4337,0.0129
minilm,all,advw,GRPO_K0,10,question,0.1455,-0.0097,0.3404
minilm,all,advw,GRPO_K0,10,reflection opener,0.1305,0.0114,0.2512
minilm,all,advw,GRPO_K0,10,advice,-0.7641,-0.9652,-0.4991
minilm,all,advw,GRPO_K0,10,list preamble,-1.2983,-1.4443,-1.1129
minilm,all,advw,GRPO_K5,10,praise,0.9925,0.0144,1.4067
minilm,all,advw,GRPO_K5,10,thanks,0.1242,-0.624,0.8758
minilm,all,advw,GRPO_K5,10,agreement,-1.1406,-1.4256,-0.2138
minilm,all,advw,GRPO_K5,10,question,0.4455,-0.0293,0.6699
minilm,all,advw,GRPO_K5,10,reflection opener,-0.3838,-0.776,0.2368
minilm,all,advw,GRPO_K5,10,advice,0.7576,-0.3336,1.2433
minilm,all,advw,GRPO_K5,10,list preamble,0.5723,-0.5407,1.2261
minilm,all,advw,K0-K5,10,praise,0.3479,-0.1113,1.3368
minilm,all,advw,K0-K5,10,thanks,1.4396,0.6372,2.2461
minilm,all,advw,K0-K5,10,agreement,0.9528,-0.0408,1.2865
minilm,all,advw,K0-K5,10,question,-0.3,-0.5663,0.1987
minilm,all,advw,K0-K5,10,reflection opener,0.5142,-0.1223,0.9209
minilm,all,advw,K0-K5,10,advice,-1.5217,-2.0229,-0.4821
minilm,all,advw,K0-K5,10,list preamble,-1.8706,-2.4967,-0.7423
minilm,clean,winlose,GRPO_K0,1,praise,0.6586,0.2949,0.8997
minilm,clean,winlose,GRPO_K0,1,thanks,-0.0885,-0.5081,0.2968
minilm,clean,winlose,GRPO_K0,1,agreement,-0.5988,-0.8509,-0.2084
minilm,clean,winlose,GRPO_K0,1,question,0.197,-0.2609,0.4714
minilm,clean,winlose,GRPO_K0,1,reflection opener,0.3295,0.0364,0.5933
minilm,clean,winlose,GRPO_K0,1,advice,1.0716,0.7023,1.2917
minilm,clean,winlose,GRPO_K0,1,list preamble,0.6106,0.0974,1.0311
minilm,clean,winlose,GRPO_K5,1,praise,0.3012,-0.2384,0.7133
minilm,clean,winlose,GRPO_K5,1,thanks,-0.5092,-0.913,0.0185
minilm,clean,winlose,GRPO_K5,1,agreement,-0.3731,-0.6636,0.0075
minilm,clean,winlose,GRPO_K5,1,question,0.3905,-0.0357,0.7324
minilm,clean,winlose,GRPO_K5,1,reflection opener,-0.0537,-0.4912,0.397
minilm,clean,winlose,GRPO_K5,1,advice,0.9251,0.4401,1.1898
minilm,clean,winlose,GRPO_K5,1,list preamble,0.843,-0.0013,1.3533
minilm,clean,winlose,K0-K5,1,praise,0.3574,-0.149,0.8413
minilm,clean,winlose,K0-K5,1,thanks,0.4207,-0.1493,0.9326
minilm,clean,winlose,K0-K5,1,agreement,-0.2257,-0.7765,0.2894
minilm,clean,winlose,K0-K5,1,question,-0.1935,-0.6342,0.3286
minilm,clean,winlose,K0-K5,1,reflection opener,0.3832,-0.1373,0.7915
minilm,clean,winlose,K0-K5,1,advice,0.1466,-0.3272,0.6723
minilm,clean,winlose,K0-K5,1,list preamble,-0.2324,-1.0388,0.6618
minilm,clean,winlose,GRPO_K0,2,praise,0.6888,0.3642,0.9447
minilm,clean,winlose,GRPO_K0,2,thanks,0.0083,-0.3373,0.3868
minilm,clean,winlose,GRPO_K0,2,agreement,-0.7184,-0.9426,-0.3649
minilm,clean,winlose,GRPO_K0,2,question,0.2365,-0.0952,0.5304
minilm,clean,winlose,GRPO_K0,2,reflection opener,0.0288,-0.404,0.4374
minilm,clean,winlose,GRPO_K0,2,advice,1.112,0.6689,1.3501
minilm,clean,winlose,GRPO_K0,2,list preamble,0.8624,0.3481,1.2666
minilm,clean,winlose,GRPO_K5,2,praise,0.3413,-0.0844,0.6869
minilm,clean,winlose,GRPO_K5,2,thanks,-0.3235,-0.6727,0.1493
minilm,clean,winlose,GRPO_K5,2,agreement,-0.4923,-0.7842,-0.0624
minilm,clean,winlose,GRPO_K5,2,question,0.4188,0.0204,0.7522
minilm,clean,winlose,GRPO_K5,2,reflection opener,0.471,0.1156,0.7569
minilm,clean,winlose,GRPO_K5,2,advice,0.8753,0.4465,1.1812
minilm,clean,winlose,GRPO_K5,2,list preamble,0.1541,-0.4278,0.7495
minilm,clean,winlose,K0-K5,2,praise,0.3475,-0.1509,0.8609
minilm,clean,winlose,K0-K5,2,thanks,0.3318,-0.2542,0.8361
minilm,clean,winlose,K0-K5,2,agreement,-0.2261,-0.7039,0.2439
minilm,clean,winlose,K0-K5,2,question,-0.1824,-0.6708,0.337
minilm,clean,winlose,K0-K5,2,reflection opener,-0.4422,-0.9944,0.1221
minilm,clean,winlose,K0-K5,2,advice,0.2368,-0.2968,0.7408
minilm,clean,winlose,K0-K5,2,list preamble,0.7083,-0.1179,1.4357
minilm,clean,winlose,GRPO_K0,3,praise,1.0381,0.8524,1.1803
minilm,clean,winlose,GRPO_K0,3,thanks,0.139,-0.0758,0.3778
minilm,clean,winlose,GRPO_K0,3,agreement,-0.5327,-0.6986,-0.2823
minilm,clean,winlose,GRPO_K0,3,question,0.2767,0.0492,0.4531
minilm,clean,winlose,GRPO_K0,3,reflection opener,0.3257,0.1409,0.5647
minilm,clean,winlose,GRPO_K0,3,advice,0.7324,0.4999,0.9073
minilm,clean,winlose,GRPO_K0,3,list preamble,0.2199,-0.1473,0.5324
minilm,clean,winlose,GRPO_K5,3,praise,0.3082,0.0139,0.5907
minilm,clean,winlose,GRPO_K5,3,thanks,-0.6766,-0.8863,-0.3791
minilm,clean,winlose,GRPO_K5,3,agreement,-0.4879,-0.7161,-0.2155
minilm,clean,winlose,GRPO_K5,3,question,0.4621,0.2188,0.6727
minilm,clean,winlose,GRPO_K5,3,reflection opener,0.2722,0.0041,0.5359
minilm,clean,winlose,GRPO_K5,3,advice,0.9061,0.5574,1.1219
minilm,clean,winlose,GRPO_K5,3,list preamble,0.22,-0.2717,0.6278
minilm,clean,winlose,K0-K5,3,praise,0.7299,0.3977,1.0164
minilm,clean,winlose,K0-K5,3,thanks,0.8155,0.4449,1.1106
minilm,clean,winlose,K0-K5,3,agreement,-0.0448,-0.3347,0.2465
minilm,clean,winlose,K0-K5,3,question,-0.1853,-0.4599,0.1339
minilm,clean,winlose,K0-K5,3,reflection opener,0.0535,-0.2641,0.4006
minilm,clean,winlose,K0-K5,3,advice,-0.1737,-0.4631,0.2114
minilm,clean,winlose,K0-K5,3,list preamble,-0.0001,-0.5354,0.5156
minilm,clean,winlose,GRPO_K0,4,praise,1.1621,0.78,1.353
minilm,clean,winlose,GRPO_K0,4,thanks,0.4368,0.0223,0.7447
minilm,clean,winlose,GRPO_K0,4,agreement,0.1763,-0.1944,0.5467
minilm,clean,winlose,GRPO_K0,4,question,-0.1705,-0.4921,0.2276
minilm,clean,winlose,GRPO_K0,4,reflection opener,0.5231,0.092,0.8522
minilm,clean,winlose,GRPO_K0,4,advice,0.2047,-0.2812,0.6376
minilm,clean,winlose,GRPO_K0,4,list preamble,-0.274,-0.8641,0.4401
minilm,clean,winlose,GRPO_K5,4,praise,0.6506,0.3544,0.8799
minilm,clean,winlose,GRPO_K5,4,thanks,0.0589,-0.2751,0.3414
minilm,clean,winlose,GRPO_K5,4,agreement,-0.2874,-0.4935,-0.0404
minilm,clean,winlose,GRPO_K5,4,question,0.5143,0.3213,0.6918
minilm,clean,winlose,GRPO_K5,4,reflection opener,0.4429,0.215,0.6331
minilm,clean,winlose,GRPO_K5,4,advice,0.3643,0.0389,0.6668
minilm,clean,winlose,GRPO_K5,4,list preamble,-0.4485,-0.8311,0.0349
minilm,clean,winlose,K0-K5,4,praise,0.5116,0.0821,0.8471
minilm,clean,winlose,K0-K5,4,thanks,0.3779,-0.132,0.7847
minilm,clean,winlose,K0-K5,4,agreement,0.4636,-0.0254,0.8925
minilm,clean,winlose,K0-K5,4,question,-0.6849,-1.0504,-0.2555
minilm,clean,winlose,K0-K5,4,reflection opener,0.0803,-0.4567,0.5909
minilm,clean,winlose,K0-K5,4,advice,-0.1596,-0.7458,0.4182
minilm,clean,winlose,K0-K5,4,list preamble,0.1746,-0.6313,0.997
minilm,clean,winlose,GRPO_K0,5,praise,1.2117,0.7141,1.4206
minilm,clean,winlose,GRPO_K0,5,thanks,0.4053,-0.0684,0.7926
minilm,clean,winlose,GRPO_K0,5,agreement,-0.8432,-1.1064,-0.4105
minilm,clean,winlose,GRPO_K0,5,question,0.1706,-0.3784,0.5454
minilm,clean,winlose,GRPO_K0,5,reflection opener,0.0263,-0.5695,0.433
minilm,clean,winlose,GRPO_K0,5,advice,0.5865,-0.0391,1.0481
minilm,clean,winlose,GRPO_K0,5,list preamble,0.4678,-0.5066,1.6682
minilm,clean,winlose,GRPO_K5,5,praise,0.3126,-0.2336,0.8058
minilm,clean,winlose,GRPO_K5,5,thanks,-0.2827,-0.7404,0.2346
minilm,clean,winlose,GRPO_K5,5,agreement,0.1306,-0.3019,0.6186
minilm,clean,winlose,GRPO_K5,5,question,0.4919,0.1549,0.714
minilm,clean,winlose,GRPO_K5,5,reflection opener,0.1514,-0.2283,0.4634
minilm,clean,winlose,GRPO_K5,5,advice,0.1225,-0.3679,0.5777
minilm,clean,winlose,GRPO_K5,5,list preamble,-0.7266,-1.2565,-0.0751
minilm,clean,winlose,K0-K5,5,praise,0.8991,0.1674,1.4922
minilm,clean,winlose,K0-K5,5,thanks,0.688,0.0081,1.286
minilm,clean,winlose,K0-K5,5,agreement,-0.9737,-1.4423,-0.3831
minilm,clean,winlose,K0-K5,5,question,-0.3213,-0.8708,0.1922
minilm,clean,winlose,K0-K5,5,reflection opener,-0.1251,-0.683,0.3321
minilm,clean,winlose,K0-K5,5,advice,0.4641,-0.2482,1.107
minilm,clean,winlose,K0-K5,5,list preamble,1.1943,0.0552,2.4117
minilm,clean,winlose,GRPO_K0,6,praise,1.315,0.5026,1.494
minilm,clean,winlose,GRPO_K0,6,thanks,1.1276,0.4557,1.4119
minilm,clean,winlose,GRPO_K0,6,agreement,0.1591,-0.5516,0.9006
minilm,clean,winlose,GRPO_K0,6,question,-0.238,-0.8098,0.3337
minilm,clean,winlose,GRPO_K0,6,reflection opener,-0.0323,-0.6757,0.5478
minilm,clean,winlose,GRPO_K0,6,advice,-0.1676,-0.8315,0.5144
minilm,clean,winlose,GRPO_K0,6,list preamble,-0.6178,-1.5647,0.7614
minilm,clean,winlose,GRPO_K5,6,praise,0.2195,-0.3785,0.8474
minilm,clean,winlose,GRPO_K5,6,thanks,-0.6074,-1.0496,0.1196
minilm,clean,winlose,GRPO_K5,6,agreement,0.1367,-0.5484,0.8653
minilm,clean,winlose,GRPO_K5,6,question,0.5225,0.0357,0.8393
minilm,clean,winlose,GRPO_K5,6,reflection opener,0.0907,-0.3921,0.5594
minilm,clean,winlose,GRPO_K5,6,advice,0.3519,-0.404,0.8827
minilm,clean,winlose,GRPO_K5,6,list preamble,-0.4523,-1.135,0.3078
minilm,clean,winlose,K0-K5,6,praise,1.0956,0.0767,1.6408
minilm,clean,winlose,K0-K5,6,thanks,1.735,0.6533,2.2468
minilm,clean,winlose,K0-K5,6,agreement,0.0225,-1.001,0.977
minilm,clean,winlose,K0-K5,6,question,-0.7605,-1.4363,0.1314
minilm,clean,winlose,K0-K5,6,reflection opener,-0.1229,-0.8905,0.7611
minilm,clean,winlose,K0-K5,6,advice,-0.5194,-1.3931,0.4217
minilm,clean,winlose,K0-K5,6,list preamble,-0.1655,-1.397,1.2934
minilm,clean,winlose,GRPO_K0,7,praise,1.1252,0.6391,1.4515
minilm,clean,winlose,GRPO_K0,7,thanks,0.9661,0.4837,1.3692
minilm,clean,winlose,GRPO_K0,7,agreement,0.0551,-0.4075,0.7865
minilm,clean,winlose,GRPO_K0,7,question,0.3628,-0.1901,0.6816
minilm,clean,winlose,GRPO_K0,7,reflection opener,0.4124,-0.0548,0.6848
minilm,clean,winlose,GRPO_K0,7,advice,-0.1991,-0.8178,0.3084
minilm,clean,winlose,GRPO_K0,7,list preamble,-1.1765,-1.7181,-0.3541
minilm,clean,winlose,GRPO_K5,7,praise,0.4164,-0.5525,0.9742
minilm,clean,winlose,GRPO_K5,7,thanks,1.0344,0.0959,1.327
minilm,clean,winlose,GRPO_K5,7,agreement,-0.3186,-0.9349,0.4443
minilm,clean,winlose,GRPO_K5,7,question,0.3511,-0.1733,0.6774
minilm,clean,winlose,GRPO_K5,7,reflection opener,0.4844,-0.1328,0.8495
minilm,clean,winlose,GRPO_K5,7,advice,-0.5325,-1.0738,0.2636
minilm,clean,winlose,GRPO_K5,7,list preamble,-0.627,-1.2121,0.3313
minilm,clean,winlose,K0-K5,7,praise,0.7089,0.0216,1.6423
minilm,clean,winlose,K0-K5,7,thanks,-0.0683,-0.529,0.8761
minilm,clean,winlose,K0-K5,7,agreement,0.3737,-0.5109,1.3167
minilm,clean,winlose,K0-K5,7,question,0.0117,-0.6405,0.6766
minilm,clean,winlose,K0-K5,7,reflection opener,-0.0719,-0.626,0.5782
minilm,clean,winlose,K0-K5,7,advice,0.3334,-0.5781,0.8985
minilm,clean,winlose,K0-K5,7,list preamble,-0.5495,-1.612,0.3066
minilm,clean,winlose,GRPO_K0,8,praise,1.3774,1.0059,1.5082
minilm,clean,winlose,GRPO_K0,8,thanks,1.4428,0.8699,1.6482
minilm,clean,winlose,GRPO_K0,8,agreement,-0.0893,-0.7811,0.4282
minilm,clean,winlose,GRPO_K0,8,question,0.1182,-0.217,0.4082
minilm,clean,winlose,GRPO_K0,8,reflection opener,0.1095,-0.3822,0.3872
minilm,clean,winlose,GRPO_K0,8,advice,-0.506,-0.9004,0.2377
minilm,clean,winlose,GRPO_K0,8,list preamble,-0.9835,-1.423,0.034
minilm,clean,winlose,GRPO_K5,8,praise,0.6433,-0.2951,1.1887
minilm,clean,winlose,GRPO_K5,8,thanks,0.8482,-0.1148,1.2339
minilm,clean,winlose,GRPO_K5,8,agreement,0.8659,-0.1039,1.3148
minilm,clean,winlose,GRPO_K5,8,question,0.4049,-0.072,0.7002
minilm,clean,winlose,GRPO_K5,8,reflection opener,0.4159,-0.24,0.7906
minilm,clean,winlose,GRPO_K5,8,advice,-0.9919,-1.2761,-0.0088
minilm,clean,winlose,GRPO_K5,8,list preamble,-1.6497,-1.8036,-0.5311
minilm,clean,winlose,K0-K5,8,praise,0.7341,0.0717,1.5639
minilm,clean,winlose,K0-K5,8,thanks,0.5946,-0.0279,1.4644
minilm,clean,winlose,K0-K5,8,agreement,-0.9553,-1.7711,0.2184
minilm,clean,winlose,K0-K5,8,question,-0.2866,-0.6848,0.2409
minilm,clean,winlose,K0-K5,8,reflection opener,-0.3063,-0.856,0.306
minilm,clean,winlose,K0-K5,8,advice,0.4859,-0.5649,1.1981
minilm,clean,winlose,K0-K5,8,list preamble,0.6663,-0.4793,1.4063
minilm,clean,winlose,GRPO_K0,9,praise,-0.6943,-1.0067,-0.1502
minilm,clean,winlose,GRPO_K0,9,thanks,-0.0338,-0.4862,0.6341
minilm,clean,winlose,GRPO_K0,9,agreement,0.8522,0.4219,1.1999
minilm,clean,winlose,GRPO_K0,9,question,-0.9758,-1.1512,-0.7243
minilm,clean,winlose,GRPO_K0,9,reflection opener,-0.6087,-0.801,-0.3483
minilm,clean,winlose,GRPO_K0,9,advice,-0.54,-0.9703,-0.1314
minilm,clean,winlose,GRPO_K0,9,list preamble,0.4547,-0.2088,0.9641
minilm,clean,winlose,GRPO_K5,9,praise,-0.154,-0.7048,0.6868
minilm,clean,winlose,GRPO_K5,9,thanks,-0.6847,-1.0853,0.4177
minilm,clean,winlose,GRPO_K5,9,agreement,-0.2638,-1.139,0.7015
minilm,clean,winlose,GRPO_K5,9,question,0.2808,-0.1371,0.5941
minilm,clean,winlose,GRPO_K5,9,reflection opener,-0.1813,-0.6955,0.5987
minilm,clean,winlose,GRPO_K5,9,advice,0.289,-0.8985,1.0257
minilm,clean,winlose,GRPO_K5,9,list preamble,0.2341,-1.0677,1.1311
minilm,clean,winlose,K0-K5,9,praise,-0.5403,-1.4625,0.3324
minilm,clean,winlose,K0-K5,9,thanks,0.6509,-0.4938,1.3378
minilm,clean,winlose,K0-K5,9,agreement,1.116,0.0544,1.849
minilm,clean,winlose,K0-K5,9,question,-1.2566,-1.6116,-0.7112
minilm,clean,winlose,K0-K5,9,reflection opener,-0.4274,-1.2332,0.1854
minilm,clean,winlose,K0-K5,9,advice,-0.829,-1.5622,0.3345
minilm,clean,winlose,K0-K5,9,list preamble,0.2206,-0.7476,1.5351
minilm,clean,winlose,GRPO_K0,10,praise,1.1851,0.9722,1.3393
minilm,clean,winlose,GRPO_K0,10,thanks,1.6306,1.3797,1.7477
minilm,clean,winlose,GRPO_K0,10,agreement,0.0785,-0.194,0.3132
minilm,clean,winlose,GRPO_K0,10,question,0.0311,-0.1265,0.28
minilm,clean,winlose,GRPO_K0,10,reflection opener,0.1231,-0.0304,0.2708
minilm,clean,winlose,GRPO_K0,10,advice,-1.118,-1.2761,-0.8902
minilm,clean,winlose,GRPO_K0,10,list preamble,-1.3886,-1.5885,-1.1595
minilm,clean,winlose,GRPO_K5,10,praise,0.6264,-0.3877,1.2297
minilm,clean,winlose,GRPO_K5,10,thanks,-0.3243,-0.8899,0.6102
minilm,clean,winlose,GRPO_K5,10,agreement,-0.7541,-1.2095,0.3584
minilm,clean,winlose,GRPO_K5,10,question,0.291,-0.2197,0.6039
minilm,clean,winlose,GRPO_K5,10,reflection opener,-0.7512,-1.0669,0.1156
minilm,clean,winlose,GRPO_K5,10,advice,0.5977,-0.68,1.1662
minilm,clean,winlose,GRPO_K5,10,list preamble,0.648,-0.6405,1.2108
minilm,clean,winlose,K0-K5,10,praise,0.5587,-0.0951,1.5857
minilm,clean,winlose,K0-K5,10,thanks,1.9549,0.9636,2.617
minilm,clean,winlose,K0-K5,10,agreement,0.8326,-0.3123,1.3049
minilm,clean,winlose,K0-K5,10,question,-0.2599,-0.593,0.269
minilm,clean,winlose,K0-K5,10,reflection opener,0.8743,-0.008,1.1717
minilm,clean,winlose,K0-K5,10,advice,-1.7156,-2.2567,-0.456
minilm,clean,winlose,K0-K5,10,list preamble,-2.0366,-2.6379,-0.737
minilm,clean,advw,GRPO_K0,1,praise,0.6106,0.2394,0.9107
minilm,clean,advw,GRPO_K0,1,thanks,-0.0474,-0.452,0.3779
minilm,clean,advw,GRPO_K0,1,agreement,-0.5227,-0.8029,-0.1299
minilm,clean,advw,GRPO_K0,1,question,0.1093,-0.3578,0.4104
minilm,clean,advw,GRPO_K0,1,reflection opener,0.2382,-0.0529,0.475
minilm,clean,advw,GRPO_K0,1,advice,1.0444,0.674,1.2705
minilm,clean,advw,GRPO_K0,1,list preamble,0.6426,0.1698,1.0327
minilm,clean,advw,GRPO_K5,1,praise,0.2166,-0.3106,0.6475
minilm,clean,advw,GRPO_K5,1,thanks,-0.5805,-0.983,-0.0714
minilm,clean,advw,GRPO_K5,1,agreement,-0.3134,-0.6316,0.0839
minilm,clean,advw,GRPO_K5,1,question,0.3687,-0.0425,0.6998
minilm,clean,advw,GRPO_K5,1,reflection opener,0.001,-0.4576,0.465
minilm,clean,advw,GRPO_K5,1,advice,0.9188,0.4637,1.1861
minilm,clean,advw,GRPO_K5,1,list preamble,0.778,0.0374,1.2499
minilm,clean,advw,K0-K5,1,praise,0.394,-0.1019,0.9164
minilm,clean,advw,K0-K5,1,thanks,0.5332,0.0074,1.016
minilm,clean,advw,K0-K5,1,agreement,-0.2093,-0.8364,0.3818
minilm,clean,advw,K0-K5,1,question,-0.2594,-0.7422,0.2767
minilm,clean,advw,K0-K5,1,reflection opener,0.2372,-0.3108,0.6836
minilm,clean,advw,K0-K5,1,advice,0.1256,-0.3256,0.6596
minilm,clean,advw,K0-K5,1,list preamble,-0.1354,-0.84,0.6616
minilm,clean,advw,GRPO_K0,2,praise,0.8267,0.4898,1.0749
minilm,clean,advw,GRPO_K0,2,thanks,0.1699,-0.184,0.5281
minilm,clean,advw,GRPO_K0,2,agreement,-0.6197,-0.8512,-0.2936
minilm,clean,advw,GRPO_K0,2,question,0.1628,-0.1822,0.4521
minilm,clean,advw,GRPO_K0,2,reflection opener,-0.0054,-0.3785,0.3637
minilm,clean,advw,GRPO_K0,2,advice,1.0035,0.5491,1.241
minilm,clean,advw,GRPO_K0,2,list preamble,0.7078,0.1212,1.0924
minilm,clean,advw,GRPO_K5,2,praise,0.471,0.073,0.8018
minilm,clean,advw,GRPO_K5,2,thanks,-0.2439,-0.6522,0.2433
minilm,clean,advw,GRPO_K5,2,agreement,-0.4394,-0.6992,-0.0352
minilm,clean,advw,GRPO_K5,2,question,0.3444,-0.0094,0.6467
minilm,clean,advw,GRPO_K5,2,reflection opener,0.5011,0.1599,0.813
minilm,clean,advw,GRPO_K5,2,advice,0.7924,0.3962,1.1233
minilm,clean,advw,GRPO_K5,2,list preamble,0.044,-0.5159,0.638
minilm,clean,advw,K0-K5,2,praise,0.3557,-0.0869,0.7613
minilm,clean,advw,K0-K5,2,thanks,0.4138,-0.1687,0.9024
minilm,clean,advw,K0-K5,2,agreement,-0.1803,-0.646,0.2729
minilm,clean,advw,K0-K5,2,question,-0.1817,-0.6437,0.2991
minilm,clean,advw,K0-K5,2,reflection opener,-0.5065,-0.9866,0.043
minilm,clean,advw,K0-K5,2,advice,0.211,-0.3226,0.6857
minilm,clean,advw,K0-K5,2,list preamble,0.6638,-0.1831,1.4143
minilm,clean,advw,GRPO_K0,3,praise,1.0013,0.8154,1.1507
minilm,clean,advw,GRPO_K0,3,thanks,0.0958,-0.1051,0.3076
minilm,clean,advw,GRPO_K0,3,agreement,-0.5527,-0.7202,-0.3017
minilm,clean,advw,GRPO_K0,3,question,0.3426,0.1465,0.526
minilm,clean,advw,GRPO_K0,3,reflection opener,0.3146,0.0819,0.5783
minilm,clean,advw,GRPO_K0,3,advice,0.7936,0.5377,0.9705
minilm,clean,advw,GRPO_K0,3,list preamble,0.2908,-0.0997,0.5842
minilm,clean,advw,GRPO_K5,3,praise,0.4008,0.1067,0.666
minilm,clean,advw,GRPO_K5,3,thanks,-0.5973,-0.8109,-0.2996
minilm,clean,advw,GRPO_K5,3,agreement,-0.5617,-0.7603,-0.3192
minilm,clean,advw,GRPO_K5,3,question,0.5259,0.2879,0.7589
minilm,clean,advw,GRPO_K5,3,reflection opener,0.2809,-0.0027,0.5756
minilm,clean,advw,GRPO_K5,3,advice,0.9066,0.547,1.1275
minilm,clean,advw,GRPO_K5,3,list preamble,0.2406,-0.2583,0.6653
minilm,clean,advw,K0-K5,3,praise,0.6005,0.2774,0.8764
minilm,clean,advw,K0-K5,3,thanks,0.6932,0.3532,0.9744
minilm,clean,advw,K0-K5,3,agreement,0.009,-0.2347,0.2678
minilm,clean,advw,K0-K5,3,question,-0.1833,-0.4374,0.1198
minilm,clean,advw,K0-K5,3,reflection opener,0.0337,-0.3164,0.4315
minilm,clean,advw,K0-K5,3,advice,-0.113,-0.4207,0.2105
minilm,clean,advw,K0-K5,3,list preamble,0.0502,-0.5193,0.5232
minilm,clean,advw,GRPO_K0,4,praise,1.283,0.9508,1.4305
minilm,clean,advw,GRPO_K0,4,thanks,0.5741,0.1656,0.8535
minilm,clean,advw,GRPO_K0,4,agreement,0.2528,-0.1011,0.608
minilm,clean,advw,GRPO_K0,4,question,-0.2113,-0.5333,0.1865
minilm,clean,advw,GRPO_K0,4,reflection opener,0.4789,0.0768,0.8074
minilm,clean,advw,GRPO_K0,4,advice,0.1204,-0.3396,0.5424
minilm,clean,advw,GRPO_K0,4,list preamble,-0.3032,-0.8898,0.3369
minilm,clean,advw,GRPO_K5,4,praise,0.7192,0.4629,0.9213
minilm,clean,advw,GRPO_K5,4,thanks,0.0128,-0.2693,0.2979
minilm,clean,advw,GRPO_K5,4,agreement,-0.3153,-0.4951,-0.078
minilm,clean,advw,GRPO_K5,4,question,0.4953,0.3055,0.6585
minilm,clean,advw,GRPO_K5,4,reflection opener,0.3837,0.1847,0.5657
minilm,clean,advw,GRPO_K5,4,advice,0.4089,0.1101,0.684
minilm,clean,advw,GRPO_K5,4,list preamble,-0.3783,-0.7639,0.0203
minilm,clean,advw,K0-K5,4,praise,0.5638,0.2018,0.8191
minilm,clean,advw,K0-K5,4,thanks,0.5613,0.0906,0.91
minilm,clean,advw,K0-K5,4,agreement,0.5681,0.0957,0.9966
minilm,clean,advw,K0-K5,4,question,-0.7066,-1.0829,-0.2865
minilm,clean,advw,K0-K5,4,reflection opener,0.0952,-0.4136,0.5858
minilm,clean,advw,K0-K5,4,advice,-0.2885,-0.8622,0.3161
minilm,clean,advw,K0-K5,4,list preamble,0.075,-0.7415,0.9397
minilm,clean,advw,GRPO_K0,5,praise,1.2857,0.7039,1.4946
minilm,clean,advw,GRPO_K0,5,thanks,0.4861,-0.0231,0.8619
minilm,clean,advw,GRPO_K0,5,agreement,-0.8401,-1.099,-0.3044
minilm,clean,advw,GRPO_K0,5,question,-0.0145,-0.589,0.4109
minilm,clean,advw,GRPO_K0,5,reflection opener,-0.0476,-0.6567,0.4169
minilm,clean,advw,GRPO_K0,5,advice,0.5262,-0.1031,1.0187
minilm,clean,advw,GRPO_K0,5,list preamble,0.5474,-0.5433,1.6396
minilm,clean,advw,GRPO_K5,5,praise,0.2936,-0.1891,0.7509
minilm,clean,advw,GRPO_K5,5,thanks,-0.1738,-0.5921,0.2885
minilm,clean,advw,GRPO_K5,5,agreement,0.0919,-0.3644,0.5288
minilm,clean,advw,GRPO_K5,5,question,0.6066,0.3207,0.8103
minilm,clean,advw,GRPO_K5,5,reflection opener,0.3668,0.0553,0.6188
minilm,clean,advw,GRPO_K5,5,advice,0.0547,-0.4007,0.496
minilm,clean,advw,GRPO_K5,5,list preamble,-0.8203,-1.3145,-0.1661
minilm,clean,advw,K0-K5,5,praise,0.9921,0.2637,1.543
minilm,clean,advw,K0-K5,5,thanks,0.6598,0.0371,1.2164
minilm,clean,advw,K0-K5,5,agreement,-0.932,-1.4111,-0.2886
minilm,clean,advw,K0-K5,5,question,-0.6211,-1.1867,-0.0617
minilm,clean,advw,K0-K5,5,reflection opener,-0.4144,-0.9309,0.065
minilm,clean,advw,K0-K5,5,advice,0.4715,-0.2462,1.1025
minilm,clean,advw,K0-K5,5,list preamble,1.3678,0.1132,2.5713
minilm,clean,advw,GRPO_K0,6,praise,1.4091,0.6136,1.5486
minilm,clean,advw,GRPO_K0,6,thanks,1.0284,0.4035,1.3309
minilm,clean,advw,GRPO_K0,6,agreement,-0.1995,-0.7666,0.4928
minilm,clean,advw,GRPO_K0,6,question,-0.0448,-0.6961,0.5037
minilm,clean,advw,GRPO_K0,6,reflection opener,-0.1086,-0.7841,0.4952
minilm,clean,advw,GRPO_K0,6,advice,-0.0152,-0.6371,0.5557
minilm,clean,advw,GRPO_K0,6,list preamble,-0.5124,-1.3609,0.7745
minilm,clean,advw,GRPO_K5,6,praise,0.018,-0.5273,0.645
minilm,clean,advw,GRPO_K5,6,thanks,-0.559,-0.9867,0.1228
minilm,clean,advw,GRPO_K5,6,agreement,0.4244,-0.3066,1.0093
minilm,clean,advw,GRPO_K5,6,question,0.6144,0.1111,0.9508
minilm,clean,advw,GRPO_K5,6,reflection opener,0.2128,-0.2157,0.6488
minilm,clean,advw,GRPO_K5,6,advice,0.0282,-0.6853,0.6803
minilm,clean,advw,GRPO_K5,6,list preamble,-0.7434,-1.3248,0.0913
minilm,clean,advw,K0-K5,6,praise,1.3911,0.4043,1.8463
minilm,clean,advw,K0-K5,6,thanks,1.5874,0.6381,2.0441
minilm,clean,advw,K0-K5,6,agreement,-0.6238,-1.4622,0.3946
minilm,clean,advw,K0-K5,6,question,-0.6592,-1.4354,0.1959
minilm,clean,advw,K0-K5,6,reflection opener,-0.3215,-1.1356,0.5079
minilm,clean,advw,K0-K5,6,advice,-0.0434,-0.9525,0.8462
minilm,clean,advw,K0-K5,6,list preamble,0.231,-1.0052,1.6113
minilm,clean,advw,GRPO_K0,7,praise,1.0562,0.501,1.4024
minilm,clean,advw,GRPO_K0,7,thanks,0.9358,0.4024,1.3414
minilm,clean,advw,GRPO_K0,7,agreement,0.1429,-0.3405,0.8454
minilm,clean,advw,GRPO_K0,7,question,0.3749,-0.1985,0.7067
minilm,clean,advw,GRPO_K0,7,reflection opener,0.4374,-0.0561,0.7097
minilm,clean,advw,GRPO_K0,7,advice,-0.2051,-0.7994,0.2635
minilm,clean,advw,GRPO_K0,7,list preamble,-1.2649,-1.7525,-0.4049
minilm,clean,advw,GRPO_K5,7,praise,0.3525,-0.4347,0.8677
minilm,clean,advw,GRPO_K5,7,thanks,1.0759,0.3019,1.3586
minilm,clean,advw,GRPO_K5,7,agreement,-0.2514,-0.8686,0.4558
minilm,clean,advw,GRPO_K5,7,question,0.3756,-0.0614,0.7224
minilm,clean,advw,GRPO_K5,7,reflection opener,0.5707,0.0503,0.9548
minilm,clean,advw,GRPO_K5,7,advice,-0.8314,-1.2543,-0.103
minilm,clean,advw,GRPO_K5,7,list preamble,-0.7926,-1.2745,0.1756
minilm,clean,advw,K0-K5,7,praise,0.7037,0.029,1.5937
minilm,clean,advw,K0-K5,7,thanks,-0.1401,-0.7135,0.7154
minilm,clean,advw,K0-K5,7,agreement,0.3943,-0.448,1.309
minilm,clean,advw,K0-K5,7,question,-0.0007,-0.6613,0.6112
minilm,clean,advw,K0-K5,7,reflection opener,-0.1333,-0.6946,0.4484
minilm,clean,advw,K0-K5,7,advice,0.6263,-0.2383,1.1329
minilm,clean,advw,K0-K5,7,list preamble,-0.4723,-1.4152,0.4163
minilm,clean,advw,GRPO_K0,8,praise,1.3694,0.9185,1.5017
minilm,clean,advw,GRPO_K0,8,thanks,1.4242,0.779,1.6556
minilm,clean,advw,GRPO_K0,8,agreement,-0.1694,-0.9335,0.4117
minilm,clean,advw,GRPO_K0,8,question,0.1774,-0.1974,0.4909
minilm,clean,advw,GRPO_K0,8,reflection opener,0.0498,-0.5326,0.3627
minilm,clean,advw,GRPO_K0,8,advice,-0.47,-0.909,0.3467
minilm,clean,advw,GRPO_K0,8,list preamble,-0.9047,-1.4072,0.2163
minilm,clean,advw,GRPO_K5,8,praise,0.8273,-0.1841,1.3044
minilm,clean,advw,GRPO_K5,8,thanks,0.9575,-0.1433,1.32
minilm,clean,advw,GRPO_K5,8,agreement,0.6549,-0.3391,1.2583
minilm,clean,advw,GRPO_K5,8,question,0.147,-0.3558,0.5402
minilm,clean,advw,GRPO_K5,8,reflection opener,0.5441,-0.1652,0.9419
minilm,clean,advw,GRPO_K5,8,advice,-0.8432,-1.3005,0.2197
minilm,clean,advw,GRPO_K5,8,list preamble,-1.2408,-1.6856,0.0178
minilm,clean,advw,K0-K5,8,praise,0.5421,-0.0128,1.3649
minilm,clean,advw,K0-K5,8,thanks,0.4667,-0.1645,1.417
minilm,clean,advw,K0-K5,8,agreement,-0.8243,-1.8572,0.4323
minilm,clean,advw,K0-K5,8,question,0.0305,-0.5101,0.5729
minilm,clean,advw,K0-K5,8,reflection opener,-0.4943,-1.1336,0.2602
minilm,clean,advw,K0-K5,8,advice,0.3732,-0.7269,1.2208
minilm,clean,advw,K0-K5,8,list preamble,0.3361,-1.0037,1.3851
minilm,clean,advw,GRPO_K0,9,praise,-0.6821,-1.012,-0.1532
minilm,clean,advw,GRPO_K0,9,thanks,-0.0628,-0.5441,0.6019
minilm,clean,advw,GRPO_K0,9,agreement,0.8822,0.4608,1.246
minilm,clean,advw,GRPO_K0,9,question,-1.0149,-1.1865,-0.7537
minilm,clean,advw,GRPO_K0,9,reflection opener,-0.61,-0.8026,-0.3379
minilm,clean,advw,GRPO_K0,9,advice,-0.518,-0.9501,-0.1277
minilm,clean,advw,GRPO_K0,9,list preamble,0.4632,-0.1962,0.9424
minilm,clean,advw,GRPO_K5,9,praise,-0.2939,-0.8382,0.5771
minilm,clean,advw,GRPO_K5,9,thanks,-0.5935,-1.1119,0.6001
minilm,clean,advw,GRPO_K5,9,agreement,-0.2289,-1.092,0.78
minilm,clean,advw,GRPO_K5,9,question,0.2942,-0.2079,0.66
minilm,clean,advw,GRPO_K5,9,reflection opener,0.2126,-0.5555,0.9682
minilm,clean,advw,GRPO_K5,9,advice,0.257,-0.9065,1.071
minilm,clean,advw,GRPO_K5,9,list preamble,0.1537,-1.1805,1.2112
minilm,clean,advw,K0-K5,9,praise,-0.3882,-1.3551,0.3748
minilm,clean,advw,K0-K5,9,thanks,0.5307,-0.6306,1.2557
minilm,clean,advw,K0-K5,9,agreement,1.111,0.0296,1.8847
minilm,clean,advw,K0-K5,9,question,-1.3091,-1.6826,-0.6703
minilm,clean,advw,K0-K5,9,reflection opener,-0.8226,-1.5802,0.0269
minilm,clean,advw,K0-K5,9,advice,-0.7751,-1.587,0.4272
minilm,clean,advw,K0-K5,9,list preamble,0.3095,-0.8529,1.6865
minilm,clean,advw,GRPO_K0,10,praise,1.2073,0.9839,1.3468
minilm,clean,advw,GRPO_K0,10,thanks,1.6363,1.3537,1.7735
minilm,clean,advw,GRPO_K0,10,agreement,-0.0186,-0.3103,0.2323
minilm,clean,advw,GRPO_K0,10,question,0.0917,-0.0937,0.3994
minilm,clean,advw,GRPO_K0,10,reflection opener,0.1562,-0.0132,0.3196
minilm,clean,advw,GRPO_K0,10,advice,-1.0542,-1.2181,-0.8095
minilm,clean,advw,GRPO_K0,10,list preamble,-1.3329,-1.521,-1.0922
minilm,clean,advw,GRPO_K5,10,praise,0.9541,-0.0538,1.3894
minilm,clean,advw,GRPO_K5,10,thanks,0.0319,-0.6938,0.7988
minilm,clean,advw,GRPO_K5,10,agreement,-1.1827,-1.4672,-0.1668
minilm,clean,advw,GRPO_K5,10,question,0.317,-0.1535,0.6009
minilm,clean,advw,GRPO_K5,10,reflection opener,-0.5742,-0.9056,0.1134
minilm,clean,advw,GRPO_K5,10,advice,0.63,-0.4618,1.1598
minilm,clean,advw,GRPO_K5,10,list preamble,0.6553,-0.5323,1.271
minilm,clean,advw,K0-K5,10,praise,0.2532,-0.2005,1.2978
minilm,clean,advw,K0-K5,10,thanks,1.6045,0.7187,2.3905
minilm,clean,advw,K0-K5,10,agreement,1.1641,0.0804,1.4899
minilm,clean,advw,K0-K5,10,question,-0.2254,-0.5565,0.3168
minilm,clean,advw,K0-K5,10,reflection opener,0.7304,0.0091,1.0723
minilm,clean,advw,K0-K5,10,advice,-1.6843,-2.2349,-0.5727
minilm,clean,advw,K0-K5,10,list preamble,-1.9882,-2.6029,-0.7638
gte,all,winlose,GRPO_K0,1,praise,0.3317,0.0362,0.6071
gte,all,winlose,GRPO_K0,1,thanks,0.7005,0.2877,1.0522
gte,all,winlose,GRPO_K0,1,agreement,0.0107,-0.1846,0.2426
gte,all,winlose,GRPO_K0,1,question,0.5735,0.0887,0.8944
gte,all,winlose,GRPO_K0,1,reflection opener,0.5491,0.3417,0.7091
gte,all,winlose,GRPO_K0,1,advice,0.1582,-0.1382,0.4488
gte,all,winlose,GRPO_K0,1,list preamble,-1.1798,-1.4724,-0.793
gte,all,winlose,GRPO_K5,1,praise,0.1508,-0.2886,0.5957
gte,all,winlose,GRPO_K5,1,thanks,0.0677,-0.4758,0.5865
gte,all,winlose,GRPO_K5,1,agreement,-0.3635,-0.6749,0.0771
gte,all,winlose,GRPO_K5,1,question,0.5741,-0.1491,1.1395
gte,all,winlose,GRPO_K5,1,reflection opener,0.2715,-0.1997,0.6708
gte,all,winlose,GRPO_K5,1,advice,0.8536,0.3332,1.1441
gte,all,winlose,GRPO_K5,1,list preamble,-0.2798,-0.9402,0.2833
gte,all,winlose,K0-K5,1,praise,0.1809,-0.2722,0.6595
gte,all,winlose,K0-K5,1,thanks,0.6328,0.0289,1.2194
gte,all,winlose,K0-K5,1,agreement,0.3742,-0.1265,0.7443
gte,all,winlose,K0-K5,1,question,-0.0006,-0.6778,0.7258
gte,all,winlose,K0-K5,1,reflection opener,0.2776,-0.1373,0.7541
gte,all,winlose,K0-K5,1,advice,-0.6954,-1.0483,-0.1356
gte,all,winlose,K0-K5,1,list preamble,-0.9,-1.4717,-0.1621
gte,all,winlose,GRPO_K0,2,praise,-0.1778,-0.5399,0.255
gte,all,winlose,GRPO_K0,2,thanks,0.1873,-0.3201,0.6604
gte,all,winlose,GRPO_K0,2,agreement,-0.3002,-0.6157,0.1249
gte,all,winlose,GRPO_K0,2,question,0.7561,0.2127,1.2006
gte,all,winlose,GRPO_K0,2,reflection opener,0.2264,-0.1666,0.5773
gte,all,winlose,GRPO_K0,2,advice,1.0288,0.351,1.463
gte,all,winlose,GRPO_K0,2,list preamble,0.0721,-0.7553,0.8414
gte,all,winlose,GRPO_K5,2,praise,-0.2786,-0.5874,0.0852
gte,all,winlose,GRPO_K5,2,thanks,-0.0028,-0.3698,0.4971
gte,all,winlose,GRPO_K5,2,agreement,-0.4119,-0.6543,-0.0896
gte,all,winlose,GRPO_K5,2,question,0.5506,0.0633,0.9476
gte,all,winlose,GRPO_K5,2,reflection opener,0.3564,0.044,0.6144
gte,all,winlose,GRPO_K5,2,advice,0.9505,0.5243,1.1975
gte,all,winlose,GRPO_K5,2,list preamble,-0.0186,-0.5993,0.5273
gte,all,winlose,K0-K5,2,praise,0.1009,-0.4341,0.6523
gte,all,winlose,K0-K5,2,thanks,0.1902,-0.5126,0.8344
gte,all,winlose,K0-K5,2,agreement,0.1118,-0.3418,0.647
gte,all,winlose,K0-K5,2,question,0.2055,-0.514,0.8821
gte,all,winlose,K0-K5,2,reflection opener,-0.1299,-0.6285,0.3253
gte,all,winlose,K0-K5,2,advice,0.0783,-0.6403,0.7273
gte,all,winlose,K0-K5,2,list preamble,0.0908,-0.9347,1.1231
gte,all,winlose,GRPO_K0,3,praise,0.492,0.2322,0.7273
gte,all,winlose,GRPO_K0,3,thanks,0.5913,0.2651,0.8995
gte,all,winlose,GRPO_K0,3,agreement,0.0332,-0.3033,0.3642
gte,all,winlose,GRPO_K0,3,question,-0.1062,-0.5456,0.3456
gte,all,winlose,GRPO_K0,3,reflection opener,0.1884,-0.0426,0.4164
gte,all,winlose,GRPO_K0,3,advice,0.5623,0.1735,0.856
gte,all,winlose,GRPO_K0,3,list preamble,-0.4127,-0.8633,0.0267
gte,all,winlose,GRPO_K5,3,praise,-0.5432,-0.7398,-0.2595
gte,all,winlose,GRPO_K5,3,thanks,-0.4066,-0.7129,-0.0259
gte,all,winlose,GRPO_K5,3,agreement,-0.677,-0.8608,-0.415
gte,all,winlose,GRPO_K5,3,question,0.7455,0.2589,1.0594
gte,all,winlose,GRPO_K5,3,reflection opener,0.0841,-0.2547,0.3824
gte,all,winlose,GRPO_K5,3,advice,1.3186,1.0177,1.4765
gte,all,winlose,GRPO_K5,3,list preamble,0.5184,0.0598,0.8605
gte,all,winlose,K0-K5,3,praise,1.0352,0.6712,1.2889
gte,all,winlose,K0-K5,3,thanks,0.998,0.4175,1.4418
gte,all,winlose,K0-K5,3,agreement,0.7102,0.2857,1.0632
gte,all,winlose,K0-K5,3,question,-0.8517,-1.3471,-0.2314
gte,all,winlose,K0-K5,3,reflection opener,0.1043,-0.2733,0.5491
gte,all,winlose,K0-K5,3,advice,-0.7563,-1.1369,-0.3199
gte,all,winlose,K0-K5,3,list preamble,-0.9311,-1.4714,-0.3619
gte,all,winlose,GRPO_K0,4,praise,1.0078,0.7406,1.1969
gte,all,winlose,GRPO_K0,4,thanks,0.9058,0.6396,1.0708
gte,all,winlose,GRPO_K0,4,agreement,0.6051,0.3203,0.819
gte,all,winlose,GRPO_K0,4,question,-0.4492,-0.7495,-0.0129
gte,all,winlose,GRPO_K0,4,reflection opener,0.1481,-0.0243,0.3184
gte,all,winlose,GRPO_K0,4,advice,-0.2285,-0.537,0.1684
gte,all,winlose,GRPO_K0,4,list preamble,-0.9621,-1.2899,-0.4505
gte,all,winlose,GRPO_K5,4,praise,-0.0824,-0.4754,0.2741
gte,all,winlose,GRPO_K5,4,thanks,-0.208,-0.5857,0.1566
gte,all,winlose,GRPO_K5,4,agreement,-0.1145,-0.351,0.1681
gte,all,winlose,GRPO_K5,4,question,0.2582,-0.1609,0.6331
gte,all,winlose,GRPO_K5,4,reflection opener,0.0034,-0.1994,0.194
gte,all,winlose,GRPO_K5,4,advice,0.9673,0.6193,1.2467
gte,all,winlose,GRPO_K5,4,list preamble,-0.069,-0.3931,0.3296
gte,all,winlose,K0-K5,4,praise,1.0902,0.694,1.4612
gte,all,winlose,K0-K5,4,thanks,1.1138,0.653,1.4825
gte,all,winlose,K0-K5,4,agreement,0.7195,0.3156,1.0567
gte,all,winlose,K0-K5,4,question,-0.7074,-1.1643,-0.1426
gte,all,winlose,K0-K5,4,reflection opener,0.1447,-0.1509,0.4181
gte,all,winlose,K0-K5,4,advice,-1.1958,-1.6392,-0.6455
gte,all,winlose,K0-K5,4,list preamble,-0.8931,-1.4531,-0.2796
gte,all,winlose,GRPO_K0,5,praise,1.1397,0.4695,1.469
gte,all,winlose,GRPO_K0,5,thanks,0.6647,-0.0167,1.0942
gte,all,winlose,GRPO_K0,5,agreement,0.3474,-0.1941,0.8314
gte,all,winlose,GRPO_K0,5,question,-0.442,-0.98,0.1692
gte,all,winlose,GRPO_K0,5,reflection opener,-0.0041,-0.4055,0.2905
gte,all,winlose,GRPO_K0,5,advice,0.1004,-0.5416,0.9059
gte,all,winlose,GRPO_K0,5,list preamble,0.1177,-0.7402,1.3522
gte,all,winlose,GRPO_K5,5,praise,-0.4833,-0.9261,0.0755
gte,all,winlose,GRPO_K5,5,thanks,0.0004,-0.4433,0.4124
gte,all,winlose,GRPO_K5,5,agreement,-0.3439,-0.6248,0.0461
gte,all,winlose,GRPO_K5,5,question,0.6119,-0.0279,1.0499
gte,all,winlose,GRPO_K5,5,reflection opener,-0.0108,-0.39,0.3043
gte,all,winlose,GRPO_K5,5,advice,1.069,0.583,1.373
gte,all,winlose,GRPO_K5,5,list preamble,0.3048,-0.2306,0.8029
gte,all,winlose,K0-K5,5,praise,1.623,0.7106,2.1426
gte,all,winlose,K0-K5,5,thanks,0.6644,-0.1425,1.3422
gte,all,winlose,K0-K5,5,agreement,0.6913,0.0226,1.2751
gte,all,winlose,K0-K5,5,question,-1.0539,-1.7595,-0.1362
gte,all,winlose,K0-K5,5,reflection opener,0.0067,-0.4628,0.4674
gte,all,winlose,K0-K5,5,advice,-0.9687,-1.6268,-0.0923
gte,all,winlose,K0-K5,5,list preamble,-0.1871,-1.2956,1.1094
gte,all,winlose,GRPO_K0,6,praise,1.2111,0.6687,1.4448
gte,all,winlose,GRPO_K0,6,thanks,1.0319,0.4871,1.2972
gte,all,winlose,GRPO_K0,6,agreement,1.1748,0.6016,1.5692
gte,all,winlose,GRPO_K0,6,question,-0.335,-0.8156,0.339
gte,all,winlose,GRPO_K0,6,reflection opener,-0.0407,-0.3439,0.2287
gte,all,winlose,GRPO_K0,6,advice,-0.765,-1.151,-0.0677
gte,all,winlose,GRPO_K0,6,list preamble,-1.2928,-1.8047,-0.2398
gte,all,winlose,GRPO_K5,6,praise,-1.0117,-1.3233,-0.232
gte,all,winlose,GRPO_K5,6,thanks,-0.3522,-0.8195,0.377
gte,all,winlose,GRPO_K5,6,agreement,-0.0801,-0.573,0.5342
gte,all,winlose,GRPO_K5,6,question,1.4854,0.7118,1.7138
gte,all,winlose,GRPO_K5,6,reflection opener,0.2307,-0.1873,0.5558
gte,all,winlose,GRPO_K5,6,advice,0.5807,-0.0782,1.0157
gte,all,winlose,GRPO_K5,6,list preamble,-0.1223,-0.9397,0.6117
gte,all,winlose,K0-K5,6,praise,2.2228,1.1984,2.5835
gte,all,winlose,K0-K5,6,thanks,1.3842,0.5019,1.9052
gte,all,winlose,K0-K5,6,agreement,1.2548,0.4141,1.8743
gte,all,winlose,K0-K5,6,question,-1.8204,-2.3449,-0.7481
gte,all,winlose,K0-K5,6,reflection opener,-0.2715,-0.7422,0.2493
gte,all,winlose,K0-K5,6,advice,-1.3457,-1.9571,-0.4012
gte,all,winlose,K0-K5,6,list preamble,-1.1705,-2.0273,0.1261
gte,all,winlose,GRPO_K0,7,praise,0.9182,0.3298,1.4009
gte,all,winlose,GRPO_K0,7,thanks,0.7784,0.2354,1.1814
gte,all,winlose,GRPO_K0,7,agreement,0.2297,-0.2437,0.8076
gte,all,winlose,GRPO_K0,7,question,-0.0001,-0.7527,0.6541
gte,all,winlose,GRPO_K0,7,reflection opener,-0.0118,-0.3244,0.2753
gte,all,winlose,GRPO_K0,7,advice,0.0242,-0.6401,0.5745
gte,all,winlose,GRPO_K0,7,list preamble,-0.1938,-0.8884,0.6492
gte,all,winlose,GRPO_K5,7,praise,0.5035,-0.3929,1.0152
gte,all,winlose,GRPO_K5,7,thanks,1.3964,0.7547,1.5331
gte,all,winlose,GRPO_K5,7,agreement,0.6099,0.0606,0.8828
gte,all,winlose,GRPO_K5,7,question,-0.7411,-1.191,0.2595
gte,all,winlose,GRPO_K5,7,reflection opener,0.0425,-0.3664,0.394
gte,all,winlose,GRPO_K5,7,advice,-1.0594,-1.411,-0.237
gte,all,winlose,GRPO_K5,7,list preamble,-1.6661,-1.8712,-0.8551
gte,all,winlose,K0-K5,7,praise,0.4146,-0.3607,1.4077
gte,all,winlose,K0-K5,7,thanks,-0.618,-1.0869,0.1274
gte,all,winlose,K0-K5,7,agreement,-0.3802,-0.9672,0.4127
gte,all,winlose,K0-K5,7,question,0.741,-0.458,1.4978
gte,all,winlose,K0-K5,7,reflection opener,-0.0543,-0.5229,0.4076
gte,all,winlose,K0-K5,7,advice,1.0835,0.0134,1.6343
gte,all,winlose,K0-K5,7,list preamble,1.4723,0.4929,2.1649
gte,all,winlose,GRPO_K0,8,praise,1.4756,1.1116,1.6262
gte,all,winlose,GRPO_K0,8,thanks,1.1069,0.5695,1.3347
gte,all,winlose,GRPO_K0,8,agreement,0.3077,-0.0851,0.6901
gte,all,winlose,GRPO_K0,8,question,-0.4698,-0.8337,-0.0402
gte,all,winlose,GRPO_K0,8,reflection opener,-0.2409,-0.5209,-0.0254
gte,all,winlose,GRPO_K0,8,advice,-0.5377,-0.9906,0.1582
gte,all,winlose,GRPO_K0,8,list preamble,-0.8684,-1.3391,0.084
gte,all,winlose,GRPO_K5,8,praise,0.6792,-0.115,1.1621
gte,all,winlose,GRPO_K5,8,thanks,0.6992,-0.2992,1.1986
gte,all,winlose,GRPO_K5,8,agreement,0.317,-0.3661,0.8202
gte,all,winlose,GRPO_K5,8,question,-0.0705,-0.8921,0.895
gte,all,winlose,GRPO_K5,8,reflection opener,-0.2356,-0.7408,0.3108
gte,all,winlose,GRPO_K5,8,advice,-0.4849,-1.167,0.5733
gte,all,winlose,GRPO_K5,8,list preamble,-0.5357,-1.181,0.4487
gte,all,winlose,K0-K5,8,praise,0.7964,0.2205,1.512
gte,all,winlose,K0-K5,8,thanks,0.4078,-0.3578,1.3882
gte,all,winlose,K0-K5,8,agreement,-0.0093,-0.6631,0.8163
gte,all,winlose,K0-K5,8,question,-0.3993,-1.4017,0.563
gte,all,winlose,K0-K5,8,reflection opener,-0.0053,-0.6441,0.5162
gte,all,winlose,K0-K5,8,advice,-0.0528,-1.1026,0.9277
gte,all,winlose,K0-K5,8,list preamble,-0.3326,-1.384,0.8024
gte,all,winlose,GRPO_K0,9,praise,0.3559,-0.3304,0.8636
gte,all,winlose,GRPO_K0,9,thanks,0.4852,-0.0737,0.9214
gte,all,winlose,GRPO_K0,9,agreement,1.677,1.3596,1.8281
gte,all,winlose,GRPO_K0,9,question,-1.0471,-1.2887,-0.584
gte,all,winlose,GRPO_K0,9,reflection opener,-0.2013,-0.4099,0.0388
gte,all,winlose,GRPO_K0,9,advice,-1.2456,-1.5678,-0.6699
gte,all,winlose,GRPO_K0,9,list preamble,-0.5161,-1.1474,0.3598
gte,all,winlose,GRPO_K5,9,praise,0.2399,-0.7011,1.0966
gte,all,winlose,GRPO_K5,9,thanks,-0.1016,-0.9208,0.8289
gte,all,winlose,GRPO_K5,9,agreement,0.8952,-0.135,1.3416
gte,all,winlose,GRPO_K5,9,question,0.8376,-0.4779,1.3814
gte,all,winlose,GRPO_K5,9,reflection opener,-0.1914,-0.6959,0.4511
gte,all,winlose,GRPO_K5,9,advice,-0.3293,-1.2054,0.6162
gte,all,winlose,GRPO_K5,9,list preamble,-0.1802,-1.1206,0.7838
gte,all,winlose,K0-K5,9,praise,0.116,-0.9864,1.1966
gte,all,winlose,K0-K5,9,thanks,0.5869,-0.4835,1.5507
gte,all,winlose,K0-K5,9,agreement,0.7818,0.152,1.7762
gte,all,winlose,K0-K5,9,question,-1.8848,-2.5065,-0.4085
gte,all,winlose,K0-K5,9,reflection opener,-0.0099,-0.622,0.551
gte,all,winlose,K0-K5,9,advice,-0.9162,-1.8894,0.1433
gte,all,winlose,K0-K5,9,list preamble,-0.3359,-1.4057,0.8615
gte,all,winlose,GRPO_K0,10,praise,1.5728,1.3664,1.6773
gte,all,winlose,GRPO_K0,10,thanks,1.356,1.193,1.5437
gte,all,winlose,GRPO_K0,10,agreement,0.2318,-0.0076,0.3765
gte,all,winlose,GRPO_K0,10,question,-0.5579,-0.6775,-0.3411
gte,all,winlose,GRPO_K0,10,reflection opener,0.1376,0.0314,0.2403
gte,all,winlose,GRPO_K0,10,advice,-1.1584,-1.2948,-0.9305
gte,all,winlose,GRPO_K0,10,list preamble,-0.8878,-1.0556,-0.633
gte,all,winlose,GRPO_K5,10,praise,0.5293,-0.4872,1.3739
gte,all,winlose,GRPO_K5,10,thanks,0.0322,-0.8097,1.0755
gte,all,winlose,GRPO_K5,10,agreement,-0.4282,-0.8543,0.5649
gte,all,winlose,GRPO_K5,10,question,0.0308,-0.8678,0.8804
gte,all,winlose,GRPO_K5,10,reflection opener,-1.5316,-1.6291,-0.5032
gte,all,winlose,GRPO_K5,10,advice,0.8473,-0.6568,1.3606
gte,all,winlose,GRPO_K5,10,list preamble,0.9613,-0.55,1.4841
gte,all,winlose,K0-K5,10,praise,1.0436,0.1896,2.029
gte,all,winlose,K0-K5,10,thanks,1.3237,0.2146,2.2281
gte,all,winlose,K0-K5,10,agreement,0.66,-0.4027,1.107
gte,all,winlose,K0-K5,10,question,-0.5887,-1.4275,0.3098
gte,all,winlose,K0-K5,10,reflection opener,1.6692,0.6796,1.7664
gte,all,winlose,K0-K5,10,advice,-2.0057,-2.5173,-0.4828
gte,all,winlose,K0-K5,10,list preamble,-1.8491,-2.3772,-0.3115
gte,all,advw,GRPO_K0,1,praise,0.3,0.0077,0.584
gte,all,advw,GRPO_K0,1,thanks,0.711,0.2698,1.0856
gte,all,advw,GRPO_K0,1,agreement,0.1025,-0.1162,0.3412
gte,all,advw,GRPO_K0,1,question,0.5087,0.0334,0.8432
gte,all,advw,GRPO_K0,1,reflection opener,0.5098,0.2926,0.6679
gte,all,advw,GRPO_K0,1,advice,0.0897,-0.1882,0.3791
gte,all,advw,GRPO_K0,1,list preamble,-1.2797,-1.5137,-0.928
gte,all,advw,GRPO_K5,1,praise,0.1269,-0.2641,0.5595
gte,all,advw,GRPO_K5,1,thanks,0.0501,-0.4673,0.5885
gte,all,advw,GRPO_K5,1,agreement,-0.241,-0.5319,0.1375
gte,all,advw,GRPO_K5,1,question,0.3729,-0.2601,0.8873
gte,all,advw,GRPO_K5,1,reflection opener,0.3139,-0.1606,0.6954
gte,all,advw,GRPO_K5,1,advice,0.8271,0.239,1.1169
gte,all,advw,GRPO_K5,1,list preamble,-0.3767,-1.0252,0.1999
gte,all,advw,K0-K5,1,praise,0.1731,-0.2756,0.568
gte,all,advw,K0-K5,1,thanks,0.6609,-0.042,1.2373
gte,all,advw,K0-K5,1,agreement,0.3435,-0.1118,0.6617
gte,all,advw,K0-K5,1,question,0.1359,-0.5243,0.872
gte,all,advw,K0-K5,1,reflection opener,0.1959,-0.222,0.6501
gte,all,advw,K0-K5,1,advice,-0.7374,-1.0524,-0.1701
gte,all,advw,K0-K5,1,list preamble,-0.9029,-1.4063,-0.272
gte,all,advw,GRPO_K0,2,praise,-0.0199,-0.3562,0.369
gte,all,advw,GRPO_K0,2,thanks,0.3049,-0.1115,0.7406
gte,all,advw,GRPO_K0,2,agreement,-0.2361,-0.561,0.2037
gte,all,advw,GRPO_K0,2,question,0.6489,0.184,1.0498
gte,all,advw,GRPO_K0,2,reflection opener,0.2943,-0.0915,0.6134
gte,all,advw,GRPO_K0,2,advice,0.8722,0.1912,1.3321
gte,all,advw,GRPO_K0,2,list preamble,-0.1807,-1.0037,0.5314
gte,all,advw,GRPO_K5,2,praise,-0.2167,-0.5314,0.1546
gte,all,advw,GRPO_K5,2,thanks,0.1143,-0.2595,0.6102
gte,all,advw,GRPO_K5,2,agreement,-0.3517,-0.6176,-0.0118
gte,all,advw,GRPO_K5,2,question,0.3632,-0.138,0.78
gte,all,advw,GRPO_K5,2,reflection opener,0.3001,-0.0062,0.5557
gte,all,advw,GRPO_K5,2,advice,0.7899,0.3913,1.0464
gte,all,advw,GRPO_K5,2,list preamble,-0.1155,-0.6771,0.4002
gte,all,advw,K0-K5,2,praise,0.1968,-0.312,0.684
gte,all,advw,K0-K5,2,thanks,0.1906,-0.4511,0.7444
gte,all,advw,K0-K5,2,agreement,0.1156,-0.3492,0.6191
gte,all,advw,K0-K5,2,question,0.2856,-0.4066,0.9043
gte,all,advw,K0-K5,2,reflection opener,-0.0058,-0.4808,0.4207
gte,all,advw,K0-K5,2,advice,0.0823,-0.6049,0.7343
gte,all,advw,K0-K5,2,list preamble,-0.0652,-1.0491,0.9047
gte,all,advw,GRPO_K0,3,praise,0.4199,0.1687,0.6875
gte,all,advw,GRPO_K0,3,thanks,0.5201,0.1883,0.8446
gte,all,advw,GRPO_K0,3,agreement,0.0296,-0.2813,0.3765
gte,all,advw,GRPO_K0,3,question,0.0676,-0.3561,0.4813
gte,all,advw,GRPO_K0,3,reflection opener,0.2156,-0.0289,0.4443
gte,all,advw,GRPO_K0,3,advice,0.6115,0.2463,0.8711
gte,all,advw,GRPO_K0,3,list preamble,-0.3768,-0.8232,0.0514
gte,all,advw,GRPO_K5,3,praise,-0.4547,-0.7091,-0.1348
gte,all,advw,GRPO_K5,3,thanks,-0.3018,-0.5954,0.127
gte,all,advw,GRPO_K5,3,agreement,-0.7169,-0.8743,-0.4738
gte,all,advw,GRPO_K5,3,question,0.6622,0.0939,1.0409
gte,all,advw,GRPO_K5,3,reflection opener,-0.1049,-0.5116,0.1866
gte,all,advw,GRPO_K5,3,advice,1.2951,1.0228,1.4409
gte,all,advw,GRPO_K5,3,list preamble,0.5192,0.0911,0.8405
gte,all,advw,K0-K5,3,praise,0.8745,0.4375,1.1791
gte,all,advw,K0-K5,3,thanks,0.8219,0.3017,1.2773
gte,all,advw,K0-K5,3,agreement,0.7465,0.3436,1.093
gte,all,advw,K0-K5,3,question,-0.5946,-1.1095,0.0242
gte,all,advw,K0-K5,3,reflection opener,0.3204,-0.0712,0.8072
gte,all,advw,K0-K5,3,advice,-0.6836,-1.0313,-0.2867
gte,all,advw,K0-K5,3,list preamble,-0.896,-1.3886,-0.2944
gte,all,advw,GRPO_K0,4,praise,1.0749,0.8274,1.2265
gte,all,advw,GRPO_K0,4,thanks,0.9321,0.6943,1.086
gte,all,advw,GRPO_K0,4,agreement,0.6781,0.4165,0.8729
gte,all,advw,GRPO_K0,4,question,-0.5273,-0.8226,-0.0974
gte,all,advw,GRPO_K0,4,reflection opener,0.1086,-0.0685,0.2946
gte,all,advw,GRPO_K0,4,advice,-0.2671,-0.5708,0.1032
gte,all,advw,GRPO_K0,4,list preamble,-0.9463,-1.2732,-0.4379
gte,all,advw,GRPO_K5,4,praise,-0.0021,-0.3566,0.3001
gte,all,advw,GRPO_K5,4,thanks,-0.207,-0.5593,0.1569
gte,all,advw,GRPO_K5,4,agreement,-0.1338,-0.3835,0.1265
gte,all,advw,GRPO_K5,4,question,0.2294,-0.103,0.5574
gte,all,advw,GRPO_K5,4,reflection opener,0.0417,-0.1708,0.2383
gte,all,advw,GRPO_K5,4,advice,0.8872,0.5433,1.1584
gte,all,advw,GRPO_K5,4,list preamble,-0.2172,-0.5899,0.1808
gte,all,advw,K0-K5,4,praise,1.077,0.7224,1.3988
gte,all,advw,K0-K5,4,thanks,1.1391,0.6961,1.4741
gte,all,advw,K0-K5,4,agreement,0.8119,0.3876,1.1307
gte,all,advw,K0-K5,4,question,-0.7566,-1.1876,-0.2515
gte,all,advw,K0-K5,4,reflection opener,0.0669,-0.2158,0.3514
gte,all,advw,K0-K5,4,advice,-1.1543,-1.5504,-0.6146
gte,all,advw,K0-K5,4,list preamble,-0.7291,-1.2884,-0.0728
gte,all,advw,GRPO_K0,5,praise,1.2447,0.5896,1.5526
gte,all,advw,GRPO_K0,5,thanks,0.8176,0.1302,1.1859
gte,all,advw,GRPO_K0,5,agreement,0.4152,-0.1196,0.8571
gte,all,advw,GRPO_K0,5,question,-0.6469,-1.1231,0.0046
gte,all,advw,GRPO_K0,5,reflection opener,-0.1063,-0.4873,0.1983
gte,all,advw,GRPO_K0,5,advice,-0.0177,-0.6345,0.8188
gte,all,advw,GRPO_K0,5,list preamble,0.2692,-0.7062,1.4869
gte,all,advw,GRPO_K5,5,praise,-0.5241,-0.9729,0.0552
gte,all,advw,GRPO_K5,5,thanks,-0.0943,-0.5267,0.2839
gte,all,advw,GRPO_K5,5,agreement,-0.3776,-0.6046,-0.0534
gte,all,advw,GRPO_K5,5,question,0.6037,-0.0592,1.0233
gte,all,advw,GRPO_K5,5,reflection opener,0.0236,-0.2682,0.287
gte,all,advw,GRPO_K5,5,advice,1.1227,0.6557,1.3821
gte,all,advw,GRPO_K5,5,list preamble,0.3462,-0.1493,0.7948
gte,all,advw,K0-K5,5,praise,1.7688,0.9002,2.21
gte,all,advw,K0-K5,5,thanks,0.9119,0.1534,1.4921
gte,all,advw,K0-K5,5,agreement,0.7928,0.1925,1.3213
gte,all,advw,K0-K5,5,question,-1.2507,-1.9218,-0.2917
gte,all,advw,K0-K5,5,reflection opener,-0.1299,-0.5344,0.2577
gte,all,advw,K0-K5,5,advice,-1.1403,-1.7598,-0.1888
gte,all,advw,K0-K5,5,list preamble,-0.0771,-1.2098,1.2442
gte,all,advw,GRPO_K0,6,praise,1.2252,0.5896,1.4749
gte,all,advw,GRPO_K0,6,thanks,0.7889,0.1586,1.1225
gte,all,advw,GRPO_K0,6,agreement,0.9979,0.3293,1.5084
gte,all,advw,GRPO_K0,6,question,-0.1678,-0.7291,0.601
gte,all,advw,GRPO_K0,6,reflection opener,-0.1089,-0.3888,0.1502
gte,all,advw,GRPO_K0,6,advice,-0.5076,-1.0457,0.3199
gte,all,advw,GRPO_K0,6,list preamble,-1.2202,-1.8216,-0.0967
gte,all,advw,GRPO_K5,6,praise,-0.8312,-1.2358,-0.0484
gte,all,advw,GRPO_K5,6,thanks,-0.1698,-0.7204,0.5732
gte,all,advw,GRPO_K5,6,agreement,0.0864,-0.5122,0.7035
gte,all,advw,GRPO_K5,6,question,1.2278,0.3538,1.5889
gte,all,advw,GRPO_K5,6,reflection opener,0.2487,-0.2041,0.5817
gte,all,advw,GRPO_K5,6,advice,0.4273,-0.4165,0.9598
gte,all,advw,GRPO_K5,6,list preamble,-0.323,-1.2573,0.5061
gte,all,advw,K0-K5,6,praise,2.0564,1.0176,2.5609
gte,all,advw,K0-K5,6,thanks,0.9587,0.0404,1.5489
gte,all,advw,K0-K5,6,agreement,0.9114,0.0031,1.6184
gte,all,advw,K0-K5,6,question,-1.3956,-2.1019,-0.1472
gte,all,advw,K0-K5,6,reflection opener,-0.3576,-0.8444,0.2368
gte,all,advw,K0-K5,6,advice,-0.9348,-1.6946,0.2521
gte,all,advw,K0-K5,6,list preamble,-0.8973,-1.9045,0.6204
gte,all,advw,GRPO_K0,7,praise,0.9541,0.3518,1.467
gte,all,advw,GRPO_K0,7,thanks,0.8389,0.3563,1.243
gte,all,advw,GRPO_K0,7,agreement,0.0195,-0.375,0.6178
gte,all,advw,GRPO_K0,7,question,-0.0037,-0.7139,0.608
gte,all,advw,GRPO_K0,7,reflection opener,0.0036,-0.3189,0.2655
gte,all,advw,GRPO_K0,7,advice,0.0711,-0.557,0.5906
gte,all,advw,GRPO_K0,7,list preamble,-0.2783,-0.9196,0.5256
gte,all,advw,GRPO_K5,7,praise,0.4571,-0.2741,0.9324
gte,all,advw,GRPO_K5,7,thanks,1.5017,0.9845,1.6476
gte,all,advw,GRPO_K5,7,agreement,0.5987,0.1424,0.8632
gte,all,advw,GRPO_K5,7,question,-0.5532,-1.018,0.2607
gte,all,advw,GRPO_K5,7,reflection opener,0.1736,-0.1867,0.4818
gte,all,advw,GRPO_K5,7,advice,-1.1134,-1.4429,-0.3951
gte,all,advw,GRPO_K5,7,list preamble,-1.6776,-1.8885,-0.9807
gte,all,advw,K0-K5,7,praise,0.4971,-0.2577,1.3714
gte,all,advw,K0-K5,7,thanks,-0.6628,-1.0502,0.0298
gte,all,advw,K0-K5,7,agreement,-0.5792,-1.0693,0.1723
gte,all,advw,K0-K5,7,question,0.5495,-0.5135,1.3403
gte,all,advw,K0-K5,7,reflection opener,-0.1699,-0.6055,0.2593
gte,all,advw,K0-K5,7,advice,1.1844,0.1955,1.7278
gte,all,advw,K0-K5,7,list preamble,1.3993,0.4755,2.0646
gte,all,advw,GRPO_K0,8,praise,1.4049,0.9676,1.5985
gte,all,advw,GRPO_K0,8,thanks,1.1856,0.7056,1.3807
gte,all,advw,GRPO_K0,8,agreement,0.2342,-0.1731,0.6639
gte,all,advw,GRPO_K0,8,question,-0.3406,-0.7012,0.0875
gte,all,advw,GRPO_K0,8,reflection opener,-0.1673,-0.4565,0.0338
gte,all,advw,GRPO_K0,8,advice,-0.5263,-0.9896,0.1979
gte,all,advw,GRPO_K0,8,list preamble,-0.8127,-1.3064,0.2727
gte,all,advw,GRPO_K5,8,praise,0.4532,-0.5079,1.1056
gte,all,advw,GRPO_K5,8,thanks,0.9098,0.0168,1.3165
gte,all,advw,GRPO_K5,8,agreement,0.4713,-0.2292,0.9519
gte,all,advw,GRPO_K5,8,question,-0.1111,-0.9538,0.9315
gte,all,advw,GRPO_K5,8,reflection opener,-0.0607,-0.5755,0.4267
gte,all,advw,GRPO_K5,8,advice,-0.5112,-1.0816,0.4124
gte,all,advw,GRPO_K5,8,list preamble,-0.5397,-1.1853,0.4647
gte,all,advw,K0-K5,8,praise,0.9517,0.2283,1.8338
gte,all,advw,K0-K5,8,thanks,0.2758,-0.3188,1.1161
gte,all,advw,K0-K5,8,agreement,-0.2371,-0.7514,0.5618
gte,all,advw,K0-K5,8,question,-0.2296,-1.3508,0.6988
gte,all,advw,K0-K5,8,reflection opener,-0.1066,-0.6597,0.4109
gte,all,advw,K0-K5,8,advice,-0.0151,-0.977,0.8211
gte,all,advw,K0-K5,8,list preamble,-0.273,-1.3224,0.9231
gte,all,advw,GRPO_K0,9,praise,0.2864,-0.3507,0.8007
gte,all,advw,GRPO_K0,9,thanks,0.3881,-0.1324,0.8259
gte,all,advw,GRPO_K0,9,agreement,1.7218,1.4447,1.8475
gte,all,advw,GRPO_K0,9,question,-1.1433,-1.3482,-0.7374
gte,all,advw,GRPO_K0,9,reflection opener,-0.2064,-0.4293,0.0334
gte,all,advw,GRPO_K0,9,advice,-1.1314,-1.476,-0.5301
gte,all,advw,GRPO_K0,9,list preamble,-0.4258,-1.0829,0.4257
gte,all,advw,GRPO_K5,9,praise,0.6279,-0.5146,1.2706
gte,all,advw,GRPO_K5,9,thanks,0.4407,-0.7187,1.1766
gte,all,advw,GRPO_K5,9,agreement,1.2326,0.0304,1.4876
gte,all,advw,GRPO_K5,9,question,0.3295,-0.9008,1.2444
gte,all,advw,GRPO_K5,9,reflection opener,-0.0455,-0.6483,0.5945
gte,all,advw,GRPO_K5,9,advice,-0.5212,-1.2516,0.6347
gte,all,advw,GRPO_K5,9,list preamble,-0.2096,-1.0963,0.943
gte,all,advw,K0-K5,9,praise,-0.3414,-1.2238,0.8742
gte,all,advw,K0-K5,9,thanks,-0.0526,-0.9535,1.1142
gte,all,advw,K0-K5,9,agreement,0.4891,0.0748,1.6092
gte,all,advw,K0-K5,9,question,-1.4728,-2.4096,-0.153
gte,all,advw,K0-K5,9,reflection opener,-0.1608,-0.8094,0.494
gte,all,advw,K0-K5,9,advice,-0.6102,-1.7631,0.2968
gte,all,advw,K0-K5,9,list preamble,-0.2162,-1.3867,0.9092
gte,all,advw,GRPO_K0,10,praise,1.5326,1.2842,1.6351
gte,all,advw,GRPO_K0,10,thanks,1.3581,1.2102,1.5373
gte,all,advw,GRPO_K0,10,agreement,0.1798,-0.1242,0.3656
gte,all,advw,GRPO_K0,10,question,-0.3717,-0.537,-0.052
gte,all,advw,GRPO_K0,10,reflection opener,0.165,0.0624,0.2699
gte,all,advw,GRPO_K0,10,advice,-1.1025,-1.2675,-0.7888
gte,all,advw,GRPO_K0,10,list preamble,-0.7926,-0.9748,-0.4575
gte,all,advw,GRPO_K5,10,praise,0.8087,-0.3682,1.5156
gte,all,advw,GRPO_K5,10,thanks,0.0598,-0.8683,1.0479
gte,all,advw,GRPO_K5,10,agreement,-0.4748,-0.9596,0.4383
gte,all,advw,GRPO_K5,10,question,0.1242,-0.8897,0.9298
gte,all,advw,GRPO_K5,10,reflection opener,-1.2291,-1.4453,-0.3168
gte,all,advw,GRPO_K5,10,advice,0.6838,-0.6931,1.3177
gte,all,advw,GRPO_K5,10,list preamble,0.9072,-0.5132,1.6001
gte,all,advw,K0-K5,10,praise,0.7239,0.0331,1.8573
gte,all,advw,K0-K5,10,thanks,1.2983,0.2622,2.2667
gte,all,advw,K0-K5,10,agreement,0.6546,-0.3394,1.1349
gte,all,advw,K0-K5,10,question,-0.4959,-1.3271,0.5321
gte,all,advw,K0-K5,10,reflection opener,1.3941,0.4946,1.614
gte,all,advw,K0-K5,10,advice,-1.7863,-2.3941,-0.3799
gte,all,advw,K0-K5,10,list preamble,-1.6998,-2.3569,-0.2751
gte,clean,winlose,GRPO_K0,1,praise,0.5643,0.1324,0.935
gte,clean,winlose,GRPO_K0,1,thanks,0.5661,-0.0772,1.0849
gte,clean,winlose,GRPO_K0,1,agreement,-0.0095,-0.3709,0.4288
gte,clean,winlose,GRPO_K0,1,question,0.2425,-0.5457,0.7868
gte,clean,winlose,GRPO_K0,1,reflection opener,0.3999,0.0154,0.6623
gte,clean,winlose,GRPO_K0,1,advice,0.1454,-0.3105,0.6084
gte,clean,winlose,GRPO_K0,1,list preamble,-0.9256,-1.338,-0.337
gte,clean,winlose,GRPO_K5,1,praise,-0.1913,-0.6132,0.3885
gte,clean,winlose,GRPO_K5,1,thanks,-0.3283,-0.96,0.5316
gte,clean,winlose,GRPO_K5,1,agreement,-0.5705,-0.8769,0.001
gte,clean,winlose,GRPO_K5,1,question,0.4046,-0.5688,1.1407
gte,clean,winlose,GRPO_K5,1,reflection opener,-0.2173,-0.6376,0.2676
gte,clean,winlose,GRPO_K5,1,advice,1.18,0.4585,1.4156
gte,clean,winlose,GRPO_K5,1,list preamble,0.7103,-0.2663,1.2031
gte,clean,winlose,K0-K5,1,praise,0.7555,0.0222,1.345
gte,clean,winlose,K0-K5,1,thanks,0.8944,-0.0669,1.6502
gte,clean,winlose,K0-K5,1,agreement,0.5609,-0.145,1.0505
gte,clean,winlose,K0-K5,1,question,-0.162,-1.2143,0.8581
gte,clean,winlose,K0-K5,1,reflection opener,0.6173,0.0692,1.092
gte,clean,winlose,K0-K5,1,advice,-1.0346,-1.4856,-0.1704
gte,clean,winlose,K0-K5,1,list preamble,-1.6359,-2.255,-0.4917
gte,clean,winlose,GRPO_K0,2,praise,0.1011,-0.3743,0.6483
gte,clean,winlose,GRPO_K0,2,thanks,0.0174,-0.5942,0.725
gte,clean,winlose,GRPO_K0,2,agreement,-0.5189,-0.8486,0.0992
gte,clean,winlose,GRPO_K0,2,question,0.5837,-0.271,1.2663
gte,clean,winlose,GRPO_K0,2,reflection opener,-0.0843,-0.5865,0.445
gte,clean,winlose,GRPO_K0,2,advice,1.0591,0.1921,1.4689
gte,clean,winlose,GRPO_K0,2,list preamble,0.6084,-0.5265,1.2817
gte,clean,winlose,GRPO_K5,2,praise,-0.2951,-0.6769,0.2155
gte,clean,winlose,GRPO_K5,2,thanks,-0.3127,-0.7675,0.4214
gte,clean,winlose,GRPO_K5,2,agreement,-0.5834,-0.8346,-0.129
gte,clean,winlose,GRPO_K5,2,question,0.3774,-0.3032,0.8483
gte,clean,winlose,GRPO_K5,2,reflection opener,0.2041,-0.1282,0.5244
gte,clean,winlose,GRPO_K5,2,advice,1.067,0.5227,1.2512
gte,clean,winlose,GRPO_K5,2,list preamble,0.4927,-0.2662,0.9629
gte,clean,winlose,K0-K5,2,praise,0.3961,-0.349,1.0603
gte,clean,winlose,K0-K5,2,thanks,0.3301,-0.7159,1.1721
gte,clean,winlose,K0-K5,2,agreement,0.0645,-0.4715,0.7421
gte,clean,winlose,K0-K5,2,question,0.2064,-0.7915,1.0813
gte,clean,winlose,K0-K5,2,reflection opener,-0.2884,-0.9133,0.3246
gte,clean,winlose,K0-K5,2,advice,-0.0079,-0.8994,0.6967
gte,clean,winlose,K0-K5,2,list preamble,0.1157,-1.1535,1.1791
gte,clean,winlose,GRPO_K0,3,praise,0.6699,0.3581,0.9585
gte,clean,winlose,GRPO_K0,3,thanks,0.5637,0.1654,0.9335
gte,clean,winlose,GRPO_K0,3,agreement,-0.0503,-0.4414,0.3442
gte,clean,winlose,GRPO_K0,3,question,-0.4865,-0.984,0.0855
gte,clean,winlose,GRPO_K0,3,reflection opener,0.0061,-0.2457,0.2785
gte,clean,winlose,GRPO_K0,3,advice,0.5939,0.1211,0.9448
gte,clean,winlose,GRPO_K0,3,list preamble,-0.0445,-0.5778,0.4094
gte,clean,winlose,GRPO_K5,3,praise,-0.5417,-0.7615,-0.224
gte,clean,winlose,GRPO_K5,3,thanks,-0.777,-1.0732,-0.3202
gte,clean,winlose,GRPO_K5,3,agreement,-0.7782,-0.9475,-0.461
gte,clean,winlose,GRPO_K5,3,question,0.4933,-0.0961,0.9083
gte,clean,winlose,GRPO_K5,3,reflection opener,-0.232,-0.6396,0.1354
gte,clean,winlose,GRPO_K5,3,advice,1.3749,1.0451,1.5218
gte,clean,winlose,GRPO_K5,3,list preamble,1.0664,0.5772,1.3282
gte,clean,winlose,K0-K5,3,praise,1.2116,0.7566,1.5182
gte,clean,winlose,K0-K5,3,thanks,1.3408,0.722,1.8171
gte,clean,winlose,K0-K5,3,agreement,0.7279,0.2567,1.1377
gte,clean,winlose,K0-K5,3,question,-0.9798,-1.6034,-0.2137
gte,clean,winlose,K0-K5,3,reflection opener,0.2381,-0.2324,0.7577
gte,clean,winlose,K0-K5,3,advice,-0.781,-1.2305,-0.3285
gte,clean,winlose,K0-K5,3,list preamble,-1.1109,-1.6416,-0.4413
gte,clean,winlose,GRPO_K0,4,praise,1.3229,1.0432,1.4822
gte,clean,winlose,GRPO_K0,4,thanks,0.9476,0.5714,1.1452
gte,clean,winlose,GRPO_K0,4,agreement,0.741,0.3448,0.9746
gte,clean,winlose,GRPO_K0,4,question,-0.9751,-1.2888,-0.3841
gte,clean,winlose,GRPO_K0,4,reflection opener,-0.0851,-0.3465,0.1628
gte,clean,winlose,GRPO_K0,4,advice,-0.4829,-0.8332,0.0235
gte,clean,winlose,GRPO_K0,4,list preamble,-0.7966,-1.1951,-0.0766
gte,clean,winlose,GRPO_K5,4,praise,-0.0664,-0.6025,0.4223
gte,clean,winlose,GRPO_K5,4,thanks,-0.4049,-0.8706,0.0448
gte,clean,winlose,GRPO_K5,4,agreement,-0.1307,-0.4415,0.2286
gte,clean,winlose,GRPO_K5,4,question,0.0208,-0.5118,0.5796
gte,clean,winlose,GRPO_K5,4,reflection opener,-0.1776,-0.4348,0.0736
gte,clean,winlose,GRPO_K5,4,advice,1.0487,0.5278,1.3931
gte,clean,winlose,GRPO_K5,4,list preamble,0.3078,-0.1538,0.7991
gte,clean,winlose,K0-K5,4,praise,1.3893,0.8791,1.8635
gte,clean,winlose,K0-K5,4,thanks,1.3525,0.7803,1.769
gte,clean,winlose,K0-K5,4,agreement,0.8717,0.3281,1.2802
gte,clean,winlose,K0-K5,4,question,-0.9959,-1.5875,-0.2574
gte,clean,winlose,K0-K5,4,reflection opener,0.0925,-0.3065,0.4417
gte,clean,winlose,K0-K5,4,advice,-1.5316,-1.9956,-0.8161
gte,clean,winlose,K0-K5,4,list preamble,-1.1044,-1.7807,-0.2159
gte,clean,winlose,GRPO_K0,5,praise,1.3241,0.5053,1.6527
gte,clean,winlose,GRPO_K0,5,thanks,0.5999,-0.187,1.1171
gte,clean,winlose,GRPO_K0,5,agreement,0.3088,-0.2945,0.8306
gte,clean,winlose,GRPO_K0,5,question,-0.5482,-1.157,0.2083
gte,clean,winlose,GRPO_K0,5,reflection opener,-0.1132,-0.5846,0.2894
gte,clean,winlose,GRPO_K0,5,advice,-0.0223,-0.713,0.8447
gte,clean,winlose,GRPO_K0,5,list preamble,0.3625,-0.7172,1.6777
gte,clean,winlose,GRPO_K5,5,praise,-0.595,-1.1378,0.3131
gte,clean,winlose,GRPO_K5,5,thanks,-0.1911,-0.7183,0.4001
gte,clean,winlose,GRPO_K5,5,agreement,-0.3255,-0.7117,0.2054
gte,clean,winlose,GRPO_K5,5,question,0.3244,-0.6055,0.9468
gte,clean,winlose,GRPO_K5,5,reflection opener,-0.1988,-0.6492,0.2297
gte,clean,winlose,GRPO_K5,5,advice,1.1254,0.4505,1.4431
gte,clean,winlose,GRPO_K5,5,list preamble,0.6885,-0.114,1.2142
gte,clean,winlose,K0-K5,5,praise,1.9192,0.801,2.4861
gte,clean,winlose,K0-K5,5,thanks,0.7909,-0.1806,1.5477
gte,clean,winlose,K0-K5,5,agreement,0.6343,-0.1784,1.3081
gte,clean,winlose,K0-K5,5,question,-0.8726,-1.6844,0.3541
gte,clean,winlose,K0-K5,5,reflection opener,0.0856,-0.4959,0.6418
gte,clean,winlose,K0-K5,5,advice,-1.1477,-1.8478,-0.0356
gte,clean,winlose,K0-K5,5,list preamble,-0.326,-1.5409,1.3075
gte,clean,winlose,GRPO_K0,6,praise,1.2538,0.6511,1.4933
gte,clean,winlose,GRPO_K0,6,thanks,1.0106,0.4044,1.2983
gte,clean,winlose,GRPO_K0,6,agreement,1.3031,0.6595,1.6501
gte,clean,winlose,GRPO_K0,6,question,-0.352,-0.8997,0.4715
gte,clean,winlose,GRPO_K0,6,reflection opener,-0.1281,-0.471,0.1782
gte,clean,winlose,GRPO_K0,6,advice,-0.7981,-1.192,0.009
gte,clean,winlose,GRPO_K0,6,list preamble,-1.2614,-1.832,-0.0643
gte,clean,winlose,GRPO_K5,6,praise,-0.8831,-1.2507,0.1673
gte,clean,winlose,GRPO_K5,6,thanks,-0.3708,-0.9223,0.555
gte,clean,winlose,GRPO_K5,6,agreement,0.0723,-0.5304,0.7386
gte,clean,winlose,GRPO_K5,6,question,1.2014,0.15,1.6309
gte,clean,winlose,GRPO_K5,6,reflection opener,0.0283,-0.5048,0.4528
gte,clean,winlose,GRPO_K5,6,advice,0.1777,-0.5948,0.7826
gte,clean,winlose,GRPO_K5,6,list preamble,-0.3848,-1.2374,0.5499
gte,clean,winlose,K0-K5,6,praise,2.1369,0.8248,2.5484
gte,clean,winlose,K0-K5,6,thanks,1.3815,0.3056,1.9639
gte,clean,winlose,K0-K5,6,agreement,1.2308,0.2338,1.8777
gte,clean,winlose,K0-K5,6,question,-1.5534,-2.196,-0.1602
gte,clean,winlose,K0-K5,6,reflection opener,-0.1563,-0.7456,0.5132
gte,clean,winlose,K0-K5,6,advice,-0.9758,-1.7414,0.1825
gte,clean,winlose,K0-K5,6,list preamble,-0.8766,-1.9604,0.722
gte,clean,winlose,GRPO_K0,7,praise,0.8756,0.1626,1.3256
gte,clean,winlose,GRPO_K0,7,thanks,1.0258,0.3243,1.4087
gte,clean,winlose,GRPO_K0,7,agreement,0.4028,-0.2173,1.0129
gte,clean,winlose,GRPO_K0,7,question,-0.0678,-0.7017,0.564
gte,clean,winlose,GRPO_K0,7,reflection opener,-0.0673,-0.4117,0.2224
gte,clean,winlose,GRPO_K0,7,advice,-0.3189,-0.9238,0.4344
gte,clean,winlose,GRPO_K0,7,list preamble,-0.5245,-1.1973,0.4088
gte,clean,winlose,GRPO_K5,7,praise,0.6127,-0.4022,1.0899
gte,clean,winlose,GRPO_K5,7,thanks,1.3595,0.6353,1.4995
gte,clean,winlose,GRPO_K5,7,agreement,0.737,0.1159,0.9874
gte,clean,winlose,GRPO_K5,7,question,-1.0048,-1.3658,0.0078
gte,clean,winlose,GRPO_K5,7,reflection opener,-0.1317,-0.5329,0.2483
gte,clean,winlose,GRPO_K5,7,advice,-1.2631,-1.5877,-0.2796
gte,clean,winlose,GRPO_K5,7,list preamble,-1.7129,-1.9007,-0.8156
gte,clean,winlose,K0-K5,7,praise,0.2629,-0.554,1.3503
gte,clean,winlose,K0-K5,7,thanks,-0.3337,-0.8932,0.3963
gte,clean,winlose,K0-K5,7,agreement,-0.3342,-0.9409,0.4813
gte,clean,winlose,K0-K5,7,question,0.9371,-0.2882,1.6415
gte,clean,winlose,K0-K5,7,reflection opener,0.0645,-0.4157,0.5108
gte,clean,winlose,K0-K5,7,advice,0.9441,-0.1614,1.5874
gte,clean,winlose,K0-K5,7,list preamble,1.1884,0.2229,1.9224
gte,clean,winlose,GRPO_K0,8,praise,1.4783,1.1704,1.639
gte,clean,winlose,GRPO_K0,8,thanks,1.2225,0.7747,1.442
gte,clean,winlose,GRPO_K0,8,agreement,0.7207,0.3099,1.0024
gte,clean,winlose,GRPO_K0,8,question,-0.7811,-1.0582,-0.3686
gte,clean,winlose,GRPO_K0,8,reflection opener,-0.1233,-0.4946,0.0905
gte,clean,winlose,GRPO_K0,8,advice,-1.1451,-1.4069,-0.6162
gte,clean,winlose,GRPO_K0,8,list preamble,-1.3773,-1.6422,-0.567
gte,clean,winlose,GRPO_K5,8,praise,0.8288,-0.0558,1.2741
gte,clean,winlose,GRPO_K5,8,thanks,0.7777,-0.2315,1.2446
gte,clean,winlose,GRPO_K5,8,agreement,0.3859,-0.3285,0.8791
gte,clean,winlose,GRPO_K5,8,question,-0.1724,-0.9384,0.8664
gte,clean,winlose,GRPO_K5,8,reflection opener,-0.4015,-0.9133,0.2118
gte,clean,winlose,GRPO_K5,8,advice,-0.6223,-1.2601,0.4739
gte,clean,winlose,GRPO_K5,8,list preamble,-0.6253,-1.2253,0.3533
gte,clean,winlose,K0-K5,8,praise,0.6495,0.1162,1.4921
gte,clean,winlose,K0-K5,8,thanks,0.4448,-0.1602,1.3477
gte,clean,winlose,K0-K5,8,agreement,0.3348,-0.2462,1.0521
gte,clean,winlose,K0-K5,8,question,-0.6087,-1.6309,0.3357
gte,clean,winlose,K0-K5,8,reflection opener,0.2782,-0.4497,0.7777
gte,clean,winlose,K0-K5,8,advice,-0.5228,-1.5968,0.287
gte,clean,winlose,K0-K5,8,list preamble,-0.7521,-1.6469,0.1977
gte,clean,winlose,GRPO_K0,9,praise,0.2945,-0.4573,0.8965
gte,clean,winlose,GRPO_K0,9,thanks,0.133,-0.5178,0.7138
gte,clean,winlose,GRPO_K0,9,agreement,1.4559,1.0151,1.6055
gte,clean,winlose,GRPO_K0,9,question,-1.0265,-1.3437,-0.4349
gte,clean,winlose,GRPO_K0,9,reflection opener,-0.3736,-0.638,-0.0804
gte,clean,winlose,GRPO_K0,9,advice,-1.0668,-1.5262,-0.2391
gte,clean,winlose,GRPO_K0,9,list preamble,0.07,-0.8312,1.0147
gte,clean,winlose,GRPO_K5,9,praise,0.2448,-0.6296,1.1423
gte,clean,winlose,GRPO_K5,9,thanks,-0.4606,-1.2002,0.5465
gte,clean,winlose,GRPO_K5,9,agreement,0.6872,-0.2307,1.2538
gte,clean,winlose,GRPO_K5,9,question,0.9159,-0.4635,1.4663
gte,clean,winlose,GRPO_K5,9,reflection opener,-0.3015,-0.7797,0.3298
gte,clean,winlose,GRPO_K5,9,advice,-0.2948,-1.1816,0.6156
gte,clean,winlose,GRPO_K5,9,list preamble,0.1737,-0.8426,0.9548
gte,clean,winlose,K0-K5,9,praise,0.0497,-1.238,1.1811
gte,clean,winlose,K0-K5,9,thanks,0.5936,-0.6244,1.5387
gte,clean,winlose,K0-K5,9,agreement,0.7687,-0.0862,1.6784
gte,clean,winlose,K0-K5,9,question,-1.9424,-2.526,-0.4299
gte,clean,winlose,K0-K5,9,reflection opener,-0.0721,-0.7438,0.5387
gte,clean,winlose,K0-K5,9,advice,-0.7719,-1.7316,0.4058
gte,clean,winlose,K0-K5,9,list preamble,-0.1037,-1.0998,1.1998
gte,clean,winlose,GRPO_K0,10,praise,1.6526,1.4176,1.753
gte,clean,winlose,GRPO_K0,10,thanks,1.049,0.8238,1.2401
gte,clean,winlose,GRPO_K0,10,agreement,0.2738,-0.0625,0.4708
gte,clean,winlose,GRPO_K0,10,question,-0.5643,-0.723,-0.2522
gte,clean,winlose,GRPO_K0,10,reflection opener,0.1012,-0.0235,0.233
gte,clean,winlose,GRPO_K0,10,advice,-1.0932,-1.2586,-0.6962
gte,clean,winlose,GRPO_K0,10,list preamble,-0.8362,-1.0539,-0.403
gte,clean,winlose,GRPO_K5,10,praise,0.4393,-0.5124,1.3447
gte,clean,winlose,GRPO_K5,10,thanks,-0.1203,-0.9005,0.964
gte,clean,winlose,GRPO_K5,10,agreement,-0.4403,-0.9288,0.6047
gte,clean,winlose,GRPO_K5,10,question,0.1161,-0.8731,0.9572
gte,clean,winlose,GRPO_K5,10,reflection opener,-1.6814,-1.6969,-0.6271
gte,clean,winlose,GRPO_K5,10,advice,0.8132,-0.5905,1.334
gte,clean,winlose,GRPO_K5,10,list preamble,1.0074,-0.5002,1.4765
gte,clean,winlose,K0-K5,10,praise,1.2132,0.3076,2.1773
gte,clean,winlose,K0-K5,10,thanks,1.1692,0.0008,2.0244
gte,clean,winlose,K0-K5,10,agreement,0.7141,-0.3891,1.2521
gte,clean,winlose,K0-K5,10,question,-0.6803,-1.4826,0.3733
gte,clean,winlose,K0-K5,10,reflection opener,1.7826,0.7379,1.7902
gte,clean,winlose,K0-K5,10,advice,-1.9064,-2.4358,-0.4032
gte,clean,winlose,K0-K5,10,list preamble,-1.8437,-2.3397,-0.2738
gte,clean,advw,GRPO_K0,1,praise,0.5882,0.1522,0.9843
gte,clean,advw,GRPO_K0,1,thanks,0.5092,-0.1823,1.1053
gte,clean,advw,GRPO_K0,1,agreement,0.0217,-0.3616,0.464
gte,clean,advw,GRPO_K0,1,question,0.1632,-0.674,0.7582
gte,clean,advw,GRPO_K0,1,reflection opener,0.3001,-0.0796,0.5948
gte,clean,advw,GRPO_K0,1,advice,0.0834,-0.4138,0.5565
gte,clean,advw,GRPO_K0,1,list preamble,-0.9972,-1.3836,-0.4302
gte,clean,advw,GRPO_K5,1,praise,-0.1819,-0.5884,0.3767
gte,clean,advw,GRPO_K5,1,thanks,-0.3716,-0.9377,0.4311
gte,clean,advw,GRPO_K5,1,agreement,-0.4673,-0.7827,0.0797
gte,clean,advw,GRPO_K5,1,question,0.2103,-0.6477,0.9367
gte,clean,advw,GRPO_K5,1,reflection opener,-0.2036,-0.6651,0.3008
gte,clean,advw,GRPO_K5,1,advice,1.1584,0.4109,1.4478
gte,clean,advw,GRPO_K5,1,list preamble,0.676,-0.3153,1.1699
gte,clean,advw,K0-K5,1,praise,0.7701,0.0214,1.2917
gte,clean,advw,K0-K5,1,thanks,0.8808,-0.1505,1.5453
gte,clean,advw,K0-K5,1,agreement,0.4889,-0.2156,1.0173
gte,clean,advw,K0-K5,1,question,-0.0471,-1.1739,1.0026
gte,clean,advw,K0-K5,1,reflection opener,0.5037,-0.0762,0.9889
gte,clean,advw,K0-K5,1,advice,-1.075,-1.5107,-0.2275
gte,clean,advw,K0-K5,1,list preamble,-1.6733,-2.298,-0.5724
gte,clean,advw,GRPO_K0,2,praise,0.3356,-0.179,0.8296
gte,clean,advw,GRPO_K0,2,thanks,0.2224,-0.3573,0.8404
gte,clean,advw,GRPO_K0,2,agreement,-0.3681,-0.7656,0.2695
gte,clean,advw,GRPO_K0,2,question,0.2986,-0.4143,0.9508
gte,clean,advw,GRPO_K0,2,reflection opener,-0.0302,-0.5137,0.4537
gte,clean,advw,GRPO_K0,2,advice,0.86,-0.0158,1.3989
gte,clean,advw,GRPO_K0,2,list preamble,0.3012,-0.7849,1.1044
gte,clean,advw,GRPO_K5,2,praise,-0.2399,-0.6051,0.1867
gte,clean,advw,GRPO_K5,2,thanks,-0.2581,-0.7006,0.3955
gte,clean,advw,GRPO_K5,2,agreement,-0.5339,-0.7904,-0.1342
gte,clean,advw,GRPO_K5,2,question,0.1528,-0.4266,0.6387
gte,clean,advw,GRPO_K5,2,reflection opener,0.0985,-0.2193,0.4066
gte,clean,advw,GRPO_K5,2,advice,0.925,0.4475,1.1474
gte,clean,advw,GRPO_K5,2,list preamble,0.4195,-0.2557,0.8352
gte,clean,advw,K0-K5,2,praise,0.5755,-0.117,1.1852
gte,clean,advw,K0-K5,2,thanks,0.4805,-0.4288,1.1782
gte,clean,advw,K0-K5,2,agreement,0.1658,-0.4048,0.8385
gte,clean,advw,K0-K5,2,question,0.1458,-0.7781,0.9838
gte,clean,advw,K0-K5,2,reflection opener,-0.1287,-0.6761,0.4315
gte,clean,advw,K0-K5,2,advice,-0.0649,-0.9388,0.6517
gte,clean,advw,K0-K5,2,list preamble,-0.1184,-1.2715,0.9007
gte,clean,advw,GRPO_K0,3,praise,0.5858,0.2905,0.8473
gte,clean,advw,GRPO_K0,3,thanks,0.5334,0.1365,0.9088
gte,clean,advw,GRPO_K0,3,agreement,-0.035,-0.4011,0.3976
gte,clean,advw,GRPO_K0,3,question,-0.3186,-0.8181,0.2056
gte,clean,advw,GRPO_K0,3,reflection opener,0.0104,-0.2613,0.2947
gte,clean,advw,GRPO_K0,3,advice,0.6526,0.2264,0.9591
gte,clean,advw,GRPO_K0,3,list preamble,0.0096,-0.5421,0.4724
gte,clean,advw,GRPO_K5,3,praise,-0.4693,-0.7564,-0.0839
gte,clean,advw,GRPO_K5,3,thanks,-0.5987,-0.8933,-0.1181
gte,clean,advw,GRPO_K5,3,agreement,-0.8548,-0.9926,-0.5863
gte,clean,advw,GRPO_K5,3,question,0.4702,-0.1985,0.9555
gte,clean,advw,GRPO_K5,3,reflection opener,-0.4117,-0.8211,-0.0628
gte,clean,advw,GRPO_K5,3,advice,1.397,1.0919,1.5136
gte,clean,advw,GRPO_K5,3,list preamble,1.0828,0.6237,1.3287
gte,clean,advw,K0-K5,3,praise,1.0551,0.5577,1.4082
gte,clean,advw,K0-K5,3,thanks,1.1321,0.5222,1.6221
gte,clean,advw,K0-K5,3,agreement,0.8198,0.3928,1.2454
gte,clean,advw,K0-K5,3,question,-0.7888,-1.4203,-0.0107
gte,clean,advw,K0-K5,3,reflection opener,0.4222,-0.0393,0.9557
gte,clean,advw,K0-K5,3,advice,-0.7444,-1.1551,-0.3074
gte,clean,advw,K0-K5,3,list preamble,-1.0732,-1.6136,-0.3987
gte,clean,advw,GRPO_K0,4,praise,1.3554,1.1142,1.4962
gte,clean,advw,GRPO_K0,4,thanks,0.9451,0.6125,1.1359
gte,clean,advw,GRPO_K0,4,agreement,0.7721,0.4163,0.9862
gte,clean,advw,GRPO_K0,4,question,-0.9899,-1.3106,-0.4483
gte,clean,advw,GRPO_K0,4,reflection opener,-0.1118,-0.3495,0.1282
gte,clean,advw,GRPO_K0,4,advice,-0.4698,-0.7871,-0.0146
gte,clean,advw,GRPO_K0,4,list preamble,-0.7409,-1.1063,-0.097
gte,clean,advw,GRPO_K5,4,praise,0.0644,-0.3678,0.4933
gte,clean,advw,GRPO_K5,4,thanks,-0.3668,-0.7376,0.0321
gte,clean,advw,GRPO_K5,4,agreement,-0.1309,-0.4517,0.2256
gte,clean,advw,GRPO_K5,4,question,0.0091,-0.4561,0.4704
gte,clean,advw,GRPO_K5,4,reflection opener,-0.1234,-0.381,0.1407
gte,clean,advw,GRPO_K5,4,advice,0.8969,0.428,1.2414
gte,clean,advw,GRPO_K5,4,list preamble,0.0776,-0.3988,0.5451
gte,clean,advw,K0-K5,4,praise,1.291,0.8239,1.6973
gte,clean,advw,K0-K5,4,thanks,1.3119,0.7946,1.6872
gte,clean,advw,K0-K5,4,agreement,0.903,0.3696,1.3066
gte,clean,advw,K0-K5,4,question,-0.999,-1.5436,-0.3239
gte,clean,advw,K0-K5,4,reflection opener,0.0116,-0.3681,0.3895
gte,clean,advw,K0-K5,4,advice,-1.3667,-1.8029,-0.7175
gte,clean,advw,K0-K5,4,list preamble,-0.8185,-1.455,0.0238
gte,clean,advw,GRPO_K0,5,praise,1.3506,0.5627,1.6504
gte,clean,advw,GRPO_K0,5,thanks,0.7831,0.0106,1.22
gte,clean,advw,GRPO_K0,5,agreement,0.4182,-0.1151,0.8566
gte,clean,advw,GRPO_K0,5,question,-0.8415,-1.3405,-0.0374
gte,clean,advw,GRPO_K0,5,reflection opener,-0.2342,-0.6199,0.1559
gte,clean,advw,GRPO_K0,5,advice,-0.1212,-0.8059,0.7813
gte,clean,advw,GRPO_K0,5,list preamble,0.497,-0.6605,1.8143
gte,clean,advw,GRPO_K5,5,praise,-0.5958,-1.109,0.3176
gte,clean,advw,GRPO_K5,5,thanks,-0.2521,-0.7368,0.3651
gte,clean,advw,GRPO_K5,5,agreement,-0.3635,-0.6934,0.1238
gte,clean,advw,GRPO_K5,5,question,0.2881,-0.6797,0.895
gte,clean,advw,GRPO_K5,5,reflection opener,-0.2062,-0.5983,0.1622
gte,clean,advw,GRPO_K5,5,advice,1.1129,0.4144,1.4187
gte,clean,advw,GRPO_K5,5,list preamble,0.7052,-0.0864,1.2053
gte,clean,advw,K0-K5,5,praise,1.9464,0.842,2.4746
gte,clean,advw,K0-K5,5,thanks,1.0353,0.082,1.6768
gte,clean,advw,K0-K5,5,agreement,0.7816,0.0532,1.3861
gte,clean,advw,K0-K5,5,question,-1.1295,-1.9861,0.1268
gte,clean,advw,K0-K5,5,reflection opener,-0.028,-0.5196,0.4616
gte,clean,advw,K0-K5,5,advice,-1.2341,-1.899,-0.1276
gte,clean,advw,K0-K5,5,list preamble,-0.2082,-1.4533,1.2925
gte,clean,advw,GRPO_K0,6,praise,1.3133,0.5928,1.5457
gte,clean,advw,GRPO_K0,6,thanks,0.7461,-0.0578,1.1229
gte,clean,advw,GRPO_K0,6,agreement,1.1634,0.3734,1.6051
gte,clean,advw,GRPO_K0,6,question,-0.2853,-0.9311,0.6147
gte,clean,advw,GRPO_K0,6,reflection opener,-0.2214,-0.5567,0.1012
gte,clean,advw,GRPO_K0,6,advice,-0.5446,-1.0925,0.402
gte,clean,advw,GRPO_K0,6,list preamble,-1.1811,-1.8509,0.2204
gte,clean,advw,GRPO_K5,6,praise,-0.8151,-1.1952,0.1926
gte,clean,advw,GRPO_K5,6,thanks,-0.2284,-0.8282,0.7555
gte,clean,advw,GRPO_K5,6,agreement,0.1962,-0.5008,0.8458
gte,clean,advw,GRPO_K5,6,question,1.0511,-0.0345,1.4868
gte,clean,advw,GRPO_K5,6,reflection opener,-0.0252,-0.5324,0.3947
gte,clean,advw,GRPO_K5,6,advice,0.0675,-0.8455,0.7602
gte,clean,advw,GRPO_K5,6,list preamble,-0.4661,-1.4567,0.5375
gte,clean,advw,K0-K5,6,praise,2.1283,0.7813,2.5642
gte,clean,advw,K0-K5,6,thanks,0.9744,-0.136,1.6246
gte,clean,advw,K0-K5,6,agreement,0.9672,-0.1107,1.6811
gte,clean,advw,K0-K5,6,question,-1.3364,-2.1096,0.1867
gte,clean,advw,K0-K5,6,reflection opener,-0.1962,-0.7575,0.4674
gte,clean,advw,K0-K5,6,advice,-0.612,-1.5739,0.7242
gte,clean,advw,K0-K5,6,list preamble,-0.7149,-1.9169,0.958
gte,clean,advw,GRPO_K0,7,praise,0.7448,0.013,1.2889
gte,clean,advw,GRPO_K0,7,thanks,0.91,0.1234,1.3526
gte,clean,advw,GRPO_K0,7,agreement,0.3454,-0.2686,0.9472
gte,clean,advw,GRPO_K0,7,question,0.0195,-0.6921,0.6766
gte,clean,advw,GRPO_K0,7,reflection opener,-0.0702,-0.4377,0.22
gte,clean,advw,GRPO_K0,7,advice,-0.1893,-0.8218,0.5554
gte,clean,advw,GRPO_K0,7,list preamble,-0.4909,-1.1411,0.4416
gte,clean,advw,GRPO_K5,7,praise,0.5683,-0.3349,1.0541
gte,clean,advw,GRPO_K5,7,thanks,1.5397,0.8983,1.6994
gte,clean,advw,GRPO_K5,7,agreement,0.7403,0.2114,0.9928
gte,clean,advw,GRPO_K5,7,question,-0.8517,-1.2426,0.0322
gte,clean,advw,GRPO_K5,7,reflection opener,0.0514,-0.2923,0.4148
gte,clean,advw,GRPO_K5,7,advice,-1.3925,-1.6616,-0.5064
gte,clean,advw,GRPO_K5,7,list preamble,-1.7379,-1.8923,-0.9378
gte,clean,advw,K0-K5,7,praise,0.1765,-0.7519,1.1834
gte,clean,advw,K0-K5,7,thanks,-0.6297,-1.1988,0.1265
gte,clean,advw,K0-K5,7,agreement,-0.3949,-0.9388,0.3467
gte,clean,advw,K0-K5,7,question,0.8712,-0.2176,1.6183
gte,clean,advw,K0-K5,7,reflection opener,-0.1215,-0.5514,0.3136
gte,clean,advw,K0-K5,7,advice,1.2032,0.1318,1.8256
gte,clean,advw,K0-K5,7,list preamble,1.247,0.2813,2.0913
gte,clean,advw,GRPO_K0,8,praise,1.4381,0.9591,1.6301
gte,clean,advw,GRPO_K0,8,thanks,1.2765,0.7396,1.4992
gte,clean,advw,GRPO_K0,8,agreement,0.7101,0.1639,1.0223
gte,clean,advw,GRPO_K0,8,question,-0.7648,-1.0962,-0.2573
gte,clean,advw,GRPO_K0,8,reflection opener,-0.1675,-0.6216,0.0745
gte,clean,advw,GRPO_K0,8,advice,-1.0694,-1.3544,-0.4127
gte,clean,advw,GRPO_K0,8,list preamble,-1.2917,-1.6067,-0.1995
gte,clean,advw,GRPO_K5,8,praise,0.612,-0.4313,1.229
gte,clean,advw,GRPO_K5,8,thanks,0.9877,-0.0339,1.3616
gte,clean,advw,GRPO_K5,8,agreement,0.5089,-0.2585,0.9854
gte,clean,advw,GRPO_K5,8,question,-0.2497,-1.0687,0.9192
gte,clean,advw,GRPO_K5,8,reflection opener,-0.229,-0.7054,0.336
gte,clean,advw,GRPO_K5,8,advice,-0.5792,-1.1859,0.4905
gte,clean,advw,GRPO_K5,8,list preamble,-0.5201,-1.1981,0.5649
gte,clean,advw,K0-K5,8,praise,0.8261,0.1427,1.784
gte,clean,advw,K0-K5,8,thanks,0.2888,-0.3448,1.2698
gte,clean,advw,K0-K5,8,agreement,0.2012,-0.4044,0.9313
gte,clean,advw,K0-K5,8,question,-0.5151,-1.6476,0.4895
gte,clean,advw,K0-K5,8,reflection opener,0.0615,-0.6645,0.635
gte,clean,advw,K0-K5,8,advice,-0.4901,-1.5266,0.3365
gte,clean,advw,K0-K5,8,list preamble,-0.7715,-1.7728,0.4812
gte,clean,advw,GRPO_K0,9,praise,0.1952,-0.5264,0.7937
gte,clean,advw,GRPO_K0,9,thanks,0.1056,-0.5218,0.6404
gte,clean,advw,GRPO_K0,9,agreement,1.5248,1.1192,1.6569
gte,clean,advw,GRPO_K0,9,question,-1.0587,-1.3827,-0.5471
gte,clean,advw,GRPO_K0,9,reflection opener,-0.3674,-0.6222,-0.0866
gte,clean,advw,GRPO_K0,9,advice,-1.0451,-1.487,-0.3319
gte,clean,advw,GRPO_K0,9,list preamble,0.0252,-0.7789,0.8924
gte,clean,advw,GRPO_K5,9,praise,0.6367,-0.5087,1.3179
gte,clean,advw,GRPO_K5,9,thanks,0.134,-0.9191,0.957
gte,clean,advw,GRPO_K5,9,agreement,1.117,-0.0275,1.3914
gte,clean,advw,GRPO_K5,9,question,0.3432,-0.8523,1.2442
gte,clean,advw,GRPO_K5,9,reflection opener,-0.1206,-0.7383,0.5283
gte,clean,advw,GRPO_K5,9,advice,-0.563,-1.2936,0.5806
gte,clean,advw,GRPO_K5,9,list preamble,0.076,-0.8987,1.1082
gte,clean,advw,K0-K5,9,praise,-0.4415,-1.4244,0.8618
gte,clean,advw,K0-K5,9,thanks,-0.0284,-1.0994,1.1784
gte,clean,advw,K0-K5,9,agreement,0.4078,-0.1301,1.4391
gte,clean,advw,K0-K5,9,question,-1.4019,-2.3467,-0.0473
gte,clean,advw,K0-K5,9,reflection opener,-0.2468,-0.9413,0.4124
gte,clean,advw,K0-K5,9,advice,-0.4822,-1.5998,0.5603
gte,clean,advw,K0-K5,9,list preamble,-0.0508,-1.3041,1.2518
gte,clean,advw,GRPO_K0,10,praise,1.5882,1.2671,1.7061
gte,clean,advw,GRPO_K0,10,thanks,1.0781,0.8138,1.2949
gte,clean,advw,GRPO_K0,10,agreement,0.2079,-0.2032,0.4239
gte,clean,advw,GRPO_K0,10,question,-0.4419,-0.6318,-0.0215
gte,clean,advw,GRPO_K0,10,reflection opener,0.1304,0.0052,0.274
gte,clean,advw,GRPO_K0,10,advice,-1.0236,-1.2302,-0.541
gte,clean,advw,GRPO_K0,10,list preamble,-0.7474,-1.0054,-0.2331
gte,clean,advw,GRPO_K5,10,praise,0.7939,-0.3719,1.4989
gte,clean,advw,GRPO_K5,10,thanks,-0.0773,-0.9283,0.9895
gte,clean,advw,GRPO_K5,10,agreement,-0.508,-0.9967,0.4727
gte,clean,advw,GRPO_K5,10,question,0.1843,-0.8823,1.0126
gte,clean,advw,GRPO_K5,10,reflection opener,-1.3482,-1.5009,-0.3612
gte,clean,advw,GRPO_K5,10,advice,0.6944,-0.6455,1.318
gte,clean,advw,GRPO_K5,10,list preamble,1.0003,-0.4622,1.5966
gte,clean,advw,K0-K5,10,praise,0.7943,0.0834,1.9226
gte,clean,advw,K0-K5,10,thanks,1.1554,0.0036,2.0857
gte,clean,advw,K0-K5,10,agreement,0.7159,-0.3135,1.2352
gte,clean,advw,K0-K5,10,question,-0.6262,-1.4276,0.4943
gte,clean,advw,K0-K5,10,reflection opener,1.4787,0.5078,1.6347
gte,clean,advw,K0-K5,10,advice,-1.718,-2.2961,-0.2649
gte,clean,advw,K0-K5,10,list preamble,-1.7477,-2.2823,-0.2121
mxbai,all,winlose,GRPO_K0,1,praise,0.79,0.4212,1.0586
mxbai,all,winlose,GRPO_K0,1,thanks,0.2754,-0.1699,0.7835
mxbai,all,winlose,GRPO_K0,1,agreement,-0.327,-0.5234,-0.0672
mxbai,all,winlose,GRPO_K0,1,question,-0.0277,-0.5921,0.3878
mxbai,all,winlose,GRPO_K0,1,reflection opener,0.1113,-0.1669,0.3407
mxbai,all,winlose,GRPO_K0,1,advice,0.405,-0.0538,0.8987
mxbai,all,winlose,GRPO_K0,1,list preamble,-0.534,-0.9914,0.1201
mxbai,all,winlose,GRPO_K5,1,praise,0.6701,0.1964,0.999
mxbai,all,winlose,GRPO_K5,1,thanks,-0.1385,-0.5944,0.3965
mxbai,all,winlose,GRPO_K5,1,agreement,-0.5632,-0.8196,-0.1557
mxbai,all,winlose,GRPO_K5,1,question,0.0857,-0.4631,0.6176
mxbai,all,winlose,GRPO_K5,1,reflection opener,-0.1325,-0.4984,0.2565
mxbai,all,winlose,GRPO_K5,1,advice,0.8127,0.4009,1.0763
mxbai,all,winlose,GRPO_K5,1,list preamble,0.1789,-0.452,0.6632
mxbai,all,winlose,K0-K5,1,praise,0.1199,-0.3032,0.561
mxbai,all,winlose,K0-K5,1,thanks,0.4139,-0.1789,0.9601
mxbai,all,winlose,K0-K5,1,agreement,0.2362,-0.1902,0.5987
mxbai,all,winlose,K0-K5,1,question,-0.1134,-0.7574,0.5123
mxbai,all,winlose,K0-K5,1,reflection opener,0.2438,-0.1687,0.6355
mxbai,all,winlose,K0-K5,1,advice,-0.4077,-0.8515,0.1828
mxbai,all,winlose,K0-K5,1,list preamble,-0.7129,-1.3892,0.0471
mxbai,all,winlose,GRPO_K0,2,praise,0.1307,-0.2737,0.542
mxbai,all,winlose,GRPO_K0,2,thanks,-0.0102,-0.4468,0.4976
mxbai,all,winlose,GRPO_K0,2,agreement,-0.5791,-0.7728,-0.2136
mxbai,all,winlose,GRPO_K0,2,question,0.3579,-0.0977,0.7605
mxbai,all,winlose,GRPO_K0,2,reflection opener,0.0658,-0.3618,0.4717
mxbai,all,winlose,GRPO_K0,2,advice,1.2061,0.6156,1.5021
mxbai,all,winlose,GRPO_K0,2,list preamble,0.5767,-0.1913,1.0778
mxbai,all,winlose,GRPO_K5,2,praise,0.2186,-0.0969,0.5851
mxbai,all,winlose,GRPO_K5,2,thanks,-0.1723,-0.5215,0.3412
mxbai,all,winlose,GRPO_K5,2,agreement,-0.5272,-0.6858,-0.2924
mxbai,all,winlose,GRPO_K5,2,question,0.2427,-0.2068,0.5939
mxbai,all,winlose,GRPO_K5,2,reflection opener,0.0196,-0.2233,0.2357
mxbai,all,winlose,GRPO_K5,2,advice,0.8381,0.4364,1.1274
mxbai,all,winlose,GRPO_K5,2,list preamble,0.2536,-0.2907,0.7587
mxbai,all,winlose,K0-K5,2,praise,-0.0879,-0.6864,0.4628
mxbai,all,winlose,K0-K5,2,thanks,0.1621,-0.6151,0.8039
mxbai,all,winlose,K0-K5,2,agreement,-0.0519,-0.3717,0.3131
mxbai,all,winlose,K0-K5,2,question,0.1152,-0.4598,0.7138
mxbai,all,winlose,K0-K5,2,reflection opener,0.0461,-0.4786,0.5046
mxbai,all,winlose,K0-K5,2,advice,0.3681,-0.2681,0.9084
mxbai,all,winlose,K0-K5,2,list preamble,0.3231,-0.5608,1.1299
mxbai,all,winlose,GRPO_K0,3,praise,0.8844,0.6597,1.0804
mxbai,all,winlose,GRPO_K0,3,thanks,0.4436,0.1512,0.7271
mxbai,all,winlose,GRPO_K0,3,agreement,-0.3908,-0.5821,-0.133
mxbai,all,winlose,GRPO_K0,3,question,-0.2768,-0.6236,0.0284
mxbai,all,winlose,GRPO_K0,3,reflection opener,0.0518,-0.168,0.2882
mxbai,all,winlose,GRPO_K0,3,advice,0.6444,0.2803,0.9222
mxbai,all,winlose,GRPO_K0,3,list preamble,-0.0018,-0.4413,0.4033
mxbai,all,winlose,GRPO_K5,3,praise,0.0488,-0.2119,0.3206
mxbai,all,winlose,GRPO_K5,3,thanks,-0.3128,-0.5873,0.0296
mxbai,all,winlose,GRPO_K5,3,agreement,-0.6024,-0.7303,-0.3853
mxbai,all,winlose,GRPO_K5,3,question,0.3661,-0.027,0.6738
mxbai,all,winlose,GRPO_K5,3,reflection opener,-0.0866,-0.3909,0.2488
mxbai,all,winlose,GRPO_K5,3,advice,1.2146,0.9295,1.3854
mxbai,all,winlose,GRPO_K5,3,list preamble,0.5674,0.1955,0.847
mxbai,all,winlose,K0-K5,3,praise,0.8356,0.4605,1.154
mxbai,all,winlose,K0-K5,3,thanks,0.7564,0.2978,1.1844
mxbai,all,winlose,K0-K5,3,agreement,0.2116,-0.0443,0.4607
mxbai,all,winlose,K0-K5,3,question,-0.6429,-1.097,-0.1378
mxbai,all,winlose,K0-K5,3,reflection opener,0.1384,-0.2589,0.5265
mxbai,all,winlose,K0-K5,3,advice,-0.5702,-0.9205,-0.188
mxbai,all,winlose,K0-K5,3,list preamble,-0.5691,-1.0551,-0.0621
mxbai,all,winlose,GRPO_K0,4,praise,1.3666,1.0321,1.5409
mxbai,all,winlose,GRPO_K0,4,thanks,0.8374,0.4472,1.0987
mxbai,all,winlose,GRPO_K0,4,agreement,-0.0642,-0.3452,0.226
mxbai,all,winlose,GRPO_K0,4,question,-0.6847,-0.9811,-0.2145
mxbai,all,winlose,GRPO_K0,4,reflection opener,0.1859,-0.1452,0.4486
mxbai,all,winlose,GRPO_K0,4,advice,-0.0824,-0.5038,0.4358
mxbai,all,winlose,GRPO_K0,4,list preamble,-0.7177,-1.1462,-0.1223
mxbai,all,winlose,GRPO_K5,4,praise,0.3178,0.002,0.5848
mxbai,all,winlose,GRPO_K5,4,thanks,-0.2559,-0.5442,0.0645
mxbai,all,winlose,GRPO_K5,4,agreement,-0.591,-0.723,-0.4255
mxbai,all,winlose,GRPO_K5,4,question,0.2159,-0.0891,0.5039
mxbai,all,winlose,GRPO_K5,4,reflection opener,-0.0327,-0.2546,0.1768
mxbai,all,winlose,GRPO_K5,4,advice,1.1599,0.8442,1.4176
mxbai,all,winlose,GRPO_K5,4,list preamble,0.3927,0.0147,0.7586
mxbai,all,winlose,K0-K5,4,praise,1.0488,0.6384,1.3312
mxbai,all,winlose,K0-K5,4,thanks,1.0933,0.5898,1.4946
mxbai,all,winlose,K0-K5,4,agreement,0.5267,0.2004,0.826
mxbai,all,winlose,K0-K5,4,question,-0.9007,-1.3402,-0.3768
mxbai,all,winlose,K0-K5,4,reflection opener,0.2185,-0.2152,0.6194
mxbai,all,winlose,K0-K5,4,advice,-1.2423,-1.7089,-0.6284
mxbai,all,winlose,K0-K5,4,list preamble,-1.1105,-1.6497,-0.3843
mxbai,all,winlose,GRPO_K0,5,praise,1.2127,0.4887,1.6355
mxbai,all,winlose,GRPO_K0,5,thanks,0.2314,-0.4739,0.7962
mxbai,all,winlose,GRPO_K0,5,agreement,-0.3917,-0.6556,0.045
mxbai,all,winlose,GRPO_K0,5,question,-0.3463,-0.9043,0.1698
mxbai,all,winlose,GRPO_K0,5,reflection opener,0.0256,-0.4755,0.384
mxbai,all,winlose,GRPO_K0,5,advice,0.5632,-0.1979,1.1406
mxbai,all,winlose,GRPO_K0,5,list preamble,0.636,-0.2623,1.422
mxbai,all,winlose,GRPO_K5,5,praise,-0.1526,-0.6177,0.445
mxbai,all,winlose,GRPO_K5,5,thanks,-0.3418,-0.7228,0.1124
mxbai,all,winlose,GRPO_K5,5,agreement,-0.6051,-0.757,-0.3766
mxbai,all,winlose,GRPO_K5,5,question,0.575,0.1415,0.8564
mxbai,all,winlose,GRPO_K5,5,reflection opener,-0.1771,-0.4915,0.136
mxbai,all,winlose,GRPO_K5,5,advice,1.2905,0.8313,1.5119
mxbai,all,winlose,GRPO_K5,5,list preamble,0.7926,0.2511,1.2509
mxbai,all,winlose,K0-K5,5,praise,1.3653,0.4692,1.9792
mxbai,all,winlose,K0-K5,5,thanks,0.5733,-0.2389,1.3501
mxbai,all,winlose,K0-K5,5,agreement,0.2134,-0.1262,0.664
mxbai,all,winlose,K0-K5,5,question,-0.9213,-1.5226,-0.1354
mxbai,all,winlose,K0-K5,5,reflection opener,0.2026,-0.3493,0.6221
mxbai,all,winlose,K0-K5,5,advice,-0.7273,-1.502,-0.0263
mxbai,all,winlose,K0-K5,5,list preamble,-0.1566,-1.1412,0.7899
mxbai,all,winlose,GRPO_K0,6,praise,1.3107,0.3497,1.5457
mxbai,all,winlose,GRPO_K0,6,thanks,0.9395,-0.2005,1.4074
mxbai,all,winlose,GRPO_K0,6,agreement,0.3216,-0.2538,0.8304
mxbai,all,winlose,GRPO_K0,6,question,-0.6358,-1.1534,0.2492
mxbai,all,winlose,GRPO_K0,6,reflection opener,-0.0268,-0.5582,0.427
mxbai,all,winlose,GRPO_K0,6,advice,-0.4589,-1.1257,0.447
mxbai,all,winlose,GRPO_K0,6,list preamble,-0.5569,-1.5353,0.9443
mxbai,all,winlose,GRPO_K5,6,praise,-0.9242,-1.427,0.1048
mxbai,all,winlose,GRPO_K5,6,thanks,-0.8519,-1.215,-0.0229
mxbai,all,winlose,GRPO_K5,6,agreement,-0.0435,-0.5323,0.5008
mxbai,all,winlose,GRPO_K5,6,question,0.8603,0.1952,1.1611
mxbai,all,winlose,GRPO_K5,6,reflection opener,-0.2091,-0.6689,0.3382
mxbai,all,winlose,GRPO_K5,6,advice,0.7546,-0.1415,1.3582
mxbai,all,winlose,GRPO_K5,6,list preamble,0.6641,-0.3421,1.247
mxbai,all,winlose,K0-K5,6,praise,2.235,0.741,2.7558
mxbai,all,winlose,K0-K5,6,thanks,1.7914,0.3891,2.2619
mxbai,all,winlose,K0-K5,6,agreement,0.3652,-0.5318,1.0626
mxbai,all,winlose,K0-K5,6,question,-1.496,-2.122,-0.2692
mxbai,all,winlose,K0-K5,6,reflection opener,0.1824,-0.6048,0.7937
mxbai,all,winlose,K0-K5,6,advice,-1.2135,-2.1592,0.1819
mxbai,all,winlose,K0-K5,6,list preamble,-1.221,-2.3739,0.6579
mxbai,all,winlose,GRPO_K0,7,praise,0.8096,0.2042,1.3438
mxbai,all,winlose,GRPO_K0,7,thanks,0.6092,-0.0589,1.0727
mxbai,all,winlose,GRPO_K0,7,agreement,-0.2849,-0.6604,0.5424
mxbai,all,winlose,GRPO_K0,7,question,-0.1284,-1.1248,0.5167
mxbai,all,winlose,GRPO_K0,7,reflection opener,0.3293,-0.2066,0.5885
mxbai,all,winlose,GRPO_K0,7,advice,0.3113,-0.5263,0.8189
mxbai,all,winlose,GRPO_K0,7,list preamble,-0.0657,-0.8135,0.7432
mxbai,all,winlose,GRPO_K5,7,praise,1.1011,-0.0049,1.4962
mxbai,all,winlose,GRPO_K5,7,thanks,1.1579,0.1792,1.4859
mxbai,all,winlose,GRPO_K5,7,agreement,-0.1172,-0.5273,0.3502
mxbai,all,winlose,GRPO_K5,7,question,-0.3101,-0.856,0.4577
mxbai,all,winlose,GRPO_K5,7,reflection opener,-0.2437,-0.7603,0.2898
mxbai,all,winlose,GRPO_K5,7,advice,-0.98,-1.4666,0.0176
mxbai,all,winlose,GRPO_K5,7,list preamble,-0.9819,-1.4659,0.0555
mxbai,all,winlose,K0-K5,7,praise,-0.2915,-0.9429,0.7916
mxbai,all,winlose,K0-K5,7,thanks,-0.5487,-1.222,0.4573
mxbai,all,winlose,K0-K5,7,agreement,-0.1677,-0.7952,0.8144
mxbai,all,winlose,K0-K5,7,question,0.1817,-1.116,1.0333
mxbai,all,winlose,K0-K5,7,reflection opener,0.573,-0.1397,1.0657
mxbai,all,winlose,K0-K5,7,advice,1.2912,0.0052,1.9325
mxbai,all,winlose,K0-K5,7,list preamble,0.9162,-0.2963,1.8058
mxbai,all,winlose,GRPO_K0,8,praise,1.2792,0.7464,1.5628
mxbai,all,winlose,GRPO_K0,8,thanks,0.828,0.073,1.3121
mxbai,all,winlose,GRPO_K0,8,agreement,-0.5519,-0.8207,-0.1062
mxbai,all,winlose,GRPO_K0,8,question,0.2349,-0.2942,0.6433
mxbai,all,winlose,GRPO_K0,8,reflection opener,0.1882,-0.1704,0.417
mxbai,all,winlose,GRPO_K0,8,advice,0.0453,-0.6749,0.7644
mxbai,all,winlose,GRPO_K0,8,list preamble,-0.3498,-0.9858,0.4967
mxbai,all,winlose,GRPO_K5,8,praise,1.131,0.225,1.4612
mxbai,all,winlose,GRPO_K5,8,thanks,0.9339,0.0585,1.3294
mxbai,all,winlose,GRPO_K5,8,agreement,0.2229,-0.3214,0.6057
mxbai,all,winlose,GRPO_K5,8,question,-0.2256,-0.6599,0.2821
mxbai,all,winlose,GRPO_K5,8,reflection opener,0.1783,-0.6064,0.6382
mxbai,all,winlose,GRPO_K5,8,advice,-1.2207,-1.6752,-0.0583
mxbai,all,winlose,GRPO_K5,8,list preamble,-1.3787,-1.7611,-0.2056
mxbai,all,winlose,K0-K5,8,praise,0.1482,-0.3808,1.028
mxbai,all,winlose,K0-K5,8,thanks,-0.1059,-0.9361,0.8079
mxbai,all,winlose,K0-K5,8,agreement,-0.7748,-1.2734,-0.1236
mxbai,all,winlose,K0-K5,8,question,0.4605,-0.2061,1.006
mxbai,all,winlose,K0-K5,8,reflection opener,0.0099,-0.5496,0.7156
mxbai,all,winlose,K0-K5,8,advice,1.266,0.1289,2.0681
mxbai,all,winlose,K0-K5,8,list preamble,1.0289,-0.1334,1.8531
mxbai,all,winlose,GRPO_K0,9,praise,-0.2988,-0.7675,0.1971
mxbai,all,winlose,GRPO_K0,9,thanks,-0.1024,-0.4875,0.3998
mxbai,all,winlose,GRPO_K0,9,agreement,1.2112,0.9396,1.3633
mxbai,all,winlose,GRPO_K0,9,question,-1.0616,-1.2795,-0.6715
mxbai,all,winlose,GRPO_K0,9,reflection opener,-0.5987,-0.8338,-0.2951
mxbai,all,winlose,GRPO_K0,9,advice,-0.6711,-1.1262,-0.0977
mxbai,all,winlose,GRPO_K0,9,list preamble,0.0755,-0.526,0.726
mxbai,all,winlose,GRPO_K5,9,praise,0.3459,-0.844,1.274
mxbai,all,winlose,GRPO_K5,9,thanks,0.0574,-0.932,1.0581
mxbai,all,winlose,GRPO_K5,9,agreement,0.3461,-0.2989,0.8391
mxbai,all,winlose,GRPO_K5,9,question,0.403,-0.4402,0.918
mxbai,all,winlose,GRPO_K5,9,reflection opener,-0.1195,-0.6593,0.5285
mxbai,all,winlose,GRPO_K5,9,advice,-0.255,-1.329,0.904
mxbai,all,winlose,GRPO_K5,9,list preamble,-0.0075,-1.1983,1.1328
mxbai,all,winlose,K0-K5,9,praise,-0.6446,-1.7032,0.6371
mxbai,all,winlose,K0-K5,9,thanks,-0.1598,-1.2834,0.8856
mxbai,all,winlose,K0-K5,9,agreement,0.8651,0.2344,1.5454
mxbai,all,winlose,K0-K5,9,question,-1.4647,-1.9933,-0.5727
mxbai,all,winlose,K0-K5,9,reflection opener,-0.4792,-1.1223,0.1164
mxbai,all,winlose,K0-K5,9,advice,-0.4161,-1.5137,0.7344
mxbai,all,winlose,K0-K5,9,list preamble,0.083,-1.0969,1.4053
mxbai,all,winlose,GRPO_K0,10,praise,1.1656,0.7471,1.3695
mxbai,all,winlose,GRPO_K0,10,thanks,1.5106,1.2605,1.6552
mxbai,all,winlose,GRPO_K0,10,agreement,-0.1828,-0.4278,0.0301
mxbai,all,winlose,GRPO_K0,10,question,0.1073,-0.1307,0.4593
mxbai,all,winlose,GRPO_K0,10,reflection opener,0.3977,0.2816,0.5032
mxbai,all,winlose,GRPO_K0,10,advice,-0.8417,-1.1191,-0.3379
mxbai,all,winlose,GRPO_K0,10,list preamble,-1.2679,-1.4731,-0.8809
mxbai,all,winlose,GRPO_K5,10,praise,-0.4537,-1.1032,0.9283
mxbai,all,winlose,GRPO_K5,10,thanks,-0.8406,-1.2558,0.3968
mxbai,all,winlose,GRPO_K5,10,agreement,-0.4912,-0.8586,0.3309
mxbai,all,winlose,GRPO_K5,10,question,0.5816,-0.4818,1.0483
mxbai,all,winlose,GRPO_K5,10,reflection opener,-1.0694,-1.4402,-0.2087
mxbai,all,winlose,GRPO_K5,10,advice,1.2673,-0.301,1.5676
mxbai,all,winlose,GRPO_K5,10,list preamble,1.4913,-0.0543,1.7275
mxbai,all,winlose,K0-K5,10,praise,1.6192,0.2013,2.2781
mxbai,all,winlose,K0-K5,10,thanks,2.3513,1.0918,2.7637
mxbai,all,winlose,K0-K5,10,agreement,0.3084,-0.5541,0.7219
mxbai,all,winlose,K0-K5,10,question,-0.4743,-0.9567,0.6276
mxbai,all,winlose,K0-K5,10,reflection opener,1.4671,0.5616,1.8272
mxbai,all,winlose,K0-K5,10,advice,-2.109,-2.5125,-0.4068
mxbai,all,winlose,K0-K5,10,list preamble,-2.7591,-3.0446,-1.1504
mxbai,all,advw,GRPO_K0,1,praise,0.7513,0.3906,1.0082
mxbai,all,advw,GRPO_K0,1,thanks,0.3261,-0.1576,0.8126
mxbai,all,advw,GRPO_K0,1,agreement,-0.2309,-0.4422,0.0184
mxbai,all,advw,GRPO_K0,1,question,-0.0938,-0.5957,0.3338
mxbai,all,advw,GRPO_K0,1,reflection opener,0.0226,-0.2543,0.2562
mxbai,all,advw,GRPO_K0,1,advice,0.3216,-0.0876,0.8155
mxbai,all,advw,GRPO_K0,1,list preamble,-0.632,-1.0509,-0.05
mxbai,all,advw,GRPO_K5,1,praise,0.6622,0.2563,0.9524
mxbai,all,advw,GRPO_K5,1,thanks,-0.0909,-0.569,0.4225
mxbai,all,advw,GRPO_K5,1,agreement,-0.5894,-0.8053,-0.2626
mxbai,all,advw,GRPO_K5,1,question,0.0825,-0.3919,0.5379
mxbai,all,advw,GRPO_K5,1,reflection opener,-0.095,-0.431,0.2605
mxbai,all,advw,GRPO_K5,1,advice,0.7936,0.4229,1.0626
mxbai,all,advw,GRPO_K5,1,list preamble,0.0929,-0.4378,0.5549
mxbai,all,advw,K0-K5,1,praise,0.0891,-0.3127,0.462
mxbai,all,advw,K0-K5,1,thanks,0.417,-0.1989,0.9473
mxbai,all,advw,K0-K5,1,agreement,0.3585,-0.0313,0.6901
mxbai,all,advw,K0-K5,1,question,-0.1763,-0.7799,0.4451
mxbai,all,advw,K0-K5,1,reflection opener,0.1176,-0.2749,0.4814
mxbai,all,advw,K0-K5,1,advice,-0.4721,-0.8642,0.0549
mxbai,all,advw,K0-K5,1,list preamble,-0.7249,-1.2957,-0.0605
mxbai,all,advw,GRPO_K0,2,praise,0.2666,-0.1529,0.6255
mxbai,all,advw,GRPO_K0,2,thanks,0.0776,-0.2954,0.5373
mxbai,all,advw,GRPO_K0,2,agreement,-0.5491,-0.7703,-0.2011
mxbai,all,advw,GRPO_K0,2,question,0.2343,-0.174,0.642
mxbai,all,advw,GRPO_K0,2,reflection opener,0.0118,-0.383,0.4011
mxbai,all,advw,GRPO_K0,2,advice,1.0839,0.5279,1.4047
mxbai,all,advw,GRPO_K0,2,list preamble,0.4007,-0.3398,0.9511
mxbai,all,advw,GRPO_K5,2,praise,0.227,-0.0948,0.5478
mxbai,all,advw,GRPO_K5,2,thanks,-0.1837,-0.5531,0.3434
mxbai,all,advw,GRPO_K5,2,agreement,-0.4534,-0.6241,-0.2226
mxbai,all,advw,GRPO_K5,2,question,0.083,-0.3723,0.4571
mxbai,all,advw,GRPO_K5,2,reflection opener,-0.0029,-0.2692,0.2474
mxbai,all,advw,GRPO_K5,2,advice,0.787,0.4537,1.0523
mxbai,all,advw,GRPO_K5,2,list preamble,0.2445,-0.247,0.7073
mxbai,all,advw,K0-K5,2,praise,0.0396,-0.4966,0.5425
mxbai,all,advw,K0-K5,2,thanks,0.2614,-0.431,0.8599
mxbai,all,advw,K0-K5,2,agreement,-0.0957,-0.4374,0.2779
mxbai,all,advw,K0-K5,2,question,0.1512,-0.3799,0.7189
mxbai,all,advw,K0-K5,2,reflection opener,0.0148,-0.4545,0.4344
mxbai,all,advw,K0-K5,2,advice,0.2969,-0.3044,0.788
mxbai,all,advw,K0-K5,2,list preamble,0.1562,-0.7346,0.88
mxbai,all,advw,GRPO_K0,3,praise,0.8384,0.6144,1.0438
mxbai,all,advw,GRPO_K0,3,thanks,0.4013,0.1462,0.6908
mxbai,all,advw,GRPO_K0,3,agreement,-0.3978,-0.5868,-0.1341
mxbai,all,advw,GRPO_K0,3,question,-0.1898,-0.5063,0.1094
mxbai,all,advw,GRPO_K0,3,reflection opener,0.073,-0.1499,0.3153
mxbai,all,advw,GRPO_K0,3,advice,0.6874,0.3256,0.9655
mxbai,all,advw,GRPO_K0,3,list preamble,0.0365,-0.3992,0.4443
mxbai,all,advw,GRPO_K5,3,praise,0.0957,-0.2054,0.4007
mxbai,all,advw,GRPO_K5,3,thanks,-0.2574,-0.5252,0.0836
mxbai,all,advw,GRPO_K5,3,agreement,-0.5944,-0.7048,-0.4168
mxbai,all,advw,GRPO_K5,3,question,0.2907,-0.1121,0.6722
mxbai,all,advw,GRPO_K5,3,reflection opener,-0.1506,-0.4657,0.2037
mxbai,all,advw,GRPO_K5,3,advice,1.22,0.9329,1.4042
mxbai,all,advw,GRPO_K5,3,list preamble,0.5809,0.1957,0.8776
mxbai,all,advw,K0-K5,3,praise,0.7427,0.3569,1.104
mxbai,all,advw,K0-K5,3,thanks,0.6587,0.2291,1.0677
mxbai,all,advw,K0-K5,3,agreement,0.1967,-0.0251,0.436
mxbai,all,advw,K0-K5,3,question,-0.4805,-0.974,0.0175
mxbai,all,advw,K0-K5,3,reflection opener,0.2236,-0.1804,0.6365
mxbai,all,advw,K0-K5,3,advice,-0.5327,-0.9274,-0.1584
mxbai,all,advw,K0-K5,3,list preamble,-0.5445,-1.0906,-0.0208
mxbai,all,advw,GRPO_K0,4,praise,1.3955,1.1245,1.5494
mxbai,all,advw,GRPO_K0,4,thanks,0.8645,0.4902,1.1315
mxbai,all,advw,GRPO_K0,4,agreement,0.058,-0.2379,0.3382
mxbai,all,advw,GRPO_K0,4,question,-0.8047,-1.1052,-0.3376
mxbai,all,advw,GRPO_K0,4,reflection opener,0.1317,-0.18,0.3807
mxbai,all,advw,GRPO_K0,4,advice,-0.1503,-0.5469,0.3256
mxbai,all,advw,GRPO_K0,4,list preamble,-0.717,-1.1201,-0.1528
mxbai,all,advw,GRPO_K5,4,praise,0.3816,0.1138,0.6033
mxbai,all,advw,GRPO_K5,4,thanks,-0.2317,-0.47,0.0278
mxbai,all,advw,GRPO_K5,4,agreement,-0.5562,-0.6729,-0.3984
mxbai,all,advw,GRPO_K5,4,question,0.1746,-0.0972,0.4308
mxbai,all,advw,GRPO_K5,4,reflection opener,0.0061,-0.1755,0.179
mxbai,all,advw,GRPO_K5,4,advice,1.037,0.7532,1.2577
mxbai,all,advw,GRPO_K5,4,list preamble,0.2434,-0.0672,0.5466
mxbai,all,advw,K0-K5,4,praise,1.0139,0.6652,1.2735
mxbai,all,advw,K0-K5,4,thanks,1.0963,0.6278,1.458
mxbai,all,advw,K0-K5,4,agreement,0.6142,0.3082,0.9035
mxbai,all,advw,K0-K5,4,question,-0.9793,-1.4157,-0.4246
mxbai,all,advw,K0-K5,4,reflection opener,0.1255,-0.2565,0.4632
mxbai,all,advw,K0-K5,4,advice,-1.1873,-1.6121,-0.6602
mxbai,all,advw,K0-K5,4,list preamble,-0.9603,-1.4526,-0.3253
mxbai,all,advw,GRPO_K0,5,praise,1.338,0.5934,1.7049
mxbai,all,advw,GRPO_K0,5,thanks,0.3243,-0.387,0.8851
mxbai,all,advw,GRPO_K0,5,agreement,-0.2455,-0.5449,0.1835
mxbai,all,advw,GRPO_K0,5,question,-0.5492,-1.0656,0.0557
mxbai,all,advw,GRPO_K0,5,reflection opener,-0.0019,-0.4761,0.3876
mxbai,all,advw,GRPO_K0,5,advice,0.3854,-0.3709,1.0567
mxbai,all,advw,GRPO_K0,5,list preamble,0.6821,-0.2608,1.539
mxbai,all,advw,GRPO_K5,5,praise,-0.1406,-0.5765,0.3667
mxbai,all,advw,GRPO_K5,5,thanks,-0.4294,-0.746,-0.0457
mxbai,all,advw,GRPO_K5,5,agreement,-0.5254,-0.6817,-0.3167
mxbai,all,advw,GRPO_K5,5,question,0.5015,0.1091,0.7876
mxbai,all,advw,GRPO_K5,5,reflection opener,-0.0772,-0.331,0.1392
mxbai,all,advw,GRPO_K5,5,advice,1.1771,0.7614,1.4354
mxbai,all,advw,GRPO_K5,5,list preamble,0.5931,0.028,1.0715
mxbai,all,advw,K0-K5,5,praise,1.4786,0.6101,2.0475
mxbai,all,advw,K0-K5,5,thanks,0.7537,-0.0481,1.4455
mxbai,all,advw,K0-K5,5,agreement,0.2798,-0.0911,0.7126
mxbai,all,advw,K0-K5,5,question,-1.0506,-1.6604,-0.2675
mxbai,all,advw,K0-K5,5,reflection opener,0.0754,-0.4074,0.4968
mxbai,all,advw,K0-K5,5,advice,-0.7917,-1.6473,-0.0164
mxbai,all,advw,K0-K5,5,list preamble,0.089,-0.9392,1.0699
mxbai,all,advw,GRPO_K0,6,praise,1.4019,0.5273,1.6186
mxbai,all,advw,GRPO_K0,6,thanks,0.6855,-0.2713,1.1864
mxbai,all,advw,GRPO_K0,6,agreement,0.0583,-0.5012,0.6738
mxbai,all,advw,GRPO_K0,6,question,-0.3477,-1.0559,0.507
mxbai,all,advw,GRPO_K0,6,reflection opener,-0.0978,-0.619,0.3281
mxbai,all,advw,GRPO_K0,6,advice,-0.27,-0.9795,0.5639
mxbai,all,advw,GRPO_K0,6,list preamble,-0.6172,-1.506,0.7347
mxbai,all,advw,GRPO_K5,6,praise,-0.8799,-1.3722,0.0098
mxbai,all,advw,GRPO_K5,6,thanks,-0.9633,-1.3004,-0.2081
mxbai,all,advw,GRPO_K5,6,agreement,0.0411,-0.4207,0.5847
mxbai,all,advw,GRPO_K5,6,question,0.651,0.0217,1.013
mxbai,all,advw,GRPO_K5,6,reflection opener,-0.2653,-0.7427,0.3087
mxbai,all,advw,GRPO_K5,6,advice,0.7307,-0.1902,1.3019
mxbai,all,advw,GRPO_K5,6,list preamble,0.4821,-0.5798,1.078
mxbai,all,advw,K0-K5,6,praise,2.2818,0.8947,2.823
mxbai,all,advw,K0-K5,6,thanks,1.6489,0.3834,2.1498
mxbai,all,advw,K0-K5,6,agreement,0.0172,-0.8087,0.7743
mxbai,all,advw,K0-K5,6,question,-0.9987,-1.8232,0.0791
mxbai,all,advw,K0-K5,6,reflection opener,0.1675,-0.5584,0.7318
mxbai,all,advw,K0-K5,6,advice,-1.0007,-1.9076,0.2358
mxbai,all,advw,K0-K5,6,list preamble,-1.0993,-2.1194,0.7848
mxbai,all,advw,GRPO_K0,7,praise,0.8721,0.3035,1.4022
mxbai,all,advw,GRPO_K0,7,thanks,0.6801,0.0716,1.1429
mxbai,all,advw,GRPO_K0,7,agreement,-0.4253,-0.7544,0.4128
mxbai,all,advw,GRPO_K0,7,question,-0.0713,-1.1208,0.535
mxbai,all,advw,GRPO_K0,7,reflection opener,0.3558,-0.2087,0.6144
mxbai,all,advw,GRPO_K0,7,advice,0.3193,-0.5103,0.8032
mxbai,all,advw,GRPO_K0,7,list preamble,-0.1142,-0.8008,0.6646
mxbai,all,advw,GRPO_K5,7,praise,1.0618,0.1572,1.4513
mxbai,all,advw,GRPO_K5,7,thanks,1.2203,0.4759,1.4649
mxbai,all,advw,GRPO_K5,7,agreement,-0.1168,-0.468,0.24
mxbai,all,advw,GRPO_K5,7,question,-0.1412,-0.6555,0.5165
mxbai,all,advw,GRPO_K5,7,reflection opener,0.1801,-0.2964,0.6015
mxbai,all,advw,GRPO_K5,7,advice,-1.1539,-1.5158,-0.3192
mxbai,all,advw,GRPO_K5,7,list preamble,-1.0892,-1.4384,-0.2654
mxbai,all,advw,K0-K5,7,praise,-0.1898,-0.8533,0.8618
mxbai,all,advw,K0-K5,7,thanks,-0.5401,-1.1928,0.3379
mxbai,all,advw,K0-K5,7,agreement,-0.3085,-0.828,0.621
mxbai,all,advw,K0-K5,7,question,0.0699,-1.2404,0.9393
mxbai,all,advw,K0-K5,7,reflection opener,0.1757,-0.5033,0.6798
mxbai,all,advw,K0-K5,7,advice,1.4733,0.2417,2.0356
mxbai,all,advw,K0-K5,7,list preamble,0.9751,-0.0957,1.7064
mxbai,all,advw,GRPO_K0,8,praise,1.1535,0.6238,1.4819
mxbai,all,advw,GRPO_K0,8,thanks,0.9059,0.1661,1.3382
mxbai,all,advw,GRPO_K0,8,agreement,-0.6434,-0.8871,-0.2051
mxbai,all,advw,GRPO_K0,8,question,0.4094,-0.1073,0.796
mxbai,all,advw,GRPO_K0,8,reflection opener,0.1886,-0.2356,0.3968
mxbai,all,advw,GRPO_K0,8,advice,0.0303,-0.6554,0.7348
mxbai,all,advw,GRPO_K0,8,list preamble,-0.2871,-0.8894,0.6687
mxbai,all,advw,GRPO_K5,8,praise,0.8153,-0.3596,1.365
mxbai,all,advw,GRPO_K5,8,thanks,1.0617,0.1118,1.3617
mxbai,all,advw,GRPO_K5,8,agreement,0.4079,-0.2196,0.8139
mxbai,all,advw,GRPO_K5,8,question,-0.4519,-0.9381,0.2074
mxbai,all,advw,GRPO_K5,8,reflection opener,0.1069,-0.732,0.6293
mxbai,all,advw,GRPO_K5,8,advice,-1.0536,-1.5537,0.1218
mxbai,all,advw,GRPO_K5,8,list preamble,-1.1872,-1.6624,0.1458
mxbai,all,advw,K0-K5,8,praise,0.3382,-0.3401,1.4264
mxbai,all,advw,K0-K5,8,thanks,-0.1558,-0.8314,0.7578
mxbai,all,advw,K0-K5,8,agreement,-1.0513,-1.4856,-0.3233
mxbai,all,advw,K0-K5,8,question,0.8613,0.0673,1.3853
mxbai,all,advw,K0-K5,8,reflection opener,0.0817,-0.5101,0.8352
mxbai,all,advw,K0-K5,8,advice,1.0839,-0.1792,1.8231
mxbai,all,advw,K0-K5,8,list preamble,0.9002,-0.3387,1.7925
mxbai,all,advw,GRPO_K0,9,praise,-0.3421,-0.7746,0.1249
mxbai,all,advw,GRPO_K0,9,thanks,-0.2261,-0.6541,0.2937
mxbai,all,advw,GRPO_K0,9,agreement,1.2141,0.9523,1.3806
mxbai,all,advw,GRPO_K0,9,question,-1.0694,-1.2649,-0.7121
mxbai,all,advw,GRPO_K0,9,reflection opener,-0.5944,-0.8012,-0.3138
mxbai,all,advw,GRPO_K0,9,advice,-0.5839,-1.0418,-0.0416
mxbai,all,advw,GRPO_K0,9,list preamble,0.1145,-0.4855,0.7457
mxbai,all,advw,GRPO_K5,9,praise,0.4376,-0.9583,1.3187
mxbai,all,advw,GRPO_K5,9,thanks,0.4217,-0.779,1.1451
mxbai,all,advw,GRPO_K5,9,agreement,0.7419,-0.0631,1.1002
mxbai,all,advw,GRPO_K5,9,question,0.2021,-0.5324,0.867
mxbai,all,advw,GRPO_K5,9,reflection opener,0.2113,-0.5865,0.7878
mxbai,all,advw,GRPO_K5,9,advice,-0.4002,-1.3828,0.9852
mxbai,all,advw,GRPO_K5,9,list preamble,-0.1868,-1.2404,1.162
mxbai,all,advw,K0-K5,9,praise,-0.7796,-1.6818,0.5914
mxbai,all,advw,K0-K5,9,thanks,-0.6478,-1.524,0.6575
mxbai,all,advw,K0-K5,9,agreement,0.4722,-0.0095,1.2879
mxbai,all,advw,K0-K5,9,question,-1.2715,-1.9745,-0.462
mxbai,all,advw,K0-K5,9,reflection opener,-0.8057,-1.3777,0.0259
mxbai,all,advw,K0-K5,9,advice,-0.1837,-1.5968,0.8674
mxbai,all,advw,K0-K5,9,list preamble,0.3012,-1.0275,1.4013
mxbai,all,advw,GRPO_K0,10,praise,1.1104,0.584,1.3522
mxbai,all,advw,GRPO_K0,10,thanks,1.4459,1.0855,1.6167
mxbai,all,advw,GRPO_K0,10,agreement,-0.3135,-0.6021,-0.0513
mxbai,all,advw,GRPO_K0,10,question,0.2549,-0.0259,0.6457
mxbai,all,advw,GRPO_K0,10,reflection opener,0.3778,0.2429,0.481
mxbai,all,advw,GRPO_K0,10,advice,-0.6355,-1.0131,-0.0035
mxbai,all,advw,GRPO_K0,10,list preamble,-1.0823,-1.3706,-0.556
mxbai,all,advw,GRPO_K5,10,praise,0.0411,-0.8901,1.3759
mxbai,all,advw,GRPO_K5,10,thanks,-0.2754,-1.0175,1.0058
mxbai,all,advw,GRPO_K5,10,agreement,-0.6176,-0.9203,0.2543
mxbai,all,advw,GRPO_K5,10,question,0.5015,-0.6566,1.0868
mxbai,all,advw,GRPO_K5,10,reflection opener,-0.8861,-1.3009,0.0531
mxbai,all,advw,GRPO_K5,10,advice,1.0962,-0.6472,1.4992
mxbai,all,advw,GRPO_K5,10,list preamble,1.3962,-0.2841,1.7239
mxbai,all,advw,K0-K5,10,praise,1.0693,-0.3192,2.0267
mxbai,all,advw,K0-K5,10,thanks,1.7213,0.376,2.4909
mxbai,all,advw,K0-K5,10,agreement,0.3041,-0.6071,0.6859
mxbai,all,advw,K0-K5,10,question,-0.2466,-0.9513,1.0259
mxbai,all,advw,K0-K5,10,reflection opener,1.2639,0.2857,1.6293
mxbai,all,advw,K0-K5,10,advice,-1.7316,-2.1942,0.0606
mxbai,all,advw,K0-K5,10,list preamble,-2.4785,-2.8056,-0.8167
mxbai,clean,winlose,GRPO_K0,1,praise,0.9472,0.4754,1.215
mxbai,clean,winlose,GRPO_K0,1,thanks,0.0233,-0.4718,0.5894
mxbai,clean,winlose,GRPO_K0,1,agreement,-0.1924,-0.4975,0.177
mxbai,clean,winlose,GRPO_K0,1,question,-0.5218,-1.1553,0.1044
mxbai,clean,winlose,GRPO_K0,1,reflection opener,-0.0441,-0.4353,0.3155
mxbai,clean,winlose,GRPO_K0,1,advice,0.3621,-0.179,0.9107
mxbai,clean,winlose,GRPO_K0,1,list preamble,-0.1596,-0.8116,0.5388
mxbai,clean,winlose,GRPO_K5,1,praise,0.3631,-0.1902,0.831
mxbai,clean,winlose,GRPO_K5,1,thanks,-0.6072,-1.044,0.0233
mxbai,clean,winlose,GRPO_K5,1,agreement,-0.4563,-0.7627,-0.003
mxbai,clean,winlose,GRPO_K5,1,question,-0.0769,-0.6736,0.517
mxbai,clean,winlose,GRPO_K5,1,reflection opener,-0.5382,-0.8731,-0.108
mxbai,clean,winlose,GRPO_K5,1,advice,0.9209,0.4644,1.1507
mxbai,clean,winlose,GRPO_K5,1,list preamble,0.8067,0.1203,1.1948
mxbai,clean,winlose,K0-K5,1,praise,0.5841,-0.0812,1.1327
mxbai,clean,winlose,K0-K5,1,thanks,0.6304,-0.0688,1.2237
mxbai,clean,winlose,K0-K5,1,agreement,0.2639,-0.2758,0.7161
mxbai,clean,winlose,K0-K5,1,question,-0.4449,-1.2266,0.3533
mxbai,clean,winlose,K0-K5,1,reflection opener,0.4942,-0.0549,0.9868
mxbai,clean,winlose,K0-K5,1,advice,-0.5589,-1.1074,0.1817
mxbai,clean,winlose,K0-K5,1,list preamble,-0.9663,-1.7541,0.0144
mxbai,clean,winlose,GRPO_K0,2,praise,0.0623,-0.3644,0.5425
mxbai,clean,winlose,GRPO_K0,2,thanks,-0.3256,-0.7301,0.2619
mxbai,clean,winlose,GRPO_K0,2,agreement,-0.7259,-0.9214,-0.3413
mxbai,clean,winlose,GRPO_K0,2,question,0.2945,-0.3086,0.8013
mxbai,clean,winlose,GRPO_K0,2,reflection opener,-0.1922,-0.6103,0.3034
mxbai,clean,winlose,GRPO_K0,2,advice,1.3735,0.7994,1.6036
mxbai,clean,winlose,GRPO_K0,2,list preamble,1.3074,0.605,1.6329
mxbai,clean,winlose,GRPO_K5,2,praise,0.0999,-0.2714,0.5616
mxbai,clean,winlose,GRPO_K5,2,thanks,-0.4746,-0.8227,0.1247
mxbai,clean,winlose,GRPO_K5,2,agreement,-0.4797,-0.6637,-0.1763
mxbai,clean,winlose,GRPO_K5,2,question,0.1164,-0.4173,0.528
mxbai,clean,winlose,GRPO_K5,2,reflection opener,-0.0856,-0.3462,0.1951
mxbai,clean,winlose,GRPO_K5,2,advice,0.9462,0.4887,1.208
mxbai,clean,winlose,GRPO_K5,2,list preamble,0.6516,-0.024,1.0795
mxbai,clean,winlose,K0-K5,2,praise,-0.0376,-0.7321,0.5784
mxbai,clean,winlose,K0-K5,2,thanks,0.149,-0.7041,0.9215
mxbai,clean,winlose,K0-K5,2,agreement,-0.2462,-0.6045,0.1795
mxbai,clean,winlose,K0-K5,2,question,0.1781,-0.5409,0.9313
mxbai,clean,winlose,K0-K5,2,reflection opener,-0.1066,-0.6202,0.4159
mxbai,clean,winlose,K0-K5,2,advice,0.4273,-0.1707,0.9735
mxbai,clean,winlose,K0-K5,2,list preamble,0.6558,-0.214,1.4699
mxbai,clean,winlose,GRPO_K0,3,praise,0.9713,0.7297,1.2021
mxbai,clean,winlose,GRPO_K0,3,thanks,0.4586,0.141,0.8141
mxbai,clean,winlose,GRPO_K0,3,agreement,-0.3619,-0.5793,-0.0561
mxbai,clean,winlose,GRPO_K0,3,question,-0.4475,-0.8175,-0.0798
mxbai,clean,winlose,GRPO_K0,3,reflection opener,-0.0014,-0.2225,0.2797
mxbai,clean,winlose,GRPO_K0,3,advice,0.6492,0.2362,0.9343
mxbai,clean,winlose,GRPO_K0,3,list preamble,0.2218,-0.2741,0.6045
mxbai,clean,winlose,GRPO_K5,3,praise,-0.0472,-0.3222,0.2644
mxbai,clean,winlose,GRPO_K5,3,thanks,-0.583,-0.891,-0.1817
mxbai,clean,winlose,GRPO_K5,3,agreement,-0.6015,-0.7483,-0.3574
mxbai,clean,winlose,GRPO_K5,3,question,0.2618,-0.1783,0.6324
mxbai,clean,winlose,GRPO_K5,3,reflection opener,-0.272,-0.6095,0.1281
mxbai,clean,winlose,GRPO_K5,3,advice,1.3019,0.9743,1.4738
mxbai,clean,winlose,GRPO_K5,3,list preamble,0.9617,0.5239,1.2343
mxbai,clean,winlose,K0-K5,3,praise,1.0186,0.6135,1.3392
mxbai,clean,winlose,K0-K5,3,thanks,1.0417,0.5546,1.4991
mxbai,clean,winlose,K0-K5,3,agreement,0.2396,-0.0396,0.5158
mxbai,clean,winlose,K0-K5,3,question,-0.7093,-1.2332,-0.1464
mxbai,clean,winlose,K0-K5,3,reflection opener,0.2706,-0.1704,0.7463
mxbai,clean,winlose,K0-K5,3,advice,-0.6528,-1.0404,-0.2572
mxbai,clean,winlose,K0-K5,3,list preamble,-0.7399,-1.2154,-0.2385
mxbai,clean,winlose,GRPO_K0,4,praise,1.5372,1.0702,1.7021
mxbai,clean,winlose,GRPO_K0,4,thanks,0.8651,0.2954,1.1902
mxbai,clean,winlose,GRPO_K0,4,agreement,0.115,-0.3441,0.4971
mxbai,clean,winlose,GRPO_K0,4,question,-1.1025,-1.4319,-0.4327
mxbai,clean,winlose,GRPO_K0,4,reflection opener,0.003,-0.4288,0.3876
mxbai,clean,winlose,GRPO_K0,4,advice,-0.2455,-0.7557,0.4433
mxbai,clean,winlose,GRPO_K0,4,list preamble,-0.5445,-1.0587,0.3134
mxbai,clean,winlose,GRPO_K5,4,praise,0.2006,-0.2054,0.563
mxbai,clean,winlose,GRPO_K5,4,thanks,-0.4622,-0.8146,-0.06
mxbai,clean,winlose,GRPO_K5,4,agreement,-0.5464,-0.7009,-0.3266
mxbai,clean,winlose,GRPO_K5,4,question,0.1507,-0.2485,0.5182
mxbai,clean,winlose,GRPO_K5,4,reflection opener,-0.1682,-0.4267,0.1011
mxbai,clean,winlose,GRPO_K5,4,advice,1.2979,0.8861,1.5431
mxbai,clean,winlose,GRPO_K5,4,list preamble,0.7266,0.2416,1.1387
mxbai,clean,winlose,K0-K5,4,praise,1.3366,0.7507,1.662
mxbai,clean,winlose,K0-K5,4,thanks,1.3273,0.5976,1.8201
mxbai,clean,winlose,K0-K5,4,agreement,0.6614,0.2014,1.064
mxbai,clean,winlose,K0-K5,4,question,-1.2532,-1.7633,-0.5651
mxbai,clean,winlose,K0-K5,4,reflection opener,0.1712,-0.3648,0.6538
mxbai,clean,winlose,K0-K5,4,advice,-1.5435,-2.0859,-0.7615
mxbai,clean,winlose,K0-K5,4,list preamble,-1.2711,-1.8708,-0.3136
mxbai,clean,winlose,GRPO_K0,5,praise,1.1949,0.3792,1.6645
mxbai,clean,winlose,GRPO_K0,5,thanks,0.1336,-0.6636,0.8115
mxbai,clean,winlose,GRPO_K0,5,agreement,-0.3861,-0.6697,0.0927
mxbai,clean,winlose,GRPO_K0,5,question,-0.2683,-0.9096,0.3484
mxbai,clean,winlose,GRPO_K0,5,reflection opener,0.0392,-0.5492,0.4729
mxbai,clean,winlose,GRPO_K0,5,advice,0.5697,-0.3295,1.1896
mxbai,clean,winlose,GRPO_K0,5,list preamble,0.902,-0.1979,1.788
mxbai,clean,winlose,GRPO_K5,5,praise,-0.5186,-1.0083,0.4144
mxbai,clean,winlose,GRPO_K5,5,thanks,-0.6284,-0.9873,0.047
mxbai,clean,winlose,GRPO_K5,5,agreement,-0.4393,-0.6787,-0.0609
mxbai,clean,winlose,GRPO_K5,5,question,0.5366,-0.1055,0.8999
mxbai,clean,winlose,GRPO_K5,5,reflection opener,-0.268,-0.6001,0.1664
mxbai,clean,winlose,GRPO_K5,5,advice,1.3575,0.7015,1.5772
mxbai,clean,winlose,GRPO_K5,5,list preamble,1.1052,0.3548,1.4822
mxbai,clean,winlose,K0-K5,5,praise,1.7135,0.5312,2.3636
mxbai,clean,winlose,K0-K5,5,thanks,0.762,-0.2818,1.5653
mxbai,clean,winlose,K0-K5,5,agreement,0.0532,-0.3822,0.5941
mxbai,clean,winlose,K0-K5,5,question,-0.8049,-1.5383,0.1705
mxbai,clean,winlose,K0-K5,5,reflection opener,0.3073,-0.3655,0.7641
mxbai,clean,winlose,K0-K5,5,advice,-0.7879,-1.5737,0.0438
mxbai,clean,winlose,K0-K5,5,list preamble,-0.2032,-1.3013,0.942
mxbai,clean,winlose,GRPO_K0,6,praise,1.2,0.1643,1.4996
mxbai,clean,winlose,GRPO_K0,6,thanks,0.9974,-0.2242,1.4393
mxbai,clean,winlose,GRPO_K0,6,agreement,0.538,-0.1858,0.9959
mxbai,clean,winlose,GRPO_K0,6,question,-0.4604,-1.0513,0.563
mxbai,clean,winlose,GRPO_K0,6,reflection opener,-0.0194,-0.6489,0.4885
mxbai,clean,winlose,GRPO_K0,6,advice,-0.5572,-1.2424,0.5238
mxbai,clean,winlose,GRPO_K0,6,list preamble,-0.5273,-1.539,1.0349
mxbai,clean,winlose,GRPO_K5,6,praise,-1.0145,-1.4413,0.2262
mxbai,clean,winlose,GRPO_K5,6,thanks,-1.1283,-1.4499,-0.062
mxbai,clean,winlose,GRPO_K5,6,agreement,0.232,-0.3663,0.7649
mxbai,clean,winlose,GRPO_K5,6,question,0.616,-0.1624,1.0204
mxbai,clean,winlose,GRPO_K5,6,reflection opener,-0.505,-0.9333,0.1454
mxbai,clean,winlose,GRPO_K5,6,advice,0.4134,-0.6581,1.1413
mxbai,clean,winlose,GRPO_K5,6,list preamble,0.5841,-0.5743,1.288
mxbai,clean,winlose,K0-K5,6,praise,2.2145,0.2976,2.7056
mxbai,clean,winlose,K0-K5,6,thanks,2.1257,0.28,2.5163
mxbai,clean,winlose,K0-K5,6,agreement,0.306,-0.6289,1.0568
mxbai,clean,winlose,K0-K5,6,question,-1.0764,-1.8361,0.2887
mxbai,clean,winlose,K0-K5,6,reflection opener,0.4856,-0.3024,1.0603
mxbai,clean,winlose,K0-K5,6,advice,-0.9705,-2.0371,0.6602
mxbai,clean,winlose,K0-K5,6,list preamble,-1.1115,-2.3937,1.0856
mxbai,clean,winlose,GRPO_K0,7,praise,0.7717,-0.1066,1.4417
mxbai,clean,winlose,GRPO_K0,7,thanks,1.096,0.2545,1.5745
mxbai,clean,winlose,GRPO_K0,7,agreement,-0.2487,-0.6468,0.5969
mxbai,clean,winlose,GRPO_K0,7,question,0.1178,-0.8562,0.739
mxbai,clean,winlose,GRPO_K0,7,reflection opener,0.2664,-0.2833,0.5458
mxbai,clean,winlose,GRPO_K0,7,advice,-0.0486,-0.9728,0.6619
mxbai,clean,winlose,GRPO_K0,7,list preamble,-0.549,-1.227,0.4268
mxbai,clean,winlose,GRPO_K5,7,praise,1.1863,-0.0935,1.5467
mxbai,clean,winlose,GRPO_K5,7,thanks,0.9901,-0.106,1.3701
mxbai,clean,winlose,GRPO_K5,7,agreement,0.0684,-0.4528,0.5003
mxbai,clean,winlose,GRPO_K5,7,question,-0.4546,-0.9792,0.4202
mxbai,clean,winlose,GRPO_K5,7,reflection opener,-0.3633,-0.9418,0.2576
mxbai,clean,winlose,GRPO_K5,7,advice,-1.3563,-1.6767,-0.1251
mxbai,clean,winlose,GRPO_K5,7,list preamble,-1.1219,-1.5482,0.0881
mxbai,clean,winlose,K0-K5,7,praise,-0.4146,-1.262,0.9545
mxbai,clean,winlose,K0-K5,7,thanks,0.1059,-0.64,1.1193
mxbai,clean,winlose,K0-K5,7,agreement,-0.3172,-0.9522,0.6496
mxbai,clean,winlose,K0-K5,7,question,0.5724,-0.7474,1.3709
mxbai,clean,winlose,K0-K5,7,reflection opener,0.6298,-0.1257,1.196
mxbai,clean,winlose,K0-K5,7,advice,1.3077,-0.1112,1.9079
mxbai,clean,winlose,K0-K5,7,list preamble,0.5729,-0.7481,1.587
mxbai,clean,winlose,GRPO_K0,8,praise,1.2695,0.554,1.5091
mxbai,clean,winlose,GRPO_K0,8,thanks,1.211,0.1935,1.4774
mxbai,clean,winlose,GRPO_K0,8,agreement,0.0816,-0.4024,0.4998
mxbai,clean,winlose,GRPO_K0,8,question,-0.1125,-0.4976,0.451
mxbai,clean,winlose,GRPO_K0,8,reflection opener,0.29,-0.1619,0.5382
mxbai,clean,winlose,GRPO_K0,8,advice,-0.9962,-1.357,0.0449
mxbai,clean,winlose,GRPO_K0,8,list preamble,-1.2146,-1.5792,-0.0912
mxbai,clean,winlose,GRPO_K5,8,praise,1.2191,0.2563,1.5435
mxbai,clean,winlose,GRPO_K5,8,thanks,0.9482,0.0101,1.3488
mxbai,clean,winlose,GRPO_K5,8,agreement,0.3657,-0.2777,0.7726
mxbai,clean,winlose,GRPO_K5,8,question,-0.3436,-0.7576,0.2224
mxbai,clean,winlose,GRPO_K5,8,reflection opener,0.0957,-0.7214,0.6238
mxbai,clean,winlose,GRPO_K5,8,advice,-1.4091,-1.8101,-0.1063
mxbai,clean,winlose,GRPO_K5,8,list preamble,-1.5064,-1.8306,-0.2536
mxbai,clean,winlose,K0-K5,8,praise,0.0504,-0.5578,0.9783
mxbai,clean,winlose,K0-K5,8,thanks,0.2628,-0.6122,1.1172
mxbai,clean,winlose,K0-K5,8,agreement,-0.284,-0.8462,0.3463
mxbai,clean,winlose,K0-K5,8,question,0.2311,-0.4648,0.8413
mxbai,clean,winlose,K0-K5,8,reflection opener,0.1944,-0.4476,0.9355
mxbai,clean,winlose,K0-K5,8,advice,0.4128,-0.6975,1.2382
mxbai,clean,winlose,K0-K5,8,list preamble,0.2919,-0.7325,1.3164
mxbai,clean,winlose,GRPO_K0,9,praise,-0.423,-0.847,0.116
mxbai,clean,winlose,GRPO_K0,9,thanks,-0.563,-0.9986,0.0331
mxbai,clean,winlose,GRPO_K0,9,agreement,0.9604,0.6069,1.197
mxbai,clean,winlose,GRPO_K0,9,question,-0.8137,-1.1408,-0.3643
mxbai,clean,winlose,GRPO_K0,9,reflection opener,-0.6738,-0.8585,-0.4171
mxbai,clean,winlose,GRPO_K0,9,advice,-0.4385,-1.0811,0.1952
mxbai,clean,winlose,GRPO_K0,9,list preamble,0.4714,-0.2813,1.0719
mxbai,clean,winlose,GRPO_K5,9,praise,0.2464,-0.8654,1.2763
mxbai,clean,winlose,GRPO_K5,9,thanks,-0.1578,-1.0588,0.9636
mxbai,clean,winlose,GRPO_K5,9,agreement,0.5202,-0.1499,0.9581
mxbai,clean,winlose,GRPO_K5,9,question,0.3906,-0.4625,0.9345
mxbai,clean,winlose,GRPO_K5,9,reflection opener,-0.258,-0.7393,0.4409
mxbai,clean,winlose,GRPO_K5,9,advice,-0.397,-1.47,0.8028
mxbai,clean,winlose,GRPO_K5,9,list preamble,0.187,-1.0718,1.1888
mxbai,clean,winlose,K0-K5,9,praise,-0.6694,-1.7494,0.4994
mxbai,clean,winlose,K0-K5,9,thanks,-0.4052,-1.6494,0.6971
mxbai,clean,winlose,K0-K5,9,agreement,0.4402,-0.1819,1.1683
mxbai,clean,winlose,K0-K5,9,question,-1.2042,-1.8671,-0.1844
mxbai,clean,winlose,K0-K5,9,reflection opener,-0.4157,-1.0605,0.1285
mxbai,clean,winlose,K0-K5,9,advice,-0.0414,-1.2645,1.1063
mxbai,clean,winlose,K0-K5,9,list preamble,0.2845,-0.8066,1.6459
mxbai,clean,winlose,GRPO_K0,10,praise,1.2186,0.7652,1.4433
mxbai,clean,winlose,GRPO_K0,10,thanks,1.4645,1.1991,1.5881
mxbai,clean,winlose,GRPO_K0,10,agreement,0.0806,-0.176,0.2748
mxbai,clean,winlose,GRPO_K0,10,question,0.0518,-0.174,0.4619
mxbai,clean,winlose,GRPO_K0,10,reflection opener,0.4634,0.3092,0.6215
mxbai,clean,winlose,GRPO_K0,10,advice,-1.2165,-1.4098,-0.8036
mxbai,clean,winlose,GRPO_K0,10,list preamble,-1.6048,-1.7399,-1.317
mxbai,clean,winlose,GRPO_K5,10,praise,-0.4397,-1.0768,0.8987
mxbai,clean,winlose,GRPO_K5,10,thanks,-0.9177,-1.3253,0.314
mxbai,clean,winlose,GRPO_K5,10,agreement,-0.4154,-0.7841,0.3656
mxbai,clean,winlose,GRPO_K5,10,question,0.5533,-0.4637,1.0108
mxbai,clean,winlose,GRPO_K5,10,reflection opener,-1.2301,-1.571,-0.389
mxbai,clean,winlose,GRPO_K5,10,advice,1.1432,-0.3613,1.4885
mxbai,clean,winlose,GRPO_K5,10,list preamble,1.4598,-0.0445,1.7372
mxbai,clean,winlose,K0-K5,10,praise,1.6583,0.2427,2.3244
mxbai,clean,winlose,K0-K5,10,thanks,2.3822,1.0182,2.8126
mxbai,clean,winlose,K0-K5,10,agreement,0.496,-0.3033,0.8943
mxbai,clean,winlose,K0-K5,10,question,-0.5015,-1.0322,0.6361
mxbai,clean,winlose,K0-K5,10,reflection opener,1.6935,0.8276,2.0259
mxbai,clean,winlose,K0-K5,10,advice,-2.3597,-2.7445,-0.7459
mxbai,clean,winlose,K0-K5,10,list preamble,-3.0646,-3.3273,-1.4794
mxbai,clean,advw,GRPO_K0,1,praise,0.9358,0.4836,1.2028
mxbai,clean,advw,GRPO_K0,1,thanks,-0.0178,-0.5853,0.6185
mxbai,clean,advw,GRPO_K0,1,agreement,-0.1202,-0.4027,0.2329
mxbai,clean,advw,GRPO_K0,1,question,-0.6222,-1.2125,-0.0166
mxbai,clean,advw,GRPO_K0,1,reflection opener,-0.195,-0.5809,0.1553
mxbai,clean,advw,GRPO_K0,1,advice,0.2884,-0.2734,0.8351
mxbai,clean,advw,GRPO_K0,1,list preamble,-0.2413,-0.8458,0.398
mxbai,clean,advw,GRPO_K5,1,praise,0.329,-0.1836,0.807
mxbai,clean,advw,GRPO_K5,1,thanks,-0.5709,-0.9891,-0.0022
mxbai,clean,advw,GRPO_K5,1,agreement,-0.4578,-0.7561,-0.0523
mxbai,clean,advw,GRPO_K5,1,question,-0.0967,-0.6151,0.4903
mxbai,clean,advw,GRPO_K5,1,reflection opener,-0.5357,-0.8588,-0.1407
mxbai,clean,advw,GRPO_K5,1,advice,0.9439,0.5272,1.1698
mxbai,clean,advw,GRPO_K5,1,list preamble,0.823,0.2,1.2031
mxbai,clean,advw,K0-K5,1,praise,0.6069,-0.0013,1.0823
mxbai,clean,advw,K0-K5,1,thanks,0.5531,-0.1726,1.1547
mxbai,clean,advw,K0-K5,1,agreement,0.3375,-0.1543,0.8012
mxbai,clean,advw,K0-K5,1,question,-0.5255,-1.2854,0.2397
mxbai,clean,advw,K0-K5,1,reflection opener,0.3407,-0.1419,0.8373
mxbai,clean,advw,K0-K5,1,advice,-0.6555,-1.2033,0.0136
mxbai,clean,advw,K0-K5,1,list preamble,-1.0643,-1.7345,-0.2656
mxbai,clean,advw,GRPO_K0,2,praise,0.307,-0.1596,0.7674
mxbai,clean,advw,GRPO_K0,2,thanks,-0.1965,-0.6256,0.3558
mxbai,clean,advw,GRPO_K0,2,agreement,-0.6658,-0.9158,-0.2422
mxbai,clean,advw,GRPO_K0,2,question,0.0697,-0.4727,0.6099
mxbai,clean,advw,GRPO_K0,2,reflection opener,-0.1866,-0.6005,0.2845
mxbai,clean,advw,GRPO_K0,2,advice,1.2453,0.6341,1.5404
mxbai,clean,advw,GRPO_K0,2,list preamble,1.0588,0.2143,1.5002
mxbai,clean,advw,GRPO_K5,2,praise,0.1801,-0.1459,0.546
mxbai,clean,advw,GRPO_K5,2,thanks,-0.4477,-0.8323,0.1732
mxbai,clean,advw,GRPO_K5,2,agreement,-0.406,-0.5837,-0.1119
mxbai,clean,advw,GRPO_K5,2,question,-0.0434,-0.5487,0.3402
mxbai,clean,advw,GRPO_K5,2,reflection opener,-0.0648,-0.3371,0.227
mxbai,clean,advw,GRPO_K5,2,advice,0.8166,0.4563,1.0825
mxbai,clean,advw,GRPO_K5,2,list preamble,0.5448,-0.0125,0.975
mxbai,clean,advw,K0-K5,2,praise,0.1268,-0.5008,0.7102
mxbai,clean,advw,K0-K5,2,thanks,0.2513,-0.546,0.9465
mxbai,clean,advw,K0-K5,2,agreement,-0.2599,-0.6426,0.2138
mxbai,clean,advw,K0-K5,2,question,0.1131,-0.5491,0.8025
mxbai,clean,advw,K0-K5,2,reflection opener,-0.1218,-0.6196,0.3727
mxbai,clean,advw,K0-K5,2,advice,0.4287,-0.185,0.9199
mxbai,clean,advw,K0-K5,2,list preamble,0.5139,-0.3761,1.2673
mxbai,clean,advw,GRPO_K0,3,praise,0.9101,0.6668,1.1407
mxbai,clean,advw,GRPO_K0,3,thanks,0.4181,0.1106,0.7427
mxbai,clean,advw,GRPO_K0,3,agreement,-0.3915,-0.5929,-0.0796
mxbai,clean,advw,GRPO_K0,3,question,-0.3634,-0.7284,-0.0103
mxbai,clean,advw,GRPO_K0,3,reflection opener,-0.016,-0.2626,0.2754
mxbai,clean,advw,GRPO_K0,3,advice,0.7283,0.3131,1.0025
mxbai,clean,advw,GRPO_K0,3,list preamble,0.3069,-0.2045,0.678
mxbai,clean,advw,GRPO_K5,3,praise,0.0144,-0.325,0.3896
mxbai,clean,advw,GRPO_K5,3,thanks,-0.4748,-0.7817,-0.05
mxbai,clean,advw,GRPO_K5,3,agreement,-0.6308,-0.7726,-0.4193
mxbai,clean,advw,GRPO_K5,3,question,0.2646,-0.1811,0.6758
mxbai,clean,advw,GRPO_K5,3,reflection opener,-0.3056,-0.6506,0.0915
mxbai,clean,advw,GRPO_K5,3,advice,1.3258,0.9634,1.5013
mxbai,clean,advw,GRPO_K5,3,list preamble,0.9741,0.5113,1.2568
mxbai,clean,advw,K0-K5,3,praise,0.8957,0.4742,1.2883
mxbai,clean,advw,K0-K5,3,thanks,0.893,0.4137,1.3711
mxbai,clean,advw,K0-K5,3,agreement,0.2393,-0.0314,0.5209
mxbai,clean,advw,K0-K5,3,question,-0.628,-1.1854,-0.0422
mxbai,clean,advw,K0-K5,3,reflection opener,0.2896,-0.1316,0.7448
mxbai,clean,advw,K0-K5,3,advice,-0.5975,-1.0148,-0.1788
mxbai,clean,advw,K0-K5,3,list preamble,-0.6672,-1.2172,-0.0786
mxbai,clean,advw,GRPO_K0,4,praise,1.5375,1.1501,1.6872
mxbai,clean,advw,GRPO_K0,4,thanks,0.8426,0.3032,1.1631
mxbai,clean,advw,GRPO_K0,4,agreement,0.1972,-0.2313,0.5531
mxbai,clean,advw,GRPO_K0,4,question,-1.1995,-1.5255,-0.5512
mxbai,clean,advw,GRPO_K0,4,reflection opener,-0.0716,-0.4693,0.2916
mxbai,clean,advw,GRPO_K0,4,advice,-0.2523,-0.6885,0.3729
mxbai,clean,advw,GRPO_K0,4,list preamble,-0.4548,-0.9879,0.3081
mxbai,clean,advw,GRPO_K5,4,praise,0.2971,-0.0745,0.6127
mxbai,clean,advw,GRPO_K5,4,thanks,-0.4247,-0.7278,-0.0962
mxbai,clean,advw,GRPO_K5,4,agreement,-0.5228,-0.6671,-0.3008
mxbai,clean,advw,GRPO_K5,4,question,0.1231,-0.24,0.4793
mxbai,clean,advw,GRPO_K5,4,reflection opener,-0.1407,-0.3727,0.0866
mxbai,clean,advw,GRPO_K5,4,advice,1.1466,0.7782,1.4114
mxbai,clean,advw,GRPO_K5,4,list preamble,0.5366,0.1014,0.8994
mxbai,clean,advw,K0-K5,4,praise,1.2404,0.758,1.5712
mxbai,clean,advw,K0-K5,4,thanks,1.2673,0.6502,1.6897
mxbai,clean,advw,K0-K5,4,agreement,0.72,0.2438,1.1018
mxbai,clean,advw,K0-K5,4,question,-1.3226,-1.8067,-0.6231
mxbai,clean,advw,K0-K5,4,reflection opener,0.0692,-0.4397,0.5251
mxbai,clean,advw,K0-K5,4,advice,-1.3989,-1.8956,-0.7185
mxbai,clean,advw,K0-K5,4,list preamble,-0.9914,-1.589,-0.0806
mxbai,clean,advw,GRPO_K0,5,praise,1.3181,0.4764,1.7172
mxbai,clean,advw,GRPO_K0,5,thanks,0.2213,-0.5702,0.8788
mxbai,clean,advw,GRPO_K0,5,agreement,-0.2007,-0.5075,0.2575
mxbai,clean,advw,GRPO_K0,5,question,-0.5424,-1.0954,0.1647
mxbai,clean,advw,GRPO_K0,5,reflection opener,-0.0263,-0.569,0.4256
mxbai,clean,advw,GRPO_K0,5,advice,0.3981,-0.4733,1.0968
mxbai,clean,advw,GRPO_K0,5,list preamble,0.9451,-0.2168,1.7945
mxbai,clean,advw,GRPO_K5,5,praise,-0.4652,-0.9137,0.3187
mxbai,clean,advw,GRPO_K5,5,thanks,-0.7128,-1.0214,-0.1272
mxbai,clean,advw,GRPO_K5,5,agreement,-0.3297,-0.5557,-0.0105
mxbai,clean,advw,GRPO_K5,5,question,0.4433,-0.1809,0.8063
mxbai,clean,advw,GRPO_K5,5,reflection opener,-0.1329,-0.4382,0.186
mxbai,clean,advw,GRPO_K5,5,advice,1.1653,0.594,1.4279
mxbai,clean,advw,GRPO_K5,5,list preamble,0.8265,0.0173,1.3157
mxbai,clean,advw,K0-K5,5,praise,1.7834,0.6509,2.3
mxbai,clean,advw,K0-K5,5,thanks,0.934,-0.0238,1.6816
mxbai,clean,advw,K0-K5,5,agreement,0.129,-0.3066,0.5971
mxbai,clean,advw,K0-K5,5,question,-0.9856,-1.7272,0.0014
mxbai,clean,advw,K0-K5,5,reflection opener,0.1065,-0.4699,0.5925
mxbai,clean,advw,K0-K5,5,advice,-0.7672,-1.6166,0.0612
mxbai,clean,advw,K0-K5,5,list preamble,0.1185,-1.0423,1.2586
mxbai,clean,advw,GRPO_K0,6,praise,1.3715,0.2385,1.6101
mxbai,clean,advw,GRPO_K0,6,thanks,0.669,-0.4269,1.234
mxbai,clean,advw,GRPO_K0,6,agreement,0.234,-0.3902,0.809
mxbai,clean,advw,GRPO_K0,6,question,-0.1771,-0.9635,0.7873
mxbai,clean,advw,GRPO_K0,6,reflection opener,-0.149,-0.7426,0.3719
mxbai,clean,advw,GRPO_K0,6,advice,-0.3185,-1.1719,0.7261
mxbai,clean,advw,GRPO_K0,6,list preamble,-0.5845,-1.5584,0.9554
mxbai,clean,advw,GRPO_K5,6,praise,-1.0901,-1.4501,-0.051
mxbai,clean,advw,GRPO_K5,6,thanks,-1.2328,-1.4989,-0.2306
mxbai,clean,advw,GRPO_K5,6,agreement,0.2779,-0.2926,0.8532
mxbai,clean,advw,GRPO_K5,6,question,0.5392,-0.239,0.9544
mxbai,clean,advw,GRPO_K5,6,reflection opener,-0.5209,-0.9885,0.1728
mxbai,clean,advw,GRPO_K5,6,advice,0.4605,-0.6601,1.1611
mxbai,clean,advw,GRPO_K5,6,list preamble,0.4456,-0.7378,1.1018
mxbai,clean,advw,K0-K5,6,praise,2.4616,0.5818,2.8988
mxbai,clean,advw,K0-K5,6,thanks,1.9019,0.2021,2.3879
mxbai,clean,advw,K0-K5,6,agreement,-0.0439,-0.928,0.8078
mxbai,clean,advw,K0-K5,6,question,-0.7163,-1.6726,0.5485
mxbai,clean,advw,K0-K5,6,reflection opener,0.3719,-0.4113,0.9688
mxbai,clean,advw,K0-K5,6,advice,-0.7789,-1.9023,0.8168
mxbai,clean,advw,K0-K5,6,list preamble,-1.0301,-2.2889,1.2496
mxbai,clean,advw,GRPO_K0,7,praise,0.6935,-0.1995,1.3943
mxbai,clean,advw,GRPO_K0,7,thanks,1.0104,0.0902,1.5709
mxbai,clean,advw,GRPO_K0,7,agreement,-0.2521,-0.6469,0.5975
mxbai,clean,advw,GRPO_K0,7,question,0.1242,-0.8533,0.7707
mxbai,clean,advw,GRPO_K0,7,reflection opener,0.3225,-0.2197,0.5825
mxbai,clean,advw,GRPO_K0,7,advice,-0.0897,-0.9914,0.6759
mxbai,clean,advw,GRPO_K0,7,list preamble,-0.5991,-1.2464,0.3935
mxbai,clean,advw,GRPO_K5,7,praise,1.0757,0.0333,1.4664
mxbai,clean,advw,GRPO_K5,7,thanks,1.1472,0.3091,1.42
mxbai,clean,advw,GRPO_K5,7,agreement,0.1756,-0.224,0.5138
mxbai,clean,advw,GRPO_K5,7,question,-0.3232,-0.8688,0.4563
mxbai,clean,advw,GRPO_K5,7,reflection opener,0.1495,-0.4111,0.6289
mxbai,clean,advw,GRPO_K5,7,advice,-1.6155,-1.8254,-0.7349
mxbai,clean,advw,GRPO_K5,7,list preamble,-1.2883,-1.573,-0.3696
mxbai,clean,advw,K0-K5,7,praise,-0.3823,-1.3278,0.8782
mxbai,clean,advw,K0-K5,7,thanks,-0.1368,-0.9822,0.7516
mxbai,clean,advw,K0-K5,7,agreement,-0.4276,-0.9102,0.5002
mxbai,clean,advw,K0-K5,7,question,0.4474,-0.7924,1.2644
mxbai,clean,advw,K0-K5,7,reflection opener,0.1729,-0.467,0.7642
mxbai,clean,advw,K0-K5,7,advice,1.5258,0.3383,2.1163
mxbai,clean,advw,K0-K5,7,list preamble,0.6892,-0.3647,1.6099
mxbai,clean,advw,GRPO_K0,8,praise,1.0845,-0.1166,1.3846
mxbai,clean,advw,GRPO_K0,8,thanks,1.1694,-0.2775,1.5339
mxbai,clean,advw,GRPO_K0,8,agreement,-0.0754,-0.6278,0.3985
mxbai,clean,advw,GRPO_K0,8,question,0.0589,-0.3979,0.6773
mxbai,clean,advw,GRPO_K0,8,reflection opener,0.2234,-0.3714,0.5131
mxbai,clean,advw,GRPO_K0,8,advice,-0.7889,-1.3044,0.5779
mxbai,clean,advw,GRPO_K0,8,list preamble,-0.9811,-1.5115,0.6457
mxbai,clean,advw,GRPO_K5,8,praise,0.7768,-0.5109,1.3689
mxbai,clean,advw,GRPO_K5,8,thanks,1.1325,-0.0102,1.4188
mxbai,clean,advw,GRPO_K5,8,agreement,0.6077,-0.1942,0.987
mxbai,clean,advw,GRPO_K5,8,question,-0.6599,-1.071,0.149
mxbai,clean,advw,GRPO_K5,8,reflection opener,0.0002,-0.8686,0.6106
mxbai,clean,advw,GRPO_K5,8,advice,-1.1262,-1.6261,0.2711
mxbai,clean,advw,GRPO_K5,8,list preamble,-1.1461,-1.6499,0.3597
mxbai,clean,advw,K0-K5,8,praise,0.3077,-0.715,1.4366
mxbai,clean,advw,K0-K5,8,thanks,0.0369,-1.0094,1.0069
mxbai,clean,advw,K0-K5,8,agreement,-0.6831,-1.324,0.1252
mxbai,clean,advw,K0-K5,8,question,0.7187,-0.1346,1.3929
mxbai,clean,advw,K0-K5,8,reflection opener,0.2232,-0.5177,1.0149
mxbai,clean,advw,K0-K5,8,advice,0.3373,-1.0311,1.5006
mxbai,clean,advw,K0-K5,8,list preamble,0.165,-1.1962,1.6541
mxbai,clean,advw,GRPO_K0,9,praise,-0.4988,-0.917,0.0221
mxbai,clean,advw,GRPO_K0,9,thanks,-0.6248,-1.0925,-0.0323
mxbai,clean,advw,GRPO_K0,9,agreement,0.9547,0.6006,1.2047
mxbai,clean,advw,GRPO_K0,9,question,-0.7949,-1.1246,-0.3644
mxbai,clean,advw,GRPO_K0,9,reflection opener,-0.6901,-0.8711,-0.4263
mxbai,clean,advw,GRPO_K0,9,advice,-0.3374,-0.9554,0.2733
mxbai,clean,advw,GRPO_K0,9,list preamble,0.5449,-0.1961,1.1208
mxbai,clean,advw,GRPO_K5,9,praise,0.3486,-0.9273,1.2598
mxbai,clean,advw,GRPO_K5,9,thanks,0.252,-0.8818,1.0526
mxbai,clean,advw,GRPO_K5,9,agreement,0.9201,0.1257,1.1927
mxbai,clean,advw,GRPO_K5,9,question,0.1064,-0.5808,0.7689
mxbai,clean,advw,GRPO_K5,9,reflection opener,0.1391,-0.6137,0.7289
mxbai,clean,advw,GRPO_K5,9,advice,-0.5837,-1.5002,0.8525
mxbai,clean,advw,GRPO_K5,9,list preamble,-0.0561,-1.1276,1.2143
mxbai,clean,advw,K0-K5,9,praise,-0.8474,-1.7708,0.4723
mxbai,clean,advw,K0-K5,9,thanks,-0.8767,-1.8209,0.4203
mxbai,clean,advw,K0-K5,9,agreement,0.0346,-0.4529,0.9003
mxbai,clean,advw,K0-K5,9,question,-0.9013,-1.671,-0.0225
mxbai,clean,advw,K0-K5,9,reflection opener,-0.8292,-1.417,-0.0161
mxbai,clean,advw,K0-K5,9,advice,0.2463,-1.2062,1.2632
mxbai,clean,advw,K0-K5,9,list preamble,0.601,-0.7366,1.7696
mxbai,clean,advw,GRPO_K0,10,praise,1.1726,0.6212,1.3855
mxbai,clean,advw,GRPO_K0,10,thanks,1.5026,1.174,1.6412
mxbai,clean,advw,GRPO_K0,10,agreement,0.0187,-0.2882,0.2242
mxbai,clean,advw,GRPO_K0,10,question,0.0863,-0.1612,0.5307
mxbai,clean,advw,GRPO_K0,10,reflection opener,0.4794,0.3178,0.6349
mxbai,clean,advw,GRPO_K0,10,advice,-1.1262,-1.3637,-0.5791
mxbai,clean,advw,GRPO_K0,10,list preamble,-1.5148,-1.6767,-1.0942
mxbai,clean,advw,GRPO_K5,10,praise,0.0109,-0.8876,1.3426
mxbai,clean,advw,GRPO_K5,10,thanks,-0.3736,-1.0934,0.9153
mxbai,clean,advw,GRPO_K5,10,agreement,-0.5186,-0.8417,0.2636
mxbai,clean,advw,GRPO_K5,10,question,0.4603,-0.6716,1.0656
mxbai,clean,advw,GRPO_K5,10,reflection opener,-1.0498,-1.3926,-0.1671
mxbai,clean,advw,GRPO_K5,10,advice,0.9751,-0.6629,1.4166
mxbai,clean,advw,GRPO_K5,10,list preamble,1.3992,-0.2567,1.7318
mxbai,clean,advw,K0-K5,10,praise,1.1617,-0.2254,2.0567
mxbai,clean,advw,K0-K5,10,thanks,1.8763,0.4945,2.5602
mxbai,clean,advw,K0-K5,10,agreement,0.5374,-0.3107,0.9159
mxbai,clean,advw,K0-K5,10,question,-0.374,-1.0299,0.8721
mxbai,clean,advw,K0-K5,10,reflection opener,1.5292,0.5686,1.8487
mxbai,clean,advw,K0-K5,10,advice,-2.1013,-2.5556,-0.401
mxbai,clean,advw,K0-K5,10,list preamble,-2.9139,-3.1577,-1.23
qwen3,all,winlose,GRPO_K0,1,praise,-0.3112,-0.5338,-0.046
qwen3,all,winlose,GRPO_K0,1,thanks,-0.5316,-0.7637,-0.2349
qwen3,all,winlose,GRPO_K0,1,agreement,-0.5799,-0.6794,-0.418
qwen3,all,winlose,GRPO_K0,1,question,0.607,0.2562,0.8445
qwen3,all,winlose,GRPO_K0,1,reflection opener,0.6182,0.3672,0.8255
qwen3,all,winlose,GRPO_K0,1,advice,1.2064,0.7994,1.4765
qwen3,all,winlose,GRPO_K0,1,list preamble,0.2575,-0.2118,0.6625
qwen3,all,winlose,GRPO_K5,1,praise,0.1849,-0.2169,0.6182
qwen3,all,winlose,GRPO_K5,1,thanks,-0.7515,-1.0483,-0.3586
qwen3,all,winlose,GRPO_K5,1,agreement,-0.4909,-0.7102,-0.2459
qwen3,all,winlose,GRPO_K5,1,question,0.2233,-0.2104,0.6857
qwen3,all,winlose,GRPO_K5,1,reflection opener,0.4275,0.0624,0.7466
qwen3,all,winlose,GRPO_K5,1,advice,1.5168,1.1404,1.7048
qwen3,all,winlose,GRPO_K5,1,list preamble,0.7518,0.2711,1.0751
qwen3,all,winlose,K0-K5,1,praise,-0.4962,-0.9457,-0.0261
qwen3,all,winlose,K0-K5,1,thanks,0.22,-0.1971,0.5902
qwen3,all,winlose,K0-K5,1,agreement,-0.089,-0.36,0.1489
qwen3,all,winlose,K0-K5,1,question,0.3837,-0.139,0.8364
qwen3,all,winlose,K0-K5,1,reflection opener,0.1907,-0.168,0.5474
qwen3,all,winlose,K0-K5,1,advice,-0.3105,-0.7057,0.163
qwen3,all,winlose,K0-K5,1,list preamble,-0.4943,-1.0689,0.1458
qwen3,all,winlose,GRPO_K0,2,praise,-0.2678,-0.5289,0.0693
qwen3,all,winlose,GRPO_K0,2,thanks,-0.5189,-0.7686,-0.2013
qwen3,all,winlose,GRPO_K0,2,agreement,-0.7411,-0.9031,-0.5238
qwen3,all,winlose,GRPO_K0,2,question,0.4046,0.0317,0.7801
qwen3,all,winlose,GRPO_K0,2,reflection opener,0.5638,0.1777,0.9529
qwen3,all,winlose,GRPO_K0,2,advice,1.7548,1.2511,1.9515
qwen3,all,winlose,GRPO_K0,2,list preamble,0.9422,0.3098,1.3455
qwen3,all,winlose,GRPO_K5,2,praise,-0.2683,-0.4829,0.0086
qwen3,all,winlose,GRPO_K5,2,thanks,-0.7475,-0.9597,-0.4704
qwen3,all,winlose,GRPO_K5,2,agreement,-0.4288,-0.6236,-0.1846
qwen3,all,winlose,GRPO_K5,2,question,0.1138,-0.2713,0.4454
qwen3,all,winlose,GRPO_K5,2,reflection opener,0.4366,0.1515,0.7025
qwen3,all,winlose,GRPO_K5,2,advice,1.4708,1.1889,1.639
qwen3,all,winlose,GRPO_K5,2,list preamble,0.8088,0.4293,1.0865
qwen3,all,winlose,K0-K5,2,praise,0.0004,-0.3739,0.3411
qwen3,all,winlose,K0-K5,2,thanks,0.2286,-0.1774,0.5938
qwen3,all,winlose,K0-K5,2,agreement,-0.3123,-0.6113,-0.024
qwen3,all,winlose,K0-K5,2,question,0.2908,-0.1735,0.8147
qwen3,all,winlose,K0-K5,2,reflection opener,0.1272,-0.3461,0.583
qwen3,all,winlose,K0-K5,2,advice,0.284,-0.1504,0.6562
qwen3,all,winlose,K0-K5,2,list preamble,0.1334,-0.5444,0.6744
qwen3,all,winlose,GRPO_K0,3,praise,0.1162,-0.1006,0.3303
qwen3,all,winlose,GRPO_K0,3,thanks,-0.4166,-0.5949,-0.2218
qwen3,all,winlose,GRPO_K0,3,agreement,-0.4093,-0.548,-0.2093
qwen3,all,winlose,GRPO_K0,3,question,0.0573,-0.2788,0.3545
qwen3,all,winlose,GRPO_K0,3,reflection opener,0.4441,0.1861,0.7374
qwen3,all,winlose,GRPO_K0,3,advice,1.635,1.3646,1.7914
qwen3,all,winlose,GRPO_K0,3,list preamble,0.7352,0.3392,1.0323
qwen3,all,winlose,GRPO_K5,3,praise,-0.1313,-0.335,0.1197
qwen3,all,winlose,GRPO_K5,3,thanks,-0.6214,-0.8275,-0.3532
qwen3,all,winlose,GRPO_K5,3,agreement,-0.6022,-0.7384,-0.4426
qwen3,all,winlose,GRPO_K5,3,question,0.3556,0.007,0.6354
qwen3,all,winlose,GRPO_K5,3,reflection opener,0.3461,0.0516,0.6499
qwen3,all,winlose,GRPO_K5,3,advice,1.79,1.5522,1.9116
qwen3,all,winlose,GRPO_K5,3,list preamble,1.0097,0.6232,1.2856
qwen3,all,winlose,K0-K5,3,praise,0.2475,-0.0705,0.5268
qwen3,all,winlose,K0-K5,3,thanks,0.2048,-0.131,0.504
qwen3,all,winlose,K0-K5,3,agreement,0.1928,-0.0078,0.4138
qwen3,all,winlose,K0-K5,3,question,-0.2983,-0.7607,0.1671
qwen3,all,winlose,K0-K5,3,reflection opener,0.098,-0.301,0.5457
qwen3,all,winlose,K0-K5,3,advice,-0.1549,-0.4206,0.1064
qwen3,all,winlose,K0-K5,3,list preamble,-0.2745,-0.7185,0.1833
qwen3,all,winlose,GRPO_K0,4,praise,0.4117,-0.0184,0.7455
qwen3,all,winlose,GRPO_K0,4,thanks,-0.3523,-0.7015,0.0281
qwen3,all,winlose,GRPO_K0,4,agreement,0.0818,-0.2107,0.3541
qwen3,all,winlose,GRPO_K0,4,question,-0.373,-0.7171,0.0262
qwen3,all,winlose,GRPO_K0,4,reflection opener,0.6823,0.3413,0.9279
qwen3,all,winlose,GRPO_K0,4,advice,0.9144,0.3256,1.3785
qwen3,all,winlose,GRPO_K0,4,list preamble,-0.1111,-0.7511,0.5936
qwen3,all,winlose,GRPO_K5,4,praise,0.2023,-0.0692,0.4422
qwen3,all,winlose,GRPO_K5,4,thanks,-0.5794,-0.7739,-0.3514
qwen3,all,winlose,GRPO_K5,4,agreement,-0.4532,-0.5859,-0.2864
qwen3,all,winlose,GRPO_K5,4,question,0.0048,-0.2277,0.2403
qwen3,all,winlose,GRPO_K5,4,reflection opener,0.31,0.1251,0.4853
qwen3,all,winlose,GRPO_K5,4,advice,1.4281,1.1051,1.67
qwen3,all,winlose,GRPO_K5,4,list preamble,0.3106,-0.0649,0.6605
qwen3,all,winlose,K0-K5,4,praise,0.2094,-0.2633,0.6075
qwen3,all,winlose,K0-K5,4,thanks,0.2271,-0.1928,0.6102
qwen3,all,winlose,K0-K5,4,agreement,0.535,0.1726,0.8387
qwen3,all,winlose,K0-K5,4,question,-0.3778,-0.8192,0.0974
qwen3,all,winlose,K0-K5,4,reflection opener,0.3722,-0.0275,0.7228
qwen3,all,winlose,K0-K5,4,advice,-0.5137,-1.1739,0.0547
qwen3,all,winlose,K0-K5,4,list preamble,-0.4217,-1.1986,0.3807
qwen3,all,winlose,GRPO_K0,5,praise,0.8818,0.3071,1.3538
qwen3,all,winlose,GRPO_K0,5,thanks,-0.1121,-0.5373,0.2944
qwen3,all,winlose,GRPO_K0,5,agreement,0.0656,-0.2848,0.5181
qwen3,all,winlose,GRPO_K0,5,question,-0.2228,-0.8195,0.2238
qwen3,all,winlose,GRPO_K0,5,reflection opener,0.3069,-0.174,0.5625
qwen3,all,winlose,GRPO_K0,5,advice,1.2042,0.4139,1.6456
qwen3,all,winlose,GRPO_K0,5,list preamble,0.4867,-0.3239,1.2356
qwen3,all,winlose,GRPO_K5,5,praise,-0.1628,-0.5494,0.3278
qwen3,all,winlose,GRPO_K5,5,thanks,-0.8006,-1.0539,-0.4269
qwen3,all,winlose,GRPO_K5,5,agreement,-0.0376,-0.2579,0.1949
qwen3,all,winlose,GRPO_K5,5,question,0.0403,-0.3985,0.3926
qwen3,all,winlose,GRPO_K5,5,reflection opener,0.3238,0.0022,0.5613
qwen3,all,winlose,GRPO_K5,5,advice,1.1387,0.7529,1.4684
qwen3,all,winlose,GRPO_K5,5,list preamble,0.1152,-0.3288,0.5985
qwen3,all,winlose,K0-K5,5,praise,1.0446,0.3085,1.6245
qwen3,all,winlose,K0-K5,5,thanks,0.6885,0.1251,1.1661
qwen3,all,winlose,K0-K5,5,agreement,0.1032,-0.2991,0.6209
qwen3,all,winlose,K0-K5,5,question,-0.2631,-0.8991,0.3914
qwen3,all,winlose,K0-K5,5,reflection opener,-0.0169,-0.5428,0.3291
qwen3,all,winlose,K0-K5,5,advice,0.0654,-0.7181,0.6519
qwen3,all,winlose,K0-K5,5,list preamble,0.3714,-0.4757,1.2565
qwen3,all,winlose,GRPO_K0,6,praise,1.2052,0.2354,1.5336
qwen3,all,winlose,GRPO_K0,6,thanks,0.5353,-0.1241,0.8843
qwen3,all,winlose,GRPO_K0,6,agreement,0.2601,-0.3743,0.8448
qwen3,all,winlose,GRPO_K0,6,question,-0.212,-0.9513,0.5463
qwen3,all,winlose,GRPO_K0,6,reflection opener,0.154,-0.4882,0.595
qwen3,all,winlose,GRPO_K0,6,advice,0.3656,-0.7995,1.2841
qwen3,all,winlose,GRPO_K0,6,list preamble,-0.46,-1.5687,1.0094
qwen3,all,winlose,GRPO_K5,6,praise,-0.3001,-0.7072,0.1742
qwen3,all,winlose,GRPO_K5,6,thanks,-0.6822,-0.9658,-0.2053
qwen3,all,winlose,GRPO_K5,6,agreement,0.4379,0.0159,0.698
qwen3,all,winlose,GRPO_K5,6,question,0.7763,0.2407,1.145
qwen3,all,winlose,GRPO_K5,6,reflection opener,0.4766,0.0621,0.7464
qwen3,all,winlose,GRPO_K5,6,advice,0.5564,-0.2503,1.3729
qwen3,all,winlose,GRPO_K5,6,list preamble,-0.2445,-0.9614,0.6803
qwen3,all,winlose,K0-K5,6,praise,1.5053,0.363,2.0009
qwen3,all,winlose,K0-K5,6,thanks,1.2175,0.4174,1.5984
qwen3,all,winlose,K0-K5,6,agreement,-0.1777,-0.8402,0.635
qwen3,all,winlose,K0-K5,6,question,-0.9883,-1.8812,0.0762
qwen3,all,winlose,K0-K5,6,reflection opener,-0.3226,-1.0346,0.2994
qwen3,all,winlose,K0-K5,6,advice,-0.1909,-1.6876,1.0597
qwen3,all,winlose,K0-K5,6,list preamble,-0.2155,-1.7123,1.3032
qwen3,all,winlose,GRPO_K0,7,praise,0.7936,0.3107,1.3357
qwen3,all,winlose,GRPO_K0,7,thanks,0.369,-0.0293,0.8099
qwen3,all,winlose,GRPO_K0,7,agreement,-0.0436,-0.2821,0.3522
qwen3,all,winlose,GRPO_K0,7,question,-0.0805,-0.7853,0.3169
qwen3,all,winlose,GRPO_K0,7,reflection opener,0.2665,-0.2691,0.515
qwen3,all,winlose,GRPO_K0,7,advice,1.1431,0.2017,1.5913
qwen3,all,winlose,GRPO_K0,7,list preamble,0.1798,-0.6004,0.9396
qwen3,all,winlose,GRPO_K5,7,praise,0.2532,-0.3601,0.6916
qwen3,all,winlose,GRPO_K5,7,thanks,0.0386,-0.4515,0.4338
qwen3,all,winlose,GRPO_K5,7,agreement,0.287,-0.2355,0.7143
qwen3,all,winlose,GRPO_K5,7,question,-0.2267,-0.618,0.2268
qwen3,all,winlose,GRPO_K5,7,reflection opener,0.2491,-0.1042,0.5407
qwen3,all,winlose,GRPO_K5,7,advice,-0.8855,-1.3803,-0.0794
qwen3,all,winlose,GRPO_K5,7,list preamble,-1.4104,-1.7281,-0.6383
qwen3,all,winlose,K0-K5,7,praise,0.5404,-0.0559,1.2394
qwen3,all,winlose,K0-K5,7,thanks,0.3303,-0.1994,0.9227
qwen3,all,winlose,K0-K5,7,agreement,-0.3307,-0.8146,0.3113
qwen3,all,winlose,K0-K5,7,question,0.1462,-0.7423,0.7344
qwen3,all,winlose,K0-K5,7,reflection opener,0.0174,-0.5431,0.4575
qwen3,all,winlose,K0-K5,7,advice,2.0286,0.8019,2.5794
qwen3,all,winlose,K0-K5,7,list preamble,1.5902,0.4858,2.3024
qwen3,all,winlose,GRPO_K0,8,praise,1.4564,1.0197,1.7033
qwen3,all,winlose,GRPO_K0,8,thanks,0.481,-0.014,0.8505
qwen3,all,winlose,GRPO_K0,8,agreement,0.1188,-0.1213,0.3683
qwen3,all,winlose,GRPO_K0,8,question,-0.3033,-0.5727,0.0158
qwen3,all,winlose,GRPO_K0,8,reflection opener,0.2458,-0.0571,0.3972
qwen3,all,winlose,GRPO_K0,8,advice,0.205,-0.5667,0.9848
qwen3,all,winlose,GRPO_K0,8,list preamble,-0.7496,-1.3136,0.1453
qwen3,all,winlose,GRPO_K5,8,praise,0.7545,-0.0064,1.2265
qwen3,all,winlose,GRPO_K5,8,thanks,-0.0328,-0.8099,0.5218
qwen3,all,winlose,GRPO_K5,8,agreement,0.6435,-0.0697,1.0633
qwen3,all,winlose,GRPO_K5,8,question,-0.0254,-0.606,0.4632
qwen3,all,winlose,GRPO_K5,8,reflection opener,0.5316,-0.0256,0.7908
qwen3,all,winlose,GRPO_K5,8,advice,-1.2805,-1.639,-0.1927
qwen3,all,winlose,GRPO_K5,8,list preamble,-1.6059,-1.8775,-0.4706
qwen3,all,winlose,K0-K5,8,praise,0.7019,0.055,1.4873
qwen3,all,winlose,K0-K5,8,thanks,0.5138,-0.2689,1.3181
qwen3,all,winlose,K0-K5,8,agreement,-0.5247,-1.0276,0.1875
qwen3,all,winlose,K0-K5,8,question,-0.2778,-0.8407,0.3598
qwen3,all,winlose,K0-K5,8,reflection opener,-0.2858,-0.6772,0.2653
qwen3,all,winlose,K0-K5,8,advice,1.4855,0.2886,2.2982
qwen3,all,winlose,K0-K5,8,list preamble,0.8562,-0.309,1.6783
qwen3,all,winlose,GRPO_K0,9,praise,-0.6229,-0.9847,-0.0575
qwen3,all,winlose,GRPO_K0,9,thanks,-0.1101,-0.398,0.3173
qwen3,all,winlose,GRPO_K0,9,agreement,0.1109,-0.178,0.4494
qwen3,all,winlose,GRPO_K0,9,question,-0.6011,-0.9963,-0.2684
qwen3,all,winlose,GRPO_K0,9,reflection opener,-0.5944,-0.7419,-0.3979
qwen3,all,winlose,GRPO_K0,9,advice,-0.266,-0.8566,0.3208
qwen3,all,winlose,GRPO_K0,9,list preamble,0.9567,0.2052,1.4945
qwen3,all,winlose,GRPO_K5,9,praise,0.3163,-0.5939,1.1515
qwen3,all,winlose,GRPO_K5,9,thanks,-0.7622,-1.2845,0.2582
qwen3,all,winlose,GRPO_K5,9,agreement,0.2318,-0.4116,0.7146
qwen3,all,winlose,GRPO_K5,9,question,0.1163,-0.4743,0.6511
qwen3,all,winlose,GRPO_K5,9,reflection opener,0.1834,-0.241,0.5285
qwen3,all,winlose,GRPO_K5,9,advice,0.3599,-0.8672,1.3198
qwen3,all,winlose,GRPO_K5,9,list preamble,-0.0723,-1.1382,0.9637
qwen3,all,winlose,K0-K5,9,praise,-0.9392,-1.8469,0.0924
qwen3,all,winlose,K0-K5,9,thanks,0.652,-0.4498,1.2568
qwen3,all,winlose,K0-K5,9,agreement,-0.1209,-0.772,0.6861
qwen3,all,winlose,K0-K5,9,question,-0.7173,-1.3645,0.0505
qwen3,all,winlose,K0-K5,9,reflection opener,-0.7778,-1.1475,-0.2836
qwen3,all,winlose,K0-K5,9,advice,-0.6259,-1.6436,0.7398
qwen3,all,winlose,K0-K5,9,list preamble,1.029,-0.127,2.1896
qwen3,all,winlose,GRPO_K0,10,praise,1.3666,1.0092,1.5272
qwen3,all,winlose,GRPO_K0,10,thanks,1.0974,0.8409,1.2549
qwen3,all,winlose,GRPO_K0,10,agreement,0.3987,0.2956,0.4942
qwen3,all,winlose,GRPO_K0,10,question,-0.376,-0.5231,-0.1178
qwen3,all,winlose,GRPO_K0,10,reflection opener,0.1754,0.0835,0.2843
qwen3,all,winlose,GRPO_K0,10,advice,-0.7227,-1.0448,-0.24
qwen3,all,winlose,GRPO_K0,10,list preamble,-1.344,-1.5191,-1.0003
qwen3,all,winlose,GRPO_K5,10,praise,0.8886,-0.3485,1.5474
qwen3,all,winlose,GRPO_K5,10,thanks,-0.1716,-0.8803,0.7764
qwen3,all,winlose,GRPO_K5,10,agreement,-0.2588,-0.7773,0.4845
qwen3,all,winlose,GRPO_K5,10,question,-0.1116,-0.6948,0.5707
qwen3,all,winlose,GRPO_K5,10,reflection opener,-0.5389,-0.9075,0.1339
qwen3,all,winlose,GRPO_K5,10,advice,0.8103,-0.624,1.4987
qwen3,all,winlose,GRPO_K5,10,list preamble,-0.0004,-1.1524,0.9517
qwen3,all,winlose,K0-K5,10,praise,0.4779,-0.195,1.6456
qwen3,all,winlose,K0-K5,10,thanks,1.269,0.3108,2.0126
qwen3,all,winlose,K0-K5,10,agreement,0.6574,-0.0944,1.1683
qwen3,all,winlose,K0-K5,10,question,-0.2644,-0.97,0.3689
qwen3,all,winlose,K0-K5,10,reflection opener,0.7142,0.0428,1.0626
qwen3,all,winlose,K0-K5,10,advice,-1.533,-2.2519,-0.0469
qwen3,all,winlose,K0-K5,10,list preamble,-1.3436,-2.299,-0.1514
qwen3,all,advw,GRPO_K0,1,praise,-0.3479,-0.592,-0.0712
qwen3,all,advw,GRPO_K0,1,thanks,-0.5049,-0.7347,-0.2146
qwen3,all,advw,GRPO_K0,1,agreement,-0.5375,-0.6488,-0.3598
qwen3,all,advw,GRPO_K0,1,question,0.5928,0.2483,0.8258
qwen3,all,advw,GRPO_K0,1,reflection opener,0.5524,0.305,0.7575
qwen3,all,advw,GRPO_K0,1,advice,1.1697,0.7645,1.4627
qwen3,all,advw,GRPO_K0,1,list preamble,0.2403,-0.2166,0.6711
qwen3,all,advw,GRPO_K5,1,praise,0.1483,-0.2083,0.5228
qwen3,all,advw,GRPO_K5,1,thanks,-0.7023,-1.0102,-0.3243
qwen3,all,advw,GRPO_K5,1,agreement,-0.5602,-0.7513,-0.3298
qwen3,all,advw,GRPO_K5,1,question,0.1781,-0.2283,0.5978
qwen3,all,advw,GRPO_K5,1,reflection opener,0.4168,0.1037,0.7373
qwen3,all,advw,GRPO_K5,1,advice,1.6139,1.3173,1.7429
qwen3,all,advw,GRPO_K5,1,list preamble,0.8218,0.4099,1.0922
qwen3,all,advw,K0-K5,1,praise,-0.4962,-0.9303,-0.0697
qwen3,all,advw,K0-K5,1,thanks,0.1975,-0.2066,0.5561
qwen3,all,advw,K0-K5,1,agreement,0.0227,-0.2302,0.2559
qwen3,all,advw,K0-K5,1,question,0.4147,-0.1056,0.8514
qwen3,all,advw,K0-K5,1,reflection opener,0.1356,-0.1831,0.4197
qwen3,all,advw,K0-K5,1,advice,-0.4441,-0.8215,-0.0291
qwen3,all,advw,K0-K5,1,list preamble,-0.5815,-1.0693,-0.0728
qwen3,all,advw,GRPO_K0,2,praise,-0.2125,-0.4664,0.0995
qwen3,all,advw,GRPO_K0,2,thanks,-0.5317,-0.7641,-0.2235
qwen3,all,advw,GRPO_K0,2,agreement,-0.6707,-0.8197,-0.4507
qwen3,all,advw,GRPO_K0,2,question,0.4156,0.0376,0.7664
qwen3,all,advw,GRPO_K0,2,reflection opener,0.5757,0.1715,0.9636
qwen3,all,advw,GRPO_K0,2,advice,1.6495,1.1783,1.8673
qwen3,all,advw,GRPO_K0,2,list preamble,0.7929,0.126,1.1926
qwen3,all,advw,GRPO_K5,2,praise,-0.2679,-0.4904,-0.0367
qwen3,all,advw,GRPO_K5,2,thanks,-0.7567,-0.9769,-0.4545
qwen3,all,advw,GRPO_K5,2,agreement,-0.4071,-0.5789,-0.1729
qwen3,all,advw,GRPO_K5,2,question,-0.023,-0.4143,0.3304
qwen3,all,advw,GRPO_K5,2,reflection opener,0.4033,0.1217,0.6601
qwen3,all,advw,GRPO_K5,2,advice,1.4201,1.1449,1.5966
qwen3,all,advw,GRPO_K5,2,list preamble,0.7415,0.3923,1.0322
qwen3,all,advw,K0-K5,2,praise,0.0555,-0.2959,0.4267
qwen3,all,advw,K0-K5,2,thanks,0.2249,-0.1487,0.5958
qwen3,all,advw,K0-K5,2,agreement,-0.2636,-0.521,0.0124
qwen3,all,advw,K0-K5,2,question,0.4386,-0.0483,0.8958
qwen3,all,advw,K0-K5,2,reflection opener,0.1724,-0.3285,0.6043
qwen3,all,advw,K0-K5,2,advice,0.2295,-0.2387,0.5793
qwen3,all,advw,K0-K5,2,list preamble,0.0514,-0.6511,0.5879
qwen3,all,advw,GRPO_K0,3,praise,0.0506,-0.1354,0.2404
qwen3,all,advw,GRPO_K0,3,thanks,-0.4448,-0.6169,-0.281
qwen3,all,advw,GRPO_K0,3,agreement,-0.4147,-0.5498,-0.2145
qwen3,all,advw,GRPO_K0,3,question,0.1368,-0.1641,0.419
qwen3,all,advw,GRPO_K0,3,reflection opener,0.4543,0.1934,0.7558
qwen3,all,advw,GRPO_K0,3,advice,1.6908,1.4183,1.8435
qwen3,all,advw,GRPO_K0,3,list preamble,0.8165,0.3847,1.1107
qwen3,all,advw,GRPO_K5,3,praise,-0.0588,-0.2849,0.1911
qwen3,all,advw,GRPO_K5,3,thanks,-0.5149,-0.7432,-0.261
qwen3,all,advw,GRPO_K5,3,agreement,-0.6038,-0.7147,-0.468
qwen3,all,advw,GRPO_K5,3,question,0.2926,-0.0669,0.6481
qwen3,all,advw,GRPO_K5,3,reflection opener,0.2853,-0.0407,0.5944
qwen3,all,advw,GRPO_K5,3,advice,1.8058,1.5651,1.9365
qwen3,all,advw,GRPO_K5,3,list preamble,1.0192,0.6545,1.2776
qwen3,all,advw,K0-K5,3,praise,0.1094,-0.184,0.3616
qwen3,all,advw,K0-K5,3,thanks,0.07,-0.2253,0.3716
qwen3,all,advw,K0-K5,3,agreement,0.1891,0.0022,0.3878
qwen3,all,advw,K0-K5,3,question,-0.1558,-0.6109,0.3233
qwen3,all,advw,K0-K5,3,reflection opener,0.169,-0.2368,0.6351
qwen3,all,advw,K0-K5,3,advice,-0.1151,-0.3695,0.1484
qwen3,all,advw,K0-K5,3,list preamble,-0.2027,-0.6265,0.2502
qwen3,all,advw,GRPO_K0,4,praise,0.5725,0.1294,0.905
qwen3,all,advw,GRPO_K0,4,thanks,-0.301,-0.6531,0.0361
qwen3,all,advw,GRPO_K0,4,agreement,0.1152,-0.1903,0.4499
qwen3,all,advw,GRPO_K0,4,question,-0.5853,-0.8911,-0.1378
qwen3,all,advw,GRPO_K0,4,reflection opener,0.5796,0.2456,0.8594
qwen3,all,advw,GRPO_K0,4,advice,0.8092,0.2002,1.2884
qwen3,all,advw,GRPO_K0,4,list preamble,-0.1107,-0.8122,0.6073
qwen3,all,advw,GRPO_K5,4,praise,0.1773,-0.0456,0.3945
qwen3,all,advw,GRPO_K5,4,thanks,-0.5843,-0.7608,-0.3893
qwen3,all,advw,GRPO_K5,4,agreement,-0.4634,-0.5831,-0.2945
qwen3,all,advw,GRPO_K5,4,question,0.0074,-0.2015,0.2121
qwen3,all,advw,GRPO_K5,4,reflection opener,0.355,0.1764,0.5065
qwen3,all,advw,GRPO_K5,4,advice,1.3742,1.0994,1.5607
qwen3,all,advw,GRPO_K5,4,list preamble,0.2621,-0.055,0.5361
qwen3,all,advw,K0-K5,4,praise,0.3952,-0.0644,0.7589
qwen3,all,advw,K0-K5,4,thanks,0.2833,-0.0607,0.6242
qwen3,all,advw,K0-K5,4,agreement,0.5786,0.2382,0.9051
qwen3,all,advw,K0-K5,4,question,-0.5926,-0.9824,-0.0817
qwen3,all,advw,K0-K5,4,reflection opener,0.2246,-0.1456,0.5662
qwen3,all,advw,K0-K5,4,advice,-0.5649,-1.1976,-0.0019
qwen3,all,advw,K0-K5,4,list preamble,-0.3727,-1.1592,0.4364
qwen3,all,advw,GRPO_K0,5,praise,1.0491,0.436,1.4826
qwen3,all,advw,GRPO_K0,5,thanks,0.0198,-0.4012,0.4338
qwen3,all,advw,GRPO_K0,5,agreement,0.2122,-0.1852,0.6376
qwen3,all,advw,GRPO_K0,5,question,-0.4839,-1.1202,0.1116
qwen3,all,advw,GRPO_K0,5,reflection opener,0.306,-0.1962,0.5891
qwen3,all,advw,GRPO_K0,5,advice,0.9501,0.0651,1.4803
qwen3,all,advw,GRPO_K0,5,list preamble,0.3717,-0.4775,1.2213
qwen3,all,advw,GRPO_K5,5,praise,-0.0948,-0.489,0.384
qwen3,all,advw,GRPO_K5,5,thanks,-0.8263,-1.0423,-0.5038
qwen3,all,advw,GRPO_K5,5,agreement,0.0658,-0.1503,0.3361
qwen3,all,advw,GRPO_K5,5,question,0.0357,-0.3677,0.3575
qwen3,all,advw,GRPO_K5,5,reflection opener,0.4505,0.2013,0.6354
qwen3,all,advw,GRPO_K5,5,advice,1.0762,0.6553,1.3717
qwen3,all,advw,GRPO_K5,5,list preamble,0.0106,-0.4266,0.4927
qwen3,all,advw,K0-K5,5,praise,1.1439,0.4049,1.6889
qwen3,all,advw,K0-K5,5,thanks,0.8461,0.278,1.3391
qwen3,all,advw,K0-K5,5,agreement,0.1465,-0.2671,0.5819
qwen3,all,advw,K0-K5,5,question,-0.5196,-1.244,0.2477
qwen3,all,advw,K0-K5,5,reflection opener,-0.1445,-0.6849,0.2413
qwen3,all,advw,K0-K5,5,advice,-0.1261,-0.9488,0.5369
qwen3,all,advw,K0-K5,5,list preamble,0.3612,-0.5811,1.3573
qwen3,all,advw,GRPO_K0,6,praise,1.2739,0.384,1.6269
qwen3,all,advw,GRPO_K0,6,thanks,0.4529,-0.1605,0.8684
qwen3,all,advw,GRPO_K0,6,agreement,0.0261,-0.5081,0.6308
qwen3,all,advw,GRPO_K0,6,question,-0.1688,-1.0285,0.5747
qwen3,all,advw,GRPO_K0,6,reflection opener,0.0705,-0.5591,0.512
qwen3,all,advw,GRPO_K0,6,advice,0.597,-0.6066,1.3159
qwen3,all,advw,GRPO_K0,6,list preamble,-0.3769,-1.3399,0.8596
qwen3,all,advw,GRPO_K5,6,praise,-0.3305,-0.8042,0.1805
qwen3,all,advw,GRPO_K5,6,thanks,-0.7119,-1.0317,-0.2131
qwen3,all,advw,GRPO_K5,6,agreement,0.498,0.059,0.7928
qwen3,all,advw,GRPO_K5,6,question,0.6173,0.1031,1.0065
qwen3,all,advw,GRPO_K5,6,reflection opener,0.4375,0.0206,0.7158
qwen3,all,advw,GRPO_K5,6,advice,0.5087,-0.3239,1.3041
qwen3,all,advw,GRPO_K5,6,list preamble,-0.3211,-1.0478,0.5421
qwen3,all,advw,K0-K5,6,praise,1.6044,0.5031,2.1784
qwen3,all,advw,K0-K5,6,thanks,1.1648,0.3692,1.6349
qwen3,all,advw,K0-K5,6,agreement,-0.4719,-1.0247,0.2985
qwen3,all,advw,K0-K5,6,question,-0.7861,-1.7413,0.2287
qwen3,all,advw,K0-K5,6,reflection opener,-0.3669,-1.0513,0.2514
qwen3,all,advw,K0-K5,6,advice,0.0883,-1.2767,1.1471
qwen3,all,advw,K0-K5,6,list preamble,-0.0558,-1.3658,1.418
qwen3,all,advw,GRPO_K0,7,praise,0.9097,0.4179,1.4225
qwen3,all,advw,GRPO_K0,7,thanks,0.5021,0.1368,0.9818
qwen3,all,advw,GRPO_K0,7,agreement,-0.1283,-0.3481,0.2464
qwen3,all,advw,GRPO_K0,7,question,-0.0842,-0.8139,0.3227
qwen3,all,advw,GRPO_K0,7,reflection opener,0.2722,-0.2838,0.5258
qwen3,all,advw,GRPO_K0,7,advice,1.007,0.1466,1.4491
qwen3,all,advw,GRPO_K0,7,list preamble,-0.0223,-0.7105,0.6961
qwen3,all,advw,GRPO_K5,7,praise,0.2057,-0.3395,0.6896
qwen3,all,advw,GRPO_K5,7,thanks,0.0897,-0.3485,0.5046
qwen3,all,advw,GRPO_K5,7,agreement,0.5086,0.087,0.8283
qwen3,all,advw,GRPO_K5,7,question,-0.0235,-0.4314,0.4353
qwen3,all,advw,GRPO_K5,7,reflection opener,0.3849,0.0437,0.6295
qwen3,all,advw,GRPO_K5,7,advice,-0.9885,-1.4209,-0.2975
qwen3,all,advw,GRPO_K5,7,list preamble,-1.5941,-1.8693,-0.9482
qwen3,all,advw,K0-K5,7,praise,0.704,0.107,1.4648
qwen3,all,advw,K0-K5,7,thanks,0.4123,-0.1342,1.0435
qwen3,all,advw,K0-K5,7,agreement,-0.6369,-0.9835,-0.1231
qwen3,all,advw,K0-K5,7,question,-0.0607,-0.9757,0.605
qwen3,all,advw,K0-K5,7,reflection opener,-0.1127,-0.677,0.301
qwen3,all,advw,K0-K5,7,advice,1.9954,0.8101,2.5204
qwen3,all,advw,K0-K5,7,list preamble,1.5718,0.5848,2.2332
qwen3,all,advw,GRPO_K0,8,praise,1.3851,0.9799,1.6622
qwen3,all,advw,GRPO_K0,8,thanks,0.52,0.0127,0.8739
qwen3,all,advw,GRPO_K0,8,agreement,0.1121,-0.153,0.3902
qwen3,all,advw,GRPO_K0,8,question,-0.1869,-0.4731,0.1636
qwen3,all,advw,GRPO_K0,8,reflection opener,0.2956,-0.0086,0.4297
qwen3,all,advw,GRPO_K0,8,advice,0.1407,-0.6382,0.9599
qwen3,all,advw,GRPO_K0,8,list preamble,-0.8305,-1.3715,0.1398
qwen3,all,advw,GRPO_K5,8,praise,0.7539,-0.0412,1.2827
qwen3,all,advw,GRPO_K5,8,thanks,-0.0126,-0.7297,0.5606
qwen3,all,advw,GRPO_K5,8,agreement,0.6519,0.0425,1.0447
qwen3,all,advw,GRPO_K5,8,question,-0.0623,-0.6551,0.4408
qwen3,all,advw,GRPO_K5,8,reflection opener,0.6044,0.0642,0.8697
qwen3,all,advw,GRPO_K5,8,advice,-1.1318,-1.6006,-0.1983
qwen3,all,advw,GRPO_K5,8,list preamble,-1.5774,-1.8509,-0.6294
qwen3,all,advw,K0-K5,8,praise,0.6313,-0.0456,1.3861
qwen3,all,advw,K0-K5,8,thanks,0.5325,-0.1741,1.2634
qwen3,all,advw,K0-K5,8,agreement,-0.5398,-1.0217,0.0702
qwen3,all,advw,K0-K5,8,question,-0.1246,-0.7076,0.5397
qwen3,all,advw,K0-K5,8,reflection opener,-0.3088,-0.69,0.2556
qwen3,all,advw,K0-K5,8,advice,1.2726,0.152,2.0392
qwen3,all,advw,K0-K5,8,list preamble,0.7468,-0.2205,1.622
qwen3,all,advw,GRPO_K0,9,praise,-0.5646,-0.9602,-0.0171
qwen3,all,advw,GRPO_K0,9,thanks,-0.0915,-0.4383,0.349
qwen3,all,advw,GRPO_K0,9,agreement,0.104,-0.1971,0.4392
qwen3,all,advw,GRPO_K0,9,question,-0.6663,-1.0357,-0.3324
qwen3,all,advw,GRPO_K0,9,reflection opener,-0.6414,-0.788,-0.4405
qwen3,all,advw,GRPO_K0,9,advice,-0.2035,-0.8431,0.4426
qwen3,all,advw,GRPO_K0,9,list preamble,0.9713,0.1987,1.5361
qwen3,all,advw,GRPO_K5,9,praise,0.6446,-0.3731,1.2093
qwen3,all,advw,GRPO_K5,9,thanks,-0.3997,-1.1474,0.538
qwen3,all,advw,GRPO_K5,9,agreement,0.6386,-0.2001,1.0512
qwen3,all,advw,GRPO_K5,9,question,-0.2403,-0.7552,0.4563
qwen3,all,advw,GRPO_K5,9,reflection opener,0.4957,-0.0806,0.7948
qwen3,all,advw,GRPO_K5,9,advice,0.2989,-0.9116,1.4991
qwen3,all,advw,GRPO_K5,9,list preamble,-0.1055,-1.1488,1.2155
qwen3,all,advw,K0-K5,9,praise,-1.2092,-1.9397,-0.0098
qwen3,all,advw,K0-K5,9,thanks,0.3083,-0.7068,1.1128
qwen3,all,advw,K0-K5,9,agreement,-0.5346,-1.0319,0.4125
qwen3,all,advw,K0-K5,9,question,-0.4259,-1.2415,0.2558
qwen3,all,advw,K0-K5,9,reflection opener,-1.1371,-1.4678,-0.4619
qwen3,all,advw,K0-K5,9,advice,-0.5024,-1.733,0.9221
qwen3,all,advw,K0-K5,9,list preamble,1.0768,-0.3103,2.2963
qwen3,all,advw,GRPO_K0,10,praise,1.3261,0.9042,1.4991
qwen3,all,advw,GRPO_K0,10,thanks,1.1423,0.8834,1.2909
qwen3,all,advw,GRPO_K0,10,agreement,0.3382,0.206,0.4557
qwen3,all,advw,GRPO_K0,10,question,-0.3067,-0.4707,-0.0136
qwen3,all,advw,GRPO_K0,10,reflection opener,0.1886,0.0886,0.3005
qwen3,all,advw,GRPO_K0,10,advice,-0.5742,-0.962,0.047
qwen3,all,advw,GRPO_K0,10,list preamble,-1.1937,-1.4193,-0.7059
qwen3,all,advw,GRPO_K5,10,praise,1.1962,0.0102,1.6237
qwen3,all,advw,GRPO_K5,10,thanks,0.029,-0.7899,0.8707
qwen3,all,advw,GRPO_K5,10,agreement,-0.2127,-0.7261,0.4267
qwen3,all,advw,GRPO_K5,10,question,-0.1811,-0.6892,0.5341
qwen3,all,advw,GRPO_K5,10,reflection opener,-0.3195,-0.695,0.2048
qwen3,all,advw,GRPO_K5,10,advice,0.3958,-0.7167,1.2315
qwen3,all,advw,GRPO_K5,10,list preamble,-0.4636,-1.2938,0.5704
qwen3,all,advw,K0-K5,10,praise,0.13,-0.4043,1.323
qwen3,all,advw,K0-K5,10,thanks,1.1133,0.1874,1.9591
qwen3,all,advw,K0-K5,10,agreement,0.551,-0.1186,1.0649
qwen3,all,advw,K0-K5,10,question,-0.1257,-0.8835,0.4888
qwen3,all,advw,K0-K5,10,reflection opener,0.5081,-0.0432,0.8826
qwen3,all,advw,K0-K5,10,advice,-0.97,-1.8446,0.1821
qwen3,all,advw,K0-K5,10,list preamble,-0.7301,-1.8071,0.1594
qwen3,clean,winlose,GRPO_K0,1,praise,-0.2523,-0.5325,0.1033
qwen3,clean,winlose,GRPO_K0,1,thanks,-0.5918,-0.8148,-0.21
qwen3,clean,winlose,GRPO_K0,1,agreement,-0.5182,-0.6848,-0.2174
qwen3,clean,winlose,GRPO_K0,1,question,0.4356,-0.141,0.8026
qwen3,clean,winlose,GRPO_K0,1,reflection opener,0.5176,0.1485,0.8438
qwen3,clean,winlose,GRPO_K0,1,advice,1.1094,0.4879,1.482
qwen3,clean,winlose,GRPO_K0,1,list preamble,0.5338,-0.1151,1.0008
qwen3,clean,winlose,GRPO_K5,1,praise,0.1823,-0.2729,0.7015
qwen3,clean,winlose,GRPO_K5,1,thanks,-0.7894,-1.1536,-0.2669
qwen3,clean,winlose,GRPO_K5,1,agreement,-0.5423,-0.7737,-0.2309
qwen3,clean,winlose,GRPO_K5,1,question,0.0069,-0.4955,0.5997
qwen3,clean,winlose,GRPO_K5,1,reflection opener,0.1024,-0.2827,0.5295
qwen3,clean,winlose,GRPO_K5,1,advice,1.477,1.0118,1.698
qwen3,clean,winlose,GRPO_K5,1,list preamble,1.2859,0.7106,1.5336
qwen3,clean,winlose,K0-K5,1,praise,-0.4347,-1.0277,0.152
qwen3,clean,winlose,K0-K5,1,thanks,0.1976,-0.3049,0.6847
qwen3,clean,winlose,K0-K5,1,agreement,0.0241,-0.2926,0.3402
qwen3,clean,winlose,K0-K5,1,question,0.4286,-0.307,0.9694
qwen3,clean,winlose,K0-K5,1,reflection opener,0.4152,-0.0716,0.8061
qwen3,clean,winlose,K0-K5,1,advice,-0.3677,-0.9363,0.1945
qwen3,clean,winlose,K0-K5,1,list preamble,-0.7522,-1.4348,0.04
qwen3,clean,winlose,GRPO_K0,2,praise,-0.2368,-0.5412,0.177
qwen3,clean,winlose,GRPO_K0,2,thanks,-0.5108,-0.7844,-0.1127
qwen3,clean,winlose,GRPO_K0,2,agreement,-0.8039,-0.9843,-0.5282
qwen3,clean,winlose,GRPO_K0,2,question,0.22,-0.2618,0.6803
qwen3,clean,winlose,GRPO_K0,2,reflection opener,0.2924,-0.1703,0.7841
qwen3,clean,winlose,GRPO_K0,2,advice,1.6886,1.1287,1.9008
qwen3,clean,winlose,GRPO_K0,2,list preamble,1.3127,0.621,1.65
qwen3,clean,winlose,GRPO_K5,2,praise,-0.2178,-0.4961,0.1469
qwen3,clean,winlose,GRPO_K5,2,thanks,-0.7208,-0.9545,-0.3676
qwen3,clean,winlose,GRPO_K5,2,agreement,-0.3569,-0.5782,-0.0491
qwen3,clean,winlose,GRPO_K5,2,question,-0.0966,-0.622,0.3322
qwen3,clean,winlose,GRPO_K5,2,reflection opener,0.2938,-0.0014,0.64
qwen3,clean,winlose,GRPO_K5,2,advice,1.4094,1.0404,1.59
qwen3,clean,winlose,GRPO_K5,2,list preamble,1.0283,0.5618,1.3052
qwen3,clean,winlose,K0-K5,2,praise,-0.019,-0.4967,0.4297
qwen3,clean,winlose,K0-K5,2,thanks,0.21,-0.2881,0.6405
qwen3,clean,winlose,K0-K5,2,agreement,-0.447,-0.7643,-0.0887
qwen3,clean,winlose,K0-K5,2,question,0.3167,-0.319,0.9232
qwen3,clean,winlose,K0-K5,2,reflection opener,-0.0014,-0.5662,0.5551
qwen3,clean,winlose,K0-K5,2,advice,0.2793,-0.2807,0.7119
qwen3,clean,winlose,K0-K5,2,list preamble,0.2844,-0.4616,0.8649
qwen3,clean,winlose,GRPO_K0,3,praise,0.1601,-0.0745,0.3959
qwen3,clean,winlose,GRPO_K0,3,thanks,-0.3661,-0.5736,-0.1395
qwen3,clean,winlose,GRPO_K0,3,agreement,-0.3441,-0.5049,-0.1016
qwen3,clean,winlose,GRPO_K0,3,question,-0.1121,-0.4967,0.2471
qwen3,clean,winlose,GRPO_K0,3,reflection opener,0.3328,0.064,0.6855
qwen3,clean,winlose,GRPO_K0,3,advice,1.6445,1.301,1.8124
qwen3,clean,winlose,GRPO_K0,3,list preamble,0.9187,0.4779,1.1853
qwen3,clean,winlose,GRPO_K5,3,praise,-0.0834,-0.3246,0.1951
qwen3,clean,winlose,GRPO_K5,3,thanks,-0.5944,-0.8502,-0.2837
qwen3,clean,winlose,GRPO_K5,3,agreement,-0.5465,-0.7027,-0.3637
qwen3,clean,winlose,GRPO_K5,3,question,0.2397,-0.1199,0.6097
qwen3,clean,winlose,GRPO_K5,3,reflection opener,0.2093,-0.1254,0.5687
qwen3,clean,winlose,GRPO_K5,3,advice,1.737,1.4363,1.8634
qwen3,clean,winlose,GRPO_K5,3,list preamble,1.1382,0.6877,1.4004
qwen3,clean,winlose,K0-K5,3,praise,0.2435,-0.1297,0.5614
qwen3,clean,winlose,K0-K5,3,thanks,0.2283,-0.1663,0.5803
qwen3,clean,winlose,K0-K5,3,agreement,0.2025,-0.0312,0.4753
qwen3,clean,winlose,K0-K5,3,question,-0.3518,-0.8866,0.185
qwen3,clean,winlose,K0-K5,3,reflection opener,0.1235,-0.3491,0.629
qwen3,clean,winlose,K0-K5,3,advice,-0.0925,-0.3886,0.2133
qwen3,clean,winlose,K0-K5,3,list preamble,-0.2195,-0.6559,0.239
qwen3,clean,winlose,GRPO_K0,4,praise,0.5599,-0.0223,0.9629
qwen3,clean,winlose,GRPO_K0,4,thanks,-0.3371,-0.7913,0.1834
qwen3,clean,winlose,GRPO_K0,4,agreement,0.4045,-0.0522,0.7737
qwen3,clean,winlose,GRPO_K0,4,question,-0.8038,-1.1579,-0.1793
qwen3,clean,winlose,GRPO_K0,4,reflection opener,0.5305,0.0367,0.8837
qwen3,clean,winlose,GRPO_K0,4,advice,0.5356,-0.3625,1.2228
qwen3,clean,winlose,GRPO_K0,4,list preamble,-0.2358,-1.1074,0.7753
qwen3,clean,winlose,GRPO_K5,4,praise,0.1691,-0.1607,0.49
qwen3,clean,winlose,GRPO_K5,4,thanks,-0.6567,-0.8815,-0.3698
qwen3,clean,winlose,GRPO_K5,4,agreement,-0.4302,-0.585,-0.1953
qwen3,clean,winlose,GRPO_K5,4,question,-0.1727,-0.4643,0.1434
qwen3,clean,winlose,GRPO_K5,4,reflection opener,0.1439,-0.0888,0.3971
qwen3,clean,winlose,GRPO_K5,4,advice,1.4714,1.0399,1.727
qwen3,clean,winlose,GRPO_K5,4,list preamble,0.4882,0.0111,0.8944
qwen3,clean,winlose,K0-K5,4,praise,0.3908,-0.2895,0.919
qwen3,clean,winlose,K0-K5,4,thanks,0.3196,-0.2323,0.8545
qwen3,clean,winlose,K0-K5,4,agreement,0.8347,0.3249,1.2357
qwen3,clean,winlose,K0-K5,4,question,-0.6311,-1.1196,0.0305
qwen3,clean,winlose,K0-K5,4,reflection opener,0.3867,-0.137,0.8093
qwen3,clean,winlose,K0-K5,4,advice,-0.9358,-1.836,-0.1188
qwen3,clean,winlose,K0-K5,4,list preamble,-0.724,-1.6771,0.3685
qwen3,clean,winlose,GRPO_K0,5,praise,0.953,0.3298,1.4061
qwen3,clean,winlose,GRPO_K0,5,thanks,-0.072,-0.5355,0.3486
qwen3,clean,winlose,GRPO_K0,5,agreement,0.225,-0.2142,0.7665
qwen3,clean,winlose,GRPO_K0,5,question,-0.2684,-0.9763,0.3072
qwen3,clean,winlose,GRPO_K0,5,reflection opener,0.2237,-0.3437,0.5329
qwen3,clean,winlose,GRPO_K0,5,advice,1.0344,0.0221,1.5847
qwen3,clean,winlose,GRPO_K0,5,list preamble,0.4886,-0.4606,1.3562
qwen3,clean,winlose,GRPO_K5,5,praise,-0.2601,-0.7448,0.4361
qwen3,clean,winlose,GRPO_K5,5,thanks,-0.8478,-1.143,-0.3248
qwen3,clean,winlose,GRPO_K5,5,agreement,0.1961,-0.1474,0.492
qwen3,clean,winlose,GRPO_K5,5,question,-0.1125,-0.6973,0.3445
qwen3,clean,winlose,GRPO_K5,5,reflection opener,0.2183,-0.1474,0.5046
qwen3,clean,winlose,GRPO_K5,5,advice,0.9126,0.3481,1.3327
qwen3,clean,winlose,GRPO_K5,5,list preamble,0.0114,-0.5994,0.6601
qwen3,clean,winlose,K0-K5,5,praise,1.2132,0.3113,1.8267
qwen3,clean,winlose,K0-K5,5,thanks,0.7759,0.0738,1.2525
qwen3,clean,winlose,K0-K5,5,agreement,0.0288,-0.434,0.6479
qwen3,clean,winlose,K0-K5,5,question,-0.1559,-0.9666,0.7203
qwen3,clean,winlose,K0-K5,5,reflection opener,0.0055,-0.6253,0.456
qwen3,clean,winlose,K0-K5,5,advice,0.1218,-0.81,0.7807
qwen3,clean,winlose,K0-K5,5,list preamble,0.4773,-0.4949,1.4736
qwen3,clean,winlose,GRPO_K0,6,praise,1.1943,0.075,1.5229
qwen3,clean,winlose,GRPO_K0,6,thanks,0.715,-0.1299,1.032
qwen3,clean,winlose,GRPO_K0,6,agreement,0.6525,-0.1843,1.1708
qwen3,clean,winlose,GRPO_K0,6,question,-0.3619,-1.0603,0.5556
qwen3,clean,winlose,GRPO_K0,6,reflection opener,0.0375,-0.6278,0.5946
qwen3,clean,winlose,GRPO_K0,6,advice,-0.2259,-1.2241,1.0485
qwen3,clean,winlose,GRPO_K0,6,list preamble,-0.8814,-1.8165,0.8732
qwen3,clean,winlose,GRPO_K5,6,praise,-0.2144,-0.7027,0.3828
qwen3,clean,winlose,GRPO_K5,6,thanks,-0.5248,-0.9299,0.0425
qwen3,clean,winlose,GRPO_K5,6,agreement,0.7633,0.1945,1.02
qwen3,clean,winlose,GRPO_K5,6,question,0.6121,-0.0485,1.001
qwen3,clean,winlose,GRPO_K5,6,reflection opener,0.313,-0.1679,0.6427
qwen3,clean,winlose,GRPO_K5,6,advice,0.0773,-0.8221,1.1409
qwen3,clean,winlose,GRPO_K5,6,list preamble,-0.4734,-1.2234,0.572
qwen3,clean,winlose,K0-K5,6,praise,1.4087,0.0104,1.8941
qwen3,clean,winlose,K0-K5,6,thanks,1.2398,0.2518,1.5909
qwen3,clean,winlose,K0-K5,6,agreement,-0.1108,-0.9539,0.779
qwen3,clean,winlose,K0-K5,6,question,-0.974,-1.8166,0.2972
qwen3,clean,winlose,K0-K5,6,reflection opener,-0.2755,-1.0058,0.4781
qwen3,clean,winlose,K0-K5,6,advice,-0.3032,-1.8919,1.3379
qwen3,clean,winlose,K0-K5,6,list preamble,-0.4079,-1.8049,1.4447
qwen3,clean,winlose,GRPO_K0,7,praise,0.9958,0.3891,1.5218
qwen3,clean,winlose,GRPO_K0,7,thanks,0.3958,-0.0739,0.7889
qwen3,clean,winlose,GRPO_K0,7,agreement,0.2378,-0.1339,0.7602
qwen3,clean,winlose,GRPO_K0,7,question,-0.09,-0.8899,0.4038
qwen3,clean,winlose,GRPO_K0,7,reflection opener,0.3126,-0.0864,0.5514
qwen3,clean,winlose,GRPO_K0,7,advice,0.4326,-0.5655,1.0235
qwen3,clean,winlose,GRPO_K0,7,list preamble,-0.6163,-1.2787,0.1002
qwen3,clean,winlose,GRPO_K5,7,praise,0.3508,-0.299,0.8173
qwen3,clean,winlose,GRPO_K5,7,thanks,0.1183,-0.4434,0.5411
qwen3,clean,winlose,GRPO_K5,7,agreement,0.3121,-0.287,0.7371
qwen3,clean,winlose,GRPO_K5,7,question,-0.3106,-0.7532,0.1952
qwen3,clean,winlose,GRPO_K5,7,reflection opener,0.1019,-0.2312,0.3998
qwen3,clean,winlose,GRPO_K5,7,advice,-1.0806,-1.5226,-0.1059
qwen3,clean,winlose,GRPO_K5,7,list preamble,-1.452,-1.761,-0.5589
qwen3,clean,winlose,K0-K5,7,praise,0.645,-0.0958,1.5403
qwen3,clean,winlose,K0-K5,7,thanks,0.2775,-0.3177,0.9022
qwen3,clean,winlose,K0-K5,7,agreement,-0.0743,-0.6529,0.6813
qwen3,clean,winlose,K0-K5,7,question,0.2206,-0.7301,0.941
qwen3,clean,winlose,K0-K5,7,reflection opener,0.2107,-0.2803,0.639
qwen3,clean,winlose,K0-K5,7,advice,1.5132,0.1855,2.1922
qwen3,clean,winlose,K0-K5,7,list preamble,0.8358,-0.2481,1.5595
qwen3,clean,winlose,GRPO_K0,8,praise,1.5721,1.202,1.7276
qwen3,clean,winlose,GRPO_K0,8,thanks,0.7833,0.2135,1.0521
qwen3,clean,winlose,GRPO_K0,8,agreement,0.5194,0.1813,0.8073
qwen3,clean,winlose,GRPO_K0,8,question,-0.6567,-0.8959,-0.3445
qwen3,clean,winlose,GRPO_K0,8,reflection opener,0.0619,-0.2155,0.2445
qwen3,clean,winlose,GRPO_K0,8,advice,-0.9901,-1.4442,-0.2307
qwen3,clean,winlose,GRPO_K0,8,list preamble,-1.6691,-1.9229,-0.8473
qwen3,clean,winlose,GRPO_K5,8,praise,0.8446,0.0066,1.2946
qwen3,clean,winlose,GRPO_K5,8,thanks,0.1973,-0.6021,0.7327
qwen3,clean,winlose,GRPO_K5,8,agreement,0.6686,-0.093,1.0619
qwen3,clean,winlose,GRPO_K5,8,question,-0.2034,-0.758,0.3375
qwen3,clean,winlose,GRPO_K5,8,reflection opener,0.4017,-0.149,0.6974
qwen3,clean,winlose,GRPO_K5,8,advice,-1.5177,-1.7906,-0.3414
qwen3,clean,winlose,GRPO_K5,8,list preamble,-1.7613,-1.9509,-0.4905
qwen3,clean,winlose,K0-K5,8,praise,0.7275,0.1488,1.4785
qwen3,clean,winlose,K0-K5,8,thanks,0.5861,-0.0979,1.3666
qwen3,clean,winlose,K0-K5,8,agreement,-0.1492,-0.602,0.6004
qwen3,clean,winlose,K0-K5,8,question,-0.4532,-1.0669,0.2001
qwen3,clean,winlose,K0-K5,8,reflection opener,-0.3398,-0.7524,0.2511
qwen3,clean,winlose,K0-K5,8,advice,0.5276,-0.5951,1.1452
qwen3,clean,winlose,K0-K5,8,list preamble,0.0923,-1.0376,0.6964
qwen3,clean,winlose,GRPO_K0,9,praise,-0.3739,-0.8363,0.2693
qwen3,clean,winlose,GRPO_K0,9,thanks,-0.1157,-0.4997,0.3919
qwen3,clean,winlose,GRPO_K0,9,agreement,0.1549,-0.1123,0.4928
qwen3,clean,winlose,GRPO_K0,9,question,-0.6992,-1.0495,-0.3229
qwen3,clean,winlose,GRPO_K0,9,reflection opener,-0.6896,-0.8156,-0.4782
qwen3,clean,winlose,GRPO_K0,9,advice,-0.4003,-1.0355,0.1997
qwen3,clean,winlose,GRPO_K0,9,list preamble,0.9665,0.1861,1.4697
qwen3,clean,winlose,GRPO_K5,9,praise,0.262,-0.6394,1.1116
qwen3,clean,winlose,GRPO_K5,9,thanks,-0.7262,-1.2491,0.3614
qwen3,clean,winlose,GRPO_K5,9,agreement,0.1576,-0.5116,0.7106
qwen3,clean,winlose,GRPO_K5,9,question,0.0805,-0.5336,0.6368
qwen3,clean,winlose,GRPO_K5,9,reflection opener,-0.0873,-0.477,0.3916
qwen3,clean,winlose,GRPO_K5,9,advice,0.2402,-1.0139,1.2423
qwen3,clean,winlose,GRPO_K5,9,list preamble,0.148,-1.0331,1.1038
qwen3,clean,winlose,K0-K5,9,praise,-0.6359,-1.6018,0.3734
qwen3,clean,winlose,K0-K5,9,thanks,0.6105,-0.6092,1.2442
qwen3,clean,winlose,K0-K5,9,agreement,-0.0027,-0.6955,0.8031
qwen3,clean,winlose,K0-K5,9,question,-0.7797,-1.4405,0.0257
qwen3,clean,winlose,K0-K5,9,reflection opener,-0.6023,-1.076,-0.1034
qwen3,clean,winlose,K0-K5,9,advice,-0.6405,-1.7454,0.8595
qwen3,clean,winlose,K0-K5,9,list preamble,0.8185,-0.2754,2.1165
qwen3,clean,winlose,GRPO_K0,10,praise,1.5913,1.2946,1.7128
qwen3,clean,winlose,GRPO_K0,10,thanks,0.9347,0.657,1.076
qwen3,clean,winlose,GRPO_K0,10,agreement,0.4384,0.3151,0.5706
qwen3,clean,winlose,GRPO_K0,10,question,-0.4627,-0.6248,-0.2172
qwen3,clean,winlose,GRPO_K0,10,reflection opener,0.0948,-0.0116,0.2023
qwen3,clean,winlose,GRPO_K0,10,advice,-1.0052,-1.2829,-0.5745
qwen3,clean,winlose,GRPO_K0,10,list preamble,-1.5341,-1.6781,-1.2637
qwen3,clean,winlose,GRPO_K5,10,praise,0.9817,-0.2967,1.585
qwen3,clean,winlose,GRPO_K5,10,thanks,-0.1273,-0.8681,0.9016
qwen3,clean,winlose,GRPO_K5,10,agreement,-0.3277,-0.8048,0.4357
qwen3,clean,winlose,GRPO_K5,10,question,-0.1816,-0.7376,0.5787
qwen3,clean,winlose,GRPO_K5,10,reflection opener,-0.8131,-1.0357,-0.0826
qwen3,clean,winlose,GRPO_K5,10,advice,0.673,-0.7605,1.3908
qwen3,clean,winlose,GRPO_K5,10,list preamble,0.0508,-1.1863,0.9317
qwen3,clean,winlose,K0-K5,10,praise,0.6096,-0.0282,1.8765
qwen3,clean,winlose,K0-K5,10,thanks,1.0619,-0.0188,1.8928
qwen3,clean,winlose,K0-K5,10,agreement,0.7661,0.0169,1.2266
qwen3,clean,winlose,K0-K5,10,question,-0.2812,-1.0258,0.3097
qwen3,clean,winlose,K0-K5,10,reflection opener,0.9079,0.1941,1.1187
qwen3,clean,winlose,K0-K5,10,advice,-1.6782,-2.3723,-0.1616
qwen3,clean,winlose,K0-K5,10,list preamble,-1.5849,-2.4428,-0.3308
qwen3,clean,advw,GRPO_K0,1,praise,-0.2596,-0.5612,0.1211
qwen3,clean,advw,GRPO_K0,1,thanks,-0.5903,-0.8375,-0.1978
qwen3,clean,advw,GRPO_K0,1,agreement,-0.484,-0.6552,-0.1872
qwen3,clean,advw,GRPO_K0,1,question,0.4061,-0.1359,0.7513
qwen3,clean,advw,GRPO_K0,1,reflection opener,0.3888,0.0359,0.7178
qwen3,clean,advw,GRPO_K0,1,advice,1.1029,0.411,1.4841
qwen3,clean,advw,GRPO_K0,1,list preamble,0.584,-0.0865,1.0428
qwen3,clean,advw,GRPO_K5,1,praise,0.1535,-0.2606,0.592
qwen3,clean,advw,GRPO_K5,1,thanks,-0.7067,-1.1034,-0.215
qwen3,clean,advw,GRPO_K5,1,agreement,-0.5556,-0.7672,-0.2639
qwen3,clean,advw,GRPO_K5,1,question,-0.0153,-0.4967,0.5313
qwen3,clean,advw,GRPO_K5,1,reflection opener,0.0516,-0.3081,0.4921
qwen3,clean,advw,GRPO_K5,1,advice,1.5545,1.1441,1.7436
qwen3,clean,advw,GRPO_K5,1,list preamble,1.3373,0.8668,1.5874
qwen3,clean,advw,K0-K5,1,praise,-0.4131,-0.9507,0.1542
qwen3,clean,advw,K0-K5,1,thanks,0.1164,-0.3898,0.6198
qwen3,clean,advw,K0-K5,1,agreement,0.0717,-0.2587,0.3832
qwen3,clean,advw,K0-K5,1,question,0.4214,-0.3753,1.0117
qwen3,clean,advw,K0-K5,1,reflection opener,0.3372,-0.112,0.677
qwen3,clean,advw,K0-K5,1,advice,-0.4515,-1.0241,0.0366
qwen3,clean,advw,K0-K5,1,list preamble,-0.7533,-1.3554,-0.0892
qwen3,clean,advw,GRPO_K0,2,praise,-0.0914,-0.4611,0.321
qwen3,clean,advw,GRPO_K0,2,thanks,-0.4659,-0.7868,-0.0528
qwen3,clean,advw,GRPO_K0,2,agreement,-0.7175,-0.8982,-0.4197
qwen3,clean,advw,GRPO_K0,2,question,0.1565,-0.3105,0.6004
qwen3,clean,advw,GRPO_K0,2,reflection opener,0.3405,-0.1236,0.8286
qwen3,clean,advw,GRPO_K0,2,advice,1.6387,1.0852,1.8908
qwen3,clean,advw,GRPO_K0,2,list preamble,1.1649,0.36,1.5696
qwen3,clean,advw,GRPO_K5,2,praise,-0.191,-0.4773,0.1122
qwen3,clean,advw,GRPO_K5,2,thanks,-0.7077,-0.9685,-0.3417
qwen3,clean,advw,GRPO_K5,2,agreement,-0.3439,-0.5453,-0.0857
qwen3,clean,advw,GRPO_K5,2,question,-0.1743,-0.6579,0.2557
qwen3,clean,advw,GRPO_K5,2,reflection opener,0.2826,-0.0129,0.6237
qwen3,clean,advw,GRPO_K5,2,advice,1.3503,1.0067,1.556
qwen3,clean,advw,GRPO_K5,2,list preamble,0.9451,0.5097,1.2406
qwen3,clean,advw,K0-K5,2,praise,0.0996,-0.4012,0.5596
qwen3,clean,advw,K0-K5,2,thanks,0.2418,-0.2438,0.721
qwen3,clean,advw,K0-K5,2,agreement,-0.3736,-0.6777,-0.0231
qwen3,clean,advw,K0-K5,2,question,0.3308,-0.2475,0.9229
qwen3,clean,advw,K0-K5,2,reflection opener,0.0579,-0.4932,0.6039
qwen3,clean,advw,K0-K5,2,advice,0.2884,-0.2794,0.6672
qwen3,clean,advw,K0-K5,2,list preamble,0.2199,-0.6425,0.7618
qwen3,clean,advw,GRPO_K0,3,praise,0.0851,-0.1385,0.3096
qwen3,clean,advw,GRPO_K0,3,thanks,-0.3889,-0.6028,-0.1767
qwen3,clean,advw,GRPO_K0,3,agreement,-0.3572,-0.5188,-0.0956
qwen3,clean,advw,GRPO_K0,3,question,-0.041,-0.4194,0.3083
qwen3,clean,advw,GRPO_K0,3,reflection opener,0.3177,0.0271,0.6785
qwen3,clean,advw,GRPO_K0,3,advice,1.7109,1.3929,1.8756
qwen3,clean,advw,GRPO_K0,3,list preamble,1.0233,0.5769,1.2891
qwen3,clean,advw,GRPO_K5,3,praise,-0.0022,-0.2879,0.3022
qwen3,clean,advw,GRPO_K5,3,thanks,-0.4401,-0.6876,-0.1529
qwen3,clean,advw,GRPO_K5,3,agreement,-0.5961,-0.7274,-0.4311
qwen3,clean,advw,GRPO_K5,3,question,0.203,-0.1862,0.6461
qwen3,clean,advw,GRPO_K5,3,reflection opener,0.1423,-0.2002,0.4915
qwen3,clean,advw,GRPO_K5,3,advice,1.7749,1.4714,1.9214
qwen3,clean,advw,GRPO_K5,3,list preamble,1.1647,0.7318,1.436
qwen3,clean,advw,K0-K5,3,praise,0.0873,-0.269,0.3845
qwen3,clean,advw,K0-K5,3,thanks,0.0512,-0.3029,0.4121
qwen3,clean,advw,K0-K5,3,agreement,0.2389,0.0138,0.5028
qwen3,clean,advw,K0-K5,3,question,-0.244,-0.7871,0.3047
qwen3,clean,advw,K0-K5,3,reflection opener,0.1754,-0.2504,0.694
qwen3,clean,advw,K0-K5,3,advice,-0.064,-0.3538,0.2333
qwen3,clean,advw,K0-K5,3,list preamble,-0.1414,-0.5974,0.3107
qwen3,clean,advw,GRPO_K0,4,praise,0.6965,0.1422,1.0463
qwen3,clean,advw,GRPO_K0,4,thanks,-0.2926,-0.7243,0.1533
qwen3,clean,advw,GRPO_K0,4,agreement,0.4493,-0.0153,0.8834
qwen3,clean,advw,GRPO_K0,4,question,-0.998,-1.2847,-0.3526
qwen3,clean,advw,GRPO_K0,4,reflection opener,0.4291,-0.0215,0.8057
qwen3,clean,advw,GRPO_K0,4,advice,0.4439,-0.4205,1.1247
qwen3,clean,advw,GRPO_K0,4,list preamble,-0.163,-1.016,0.7157
qwen3,clean,advw,GRPO_K5,4,praise,0.1396,-0.1366,0.4246
qwen3,clean,advw,GRPO_K5,4,thanks,-0.6633,-0.8753,-0.4074
qwen3,clean,advw,GRPO_K5,4,agreement,-0.4282,-0.5825,-0.1995
qwen3,clean,advw,GRPO_K5,4,question,-0.1243,-0.4007,0.1683
qwen3,clean,advw,GRPO_K5,4,reflection opener,0.2066,-0.0076,0.4042
qwen3,clean,advw,GRPO_K5,4,advice,1.3834,1.0018,1.6067
qwen3,clean,advw,GRPO_K5,4,list preamble,0.4034,-0.0179,0.7312
qwen3,clean,advw,K0-K5,4,praise,0.5569,-0.0753,1.0016
qwen3,clean,advw,K0-K5,4,thanks,0.3706,-0.1024,0.8111
qwen3,clean,advw,K0-K5,4,agreement,0.8775,0.3481,1.3016
qwen3,clean,advw,K0-K5,4,question,-0.8737,-1.3037,-0.1959
qwen3,clean,advw,K0-K5,4,reflection opener,0.2224,-0.2997,0.6641
qwen3,clean,advw,K0-K5,4,advice,-0.9395,-1.8225,-0.1698
qwen3,clean,advw,K0-K5,4,list preamble,-0.5664,-1.5449,0.482
qwen3,clean,advw,GRPO_K0,5,praise,1.1488,0.4743,1.5711
qwen3,clean,advw,GRPO_K0,5,thanks,0.082,-0.3656,0.4894
qwen3,clean,advw,GRPO_K0,5,agreement,0.3729,-0.0882,0.8069
qwen3,clean,advw,GRPO_K0,5,question,-0.6245,-1.2928,0.0981
qwen3,clean,advw,GRPO_K0,5,reflection opener,0.1768,-0.389,0.5266
qwen3,clean,advw,GRPO_K0,5,advice,0.7289,-0.2555,1.3835
qwen3,clean,advw,GRPO_K0,5,list preamble,0.3067,-0.6463,1.2726
qwen3,clean,advw,GRPO_K5,5,praise,-0.0851,-0.6159,0.5612
qwen3,clean,advw,GRPO_K5,5,thanks,-0.8302,-1.1177,-0.347
qwen3,clean,advw,GRPO_K5,5,agreement,0.3566,0.0413,0.6539
qwen3,clean,advw,GRPO_K5,5,question,-0.1429,-0.6584,0.3164
qwen3,clean,advw,GRPO_K5,5,reflection opener,0.3921,0.0699,0.6318
qwen3,clean,advw,GRPO_K5,5,advice,0.7119,0.168,1.1964
qwen3,clean,advw,GRPO_K5,5,list preamble,-0.2183,-0.7751,0.4862
qwen3,clean,advw,K0-K5,5,praise,1.2339,0.3626,1.8384
qwen3,clean,advw,K0-K5,5,thanks,0.9123,0.1808,1.4068
qwen3,clean,advw,K0-K5,5,agreement,0.0163,-0.4944,0.4833
qwen3,clean,advw,K0-K5,5,question,-0.4816,-1.2771,0.5174
qwen3,clean,advw,K0-K5,5,reflection opener,-0.2153,-0.7958,0.2339
qwen3,clean,advw,K0-K5,5,advice,0.0171,-0.8937,0.8016
qwen3,clean,advw,K0-K5,5,list preamble,0.525,-0.5308,1.7138
qwen3,clean,advw,GRPO_K0,6,praise,1.3386,0.1911,1.6227
qwen3,clean,advw,GRPO_K0,6,thanks,0.6125,-0.1564,1.0014
qwen3,clean,advw,GRPO_K0,6,agreement,0.3321,-0.4033,0.9226
qwen3,clean,advw,GRPO_K0,6,question,-0.384,-1.1365,0.5459
qwen3,clean,advw,GRPO_K0,6,reflection opener,-0.1019,-0.7782,0.4791
qwen3,clean,advw,GRPO_K0,6,advice,0.1106,-1.0854,1.2229
qwen3,clean,advw,GRPO_K0,6,list preamble,-0.724,-1.6833,0.9221
qwen3,clean,advw,GRPO_K5,6,praise,-0.4148,-0.8841,0.2243
qwen3,clean,advw,GRPO_K5,6,thanks,-0.5766,-0.9606,0.027
qwen3,clean,advw,GRPO_K5,6,agreement,0.7734,0.179,1.0818
qwen3,clean,advw,GRPO_K5,6,question,0.5792,-0.095,1.009
qwen3,clean,advw,GRPO_K5,6,reflection opener,0.2163,-0.2771,0.5995
qwen3,clean,advw,GRPO_K5,6,advice,0.158,-0.7835,1.1516
qwen3,clean,advw,GRPO_K5,6,list preamble,-0.3723,-1.1951,0.5773
qwen3,clean,advw,K0-K5,6,praise,1.7535,0.3432,2.2528
qwen3,clean,advw,K0-K5,6,thanks,1.1891,0.1611,1.626
qwen3,clean,advw,K0-K5,6,agreement,-0.4413,-1.1362,0.4809
qwen3,clean,advw,K0-K5,6,question,-0.9632,-1.8877,0.4585
qwen3,clean,advw,K0-K5,6,reflection opener,-0.3182,-1.0961,0.4661
qwen3,clean,advw,K0-K5,6,advice,-0.0473,-1.6706,1.3224
qwen3,clean,advw,K0-K5,6,list preamble,-0.3516,-1.6913,1.3677
qwen3,clean,advw,GRPO_K0,7,praise,0.9586,0.3666,1.4856
qwen3,clean,advw,GRPO_K0,7,thanks,0.3507,-0.152,0.7869
qwen3,clean,advw,GRPO_K0,7,agreement,0.2096,-0.1499,0.6898
qwen3,clean,advw,GRPO_K0,7,question,-0.0411,-0.8443,0.4524
qwen3,clean,advw,GRPO_K0,7,reflection opener,0.3091,-0.1014,0.5641
qwen3,clean,advw,GRPO_K0,7,advice,0.4435,-0.5126,1.0639
qwen3,clean,advw,GRPO_K0,7,list preamble,-0.6198,-1.352,0.1312
qwen3,clean,advw,GRPO_K5,7,praise,0.3005,-0.3254,0.8026
qwen3,clean,advw,GRPO_K5,7,thanks,0.2586,-0.2785,0.6799
qwen3,clean,advw,GRPO_K5,7,agreement,0.6027,0.1176,0.9145
qwen3,clean,advw,GRPO_K5,7,question,-0.0736,-0.5382,0.4145
qwen3,clean,advw,GRPO_K5,7,reflection opener,0.2585,-0.0834,0.5118
qwen3,clean,advw,GRPO_K5,7,advice,-1.293,-1.6347,-0.5599
qwen3,clean,advw,GRPO_K5,7,list preamble,-1.6815,-1.9152,-1.0051
qwen3,clean,advw,K0-K5,7,praise,0.6581,-0.1259,1.548
qwen3,clean,advw,K0-K5,7,thanks,0.0921,-0.5538,0.7219
qwen3,clean,advw,K0-K5,7,agreement,-0.3931,-0.8048,0.2647
qwen3,clean,advw,K0-K5,7,question,0.0325,-0.9908,0.7696
qwen3,clean,advw,K0-K5,7,reflection opener,0.0506,-0.3955,0.4832
qwen3,clean,advw,K0-K5,7,advice,1.7365,0.5227,2.3854
qwen3,clean,advw,K0-K5,7,list preamble,1.0617,0.0844,1.763
qwen3,clean,advw,GRPO_K0,8,praise,1.5497,1.0275,1.7106
qwen3,clean,advw,GRPO_K0,8,thanks,0.7572,0.0369,1.0415
qwen3,clean,advw,GRPO_K0,8,agreement,0.4522,0.0769,0.7624
qwen3,clean,advw,GRPO_K0,8,question,-0.6636,-0.9382,-0.2923
qwen3,clean,advw,GRPO_K0,8,reflection opener,0.0221,-0.3263,0.2354
qwen3,clean,advw,GRPO_K0,8,advice,-0.8612,-1.4128,0.1216
qwen3,clean,advw,GRPO_K0,8,list preamble,-1.6344,-1.9086,-0.5799
qwen3,clean,advw,GRPO_K5,8,praise,0.829,0.0064,1.3676
qwen3,clean,advw,GRPO_K5,8,thanks,0.2468,-0.5104,0.8
qwen3,clean,advw,GRPO_K5,8,agreement,0.6707,-0.0012,1.0806
qwen3,clean,advw,GRPO_K5,8,question,-0.202,-0.7765,0.3458
qwen3,clean,advw,GRPO_K5,8,reflection opener,0.4959,-0.0546,0.7929
qwen3,clean,advw,GRPO_K5,8,advice,-1.3095,-1.7071,-0.272
qwen3,clean,advw,GRPO_K5,8,list preamble,-1.6757,-1.9182,-0.6137
qwen3,clean,advw,K0-K5,8,praise,0.7207,0.0438,1.3927
qwen3,clean,advw,K0-K5,8,thanks,0.5104,-0.2839,1.3266
qwen3,clean,advw,K0-K5,8,agreement,-0.2185,-0.7668,0.4865
qwen3,clean,advw,K0-K5,8,question,-0.4616,-1.0695,0.2602
qwen3,clean,advw,K0-K5,8,reflection opener,-0.4739,-0.9082,0.1663
qwen3,clean,advw,K0-K5,8,advice,0.4483,-0.6516,1.3386
qwen3,clean,advw,K0-K5,8,list preamble,0.0413,-0.9641,0.8267
qwen3,clean,advw,GRPO_K0,9,praise,-0.3413,-0.8108,0.2274
qwen3,clean,advw,GRPO_K0,9,thanks,-0.1096,-0.507,0.3833
qwen3,clean,advw,GRPO_K0,9,agreement,0.1579,-0.1332,0.5082
qwen3,clean,advw,GRPO_K0,9,question,-0.7322,-1.0455,-0.3694
qwen3,clean,advw,GRPO_K0,9,reflection opener,-0.7074,-0.8557,-0.4874
qwen3,clean,advw,GRPO_K0,9,advice,-0.3726,-1.0498,0.2963
qwen3,clean,advw,GRPO_K0,9,list preamble,0.9809,0.187,1.5171
qwen3,clean,advw,GRPO_K5,9,praise,0.553,-0.5497,1.1478
qwen3,clean,advw,GRPO_K5,9,thanks,-0.3368,-1.1305,0.6245
qwen3,clean,advw,GRPO_K5,9,agreement,0.6899,-0.2521,1.073
qwen3,clean,advw,GRPO_K5,9,question,-0.3547,-0.8772,0.4275
qwen3,clean,advw,GRPO_K5,9,reflection opener,0.2592,-0.3876,0.6655
qwen3,clean,advw,GRPO_K5,9,advice,0.0578,-1.1293,1.3905
qwen3,clean,advw,GRPO_K5,9,list preamble,0.0816,-1.0967,1.343
qwen3,clean,advw,K0-K5,9,praise,-0.8943,-1.683,0.3329
qwen3,clean,advw,K0-K5,9,thanks,0.2271,-0.8207,1.0983
qwen3,clean,advw,K0-K5,9,agreement,-0.532,-1.0346,0.4991
qwen3,clean,advw,K0-K5,9,question,-0.3775,-1.2349,0.2629
qwen3,clean,advw,K0-K5,9,reflection opener,-0.9666,-1.3731,-0.2741
qwen3,clean,advw,K0-K5,9,advice,-0.4304,-1.828,0.9415
qwen3,clean,advw,K0-K5,9,list preamble,0.8992,-0.5433,2.1958
qwen3,clean,advw,GRPO_K0,10,praise,1.5578,1.1897,1.7012
qwen3,clean,advw,GRPO_K0,10,thanks,0.9757,0.6528,1.1431
qwen3,clean,advw,GRPO_K0,10,agreement,0.4161,0.2819,0.5549
qwen3,clean,advw,GRPO_K0,10,question,-0.4268,-0.6113,-0.1402
qwen3,clean,advw,GRPO_K0,10,reflection opener,0.1258,0.017,0.2425
qwen3,clean,advw,GRPO_K0,10,advice,-0.9062,-1.2295,-0.302
qwen3,clean,advw,GRPO_K0,10,list preamble,-1.4346,-1.6223,-1.0253
qwen3,clean,advw,GRPO_K5,10,praise,1.2071,-0.0344,1.6536
qwen3,clean,advw,GRPO_K5,10,thanks,0.0413,-0.7969,0.9176
qwen3,clean,advw,GRPO_K5,10,agreement,-0.2567,-0.7687,0.3813
qwen3,clean,advw,GRPO_K5,10,question,-0.2343,-0.7283,0.5513
qwen3,clean,advw,GRPO_K5,10,reflection opener,-0.5582,-0.8299,0.0469
qwen3,clean,advw,GRPO_K5,10,advice,0.3348,-0.8068,1.1649
qwen3,clean,advw,GRPO_K5,10,list preamble,-0.3727,-1.2694,0.6269
qwen3,clean,advw,K0-K5,10,praise,0.3507,-0.2189,1.5586
qwen3,clean,advw,K0-K5,10,thanks,0.9344,0.0214,1.8523
qwen3,clean,advw,K0-K5,10,agreement,0.6727,0.0251,1.1436
qwen3,clean,advw,K0-K5,10,question,-0.1925,-1.0203,0.4403
qwen3,clean,advw,K0-K5,10,reflection opener,0.684,0.0837,0.9361
qwen3,clean,advw,K0-K5,10,advice,-1.241,-2.1101,0.0144
qwen3,clean,advw,K0-K5,10,list preamble,-1.0618,-2.0762,-0.1287
llama8,all,winlose,GRPO_K0,1,praise,0.6361,0.4432,0.8155
llama8,all,winlose,GRPO_K0,1,thanks,0.4345,0.1144,0.7169
llama8,all,winlose,GRPO_K0,1,agreement,-0.9554,-1.0551,-0.797
llama8,all,winlose,GRPO_K0,1,question,0.4503,0.0545,0.773
llama8,all,winlose,GRPO_K0,1,reflection opener,0.9017,0.7622,1.0124
llama8,all,winlose,GRPO_K0,1,advice,0.8237,0.5731,1.0237
llama8,all,winlose,GRPO_K0,1,list preamble,0.45,0.146,0.7644
llama8,all,winlose,GRPO_K5,1,praise,0.603,0.2517,0.8595
llama8,all,winlose,GRPO_K5,1,thanks,0.1944,-0.253,0.5832
llama8,all,winlose,GRPO_K5,1,agreement,-0.9724,-1.1474,-0.7116
llama8,all,winlose,GRPO_K5,1,question,0.9558,0.4195,1.3655
llama8,all,winlose,GRPO_K5,1,reflection opener,0.9867,0.6042,1.2174
llama8,all,winlose,GRPO_K5,1,advice,0.7656,0.3244,1.1565
llama8,all,winlose,GRPO_K5,1,list preamble,-0.0068,-0.5719,0.5752
llama8,all,winlose,K0-K5,1,praise,0.033,-0.2668,0.3691
llama8,all,winlose,K0-K5,1,thanks,0.2402,-0.1894,0.7217
llama8,all,winlose,K0-K5,1,agreement,0.017,-0.2646,0.2687
llama8,all,winlose,K0-K5,1,question,-0.5054,-1.0268,0.0871
llama8,all,winlose,K0-K5,1,reflection opener,-0.0851,-0.3177,0.281
llama8,all,winlose,K0-K5,1,advice,0.058,-0.3374,0.5426
llama8,all,winlose,K0-K5,1,list preamble,0.4569,-0.1575,1.061
llama8,all,winlose,GRPO_K0,2,praise,0.4579,0.18,0.7146
llama8,all,winlose,GRPO_K0,2,thanks,0.4877,0.0405,0.8356
llama8,all,winlose,GRPO_K0,2,agreement,-0.8937,-1.0302,-0.6592
llama8,all,winlose,GRPO_K0,2,question,0.3844,-0.0387,0.791
llama8,all,winlose,GRPO_K0,2,reflection opener,0.75,0.478,0.9542
llama8,all,winlose,GRPO_K0,2,advice,1.1735,0.7301,1.5227
llama8,all,winlose,GRPO_K0,2,list preamble,0.9953,0.3356,1.5545
llama8,all,winlose,GRPO_K5,2,praise,0.5615,0.335,0.7482
llama8,all,winlose,GRPO_K5,2,thanks,0.1557,-0.1644,0.4546
llama8,all,winlose,GRPO_K5,2,agreement,-0.7614,-0.9383,-0.5023
llama8,all,winlose,GRPO_K5,2,question,0.238,-0.2486,0.6456
llama8,all,winlose,GRPO_K5,2,reflection opener,0.8861,0.696,1.0321
llama8,all,winlose,GRPO_K5,2,advice,0.7871,0.5209,0.9937
llama8,all,winlose,GRPO_K5,2,list preamble,-0.0248,-0.3677,0.3144
llama8,all,winlose,K0-K5,2,praise,-0.1036,-0.4726,0.2343
llama8,all,winlose,K0-K5,2,thanks,0.332,-0.2359,0.8328
llama8,all,winlose,K0-K5,2,agreement,-0.1323,-0.4083,0.1886
llama8,all,winlose,K0-K5,2,question,0.1464,-0.3956,0.7341
llama8,all,winlose,K0-K5,2,reflection opener,-0.1361,-0.3963,0.1215
llama8,all,winlose,K0-K5,2,advice,0.3865,-0.144,0.8036
llama8,all,winlose,K0-K5,2,list preamble,1.0201,0.2168,1.6827
llama8,all,winlose,GRPO_K0,3,praise,0.7922,0.6283,0.96
llama8,all,winlose,GRPO_K0,3,thanks,0.763,0.5539,0.9623
llama8,all,winlose,GRPO_K0,3,agreement,-0.6241,-0.7507,-0.4494
llama8,all,winlose,GRPO_K0,3,question,-0.084,-0.4889,0.2325
llama8,all,winlose,GRPO_K0,3,reflection opener,0.6546,0.485,0.8243
llama8,all,winlose,GRPO_K0,3,advice,0.8538,0.6109,1.0382
llama8,all,winlose,GRPO_K0,3,list preamble,0.3503,0.0395,0.6293
llama8,all,winlose,GRPO_K5,3,praise,0.2411,0.06,0.4171
llama8,all,winlose,GRPO_K5,3,thanks,-0.0511,-0.3836,0.2525
llama8,all,winlose,GRPO_K5,3,agreement,-0.9466,-1.0712,-0.7533
llama8,all,winlose,GRPO_K5,3,question,0.6111,0.1772,0.8943
llama8,all,winlose,GRPO_K5,3,reflection opener,0.7707,0.4896,0.9839
llama8,all,winlose,GRPO_K5,3,advice,1.1974,0.9246,1.3869
llama8,all,winlose,GRPO_K5,3,list preamble,0.4352,0.0414,0.8225
llama8,all,winlose,K0-K5,3,praise,0.5512,0.3076,0.7802
llama8,all,winlose,K0-K5,3,thanks,0.8141,0.4708,1.1892
llama8,all,winlose,K0-K5,3,agreement,0.3225,0.0597,0.5687
llama8,all,winlose,K0-K5,3,question,-0.6951,-1.2042,-0.1486
llama8,all,winlose,K0-K5,3,reflection opener,-0.1161,-0.4164,0.2052
llama8,all,winlose,K0-K5,3,advice,-0.3436,-0.6514,-0.0166
llama8,all,winlose,K0-K5,3,list preamble,-0.0849,-0.5704,0.4037
llama8,all,winlose,GRPO_K0,4,praise,0.9742,0.7773,1.1242
llama8,all,winlose,GRPO_K0,4,thanks,0.8834,0.6609,1.0484
llama8,all,winlose,GRPO_K0,4,agreement,-0.5227,-0.6809,-0.3557
llama8,all,winlose,GRPO_K0,4,question,-0.6694,-0.9254,-0.3847
llama8,all,winlose,GRPO_K0,4,reflection opener,0.5191,0.3029,0.71
llama8,all,winlose,GRPO_K0,4,advice,0.5983,0.2522,0.9235
llama8,all,winlose,GRPO_K0,4,list preamble,0.3196,-0.2859,0.9612
llama8,all,winlose,GRPO_K5,4,praise,0.6345,0.4582,0.7687
llama8,all,winlose,GRPO_K5,4,thanks,0.1477,-0.0864,0.3652
llama8,all,winlose,GRPO_K5,4,agreement,-0.8172,-0.9617,-0.646
llama8,all,winlose,GRPO_K5,4,question,0.2509,-0.0574,0.5484
llama8,all,winlose,GRPO_K5,4,reflection opener,0.7707,0.6115,0.8976
llama8,all,winlose,GRPO_K5,4,advice,0.6955,0.4504,0.9425
llama8,all,winlose,GRPO_K5,4,list preamble,-0.436,-0.7372,-0.0978
llama8,all,winlose,K0-K5,4,praise,0.3397,0.1041,0.5789
llama8,all,winlose,K0-K5,4,thanks,0.7357,0.4397,0.9865
llama8,all,winlose,K0-K5,4,agreement,0.2945,0.0941,0.4996
llama8,all,winlose,K0-K5,4,question,-0.9204,-1.3116,-0.5075
llama8,all,winlose,K0-K5,4,reflection opener,-0.2516,-0.522,-0.008
llama8,all,winlose,K0-K5,4,advice,-0.0973,-0.4761,0.3199
llama8,all,winlose,K0-K5,4,list preamble,0.7556,0.0821,1.4431
llama8,all,winlose,GRPO_K0,5,praise,1.056,0.5474,1.3048
llama8,all,winlose,GRPO_K0,5,thanks,0.9564,0.4602,1.1632
llama8,all,winlose,GRPO_K0,5,agreement,-0.5913,-0.781,-0.2477
llama8,all,winlose,GRPO_K0,5,question,-0.5889,-1.1741,0.0234
llama8,all,winlose,GRPO_K0,5,reflection opener,0.2878,-0.3219,0.6023
llama8,all,winlose,GRPO_K0,5,advice,0.7985,0.174,1.3271
llama8,all,winlose,GRPO_K0,5,list preamble,0.7687,-0.6486,2.4055
llama8,all,winlose,GRPO_K5,5,praise,0.6282,0.3512,0.8733
llama8,all,winlose,GRPO_K5,5,thanks,0.2672,-0.1111,0.5452
llama8,all,winlose,GRPO_K5,5,agreement,-0.9271,-1.0766,-0.7656
llama8,all,winlose,GRPO_K5,5,question,0.3841,0.0031,0.7266
llama8,all,winlose,GRPO_K5,5,reflection opener,0.7655,0.6008,0.8772
llama8,all,winlose,GRPO_K5,5,advice,0.7591,0.4902,1.0467
llama8,all,winlose,GRPO_K5,5,list preamble,-0.285,-0.585,0.0772
llama8,all,winlose,K0-K5,5,praise,0.4278,-0.0985,0.7942
llama8,all,winlose,K0-K5,5,thanks,0.6892,0.1555,1.0816
llama8,all,winlose,K0-K5,5,agreement,0.3358,0.0752,0.713
llama8,all,winlose,K0-K5,5,question,-0.973,-1.6658,-0.2579
llama8,all,winlose,K0-K5,5,reflection opener,-0.4777,-1.1059,-0.1145
llama8,all,winlose,K0-K5,5,advice,0.0394,-0.6884,0.6692
llama8,all,winlose,K0-K5,5,list preamble,1.0537,-0.5191,2.7832
llama8,all,winlose,GRPO_K0,6,praise,1.0512,0.4364,1.2617
llama8,all,winlose,GRPO_K0,6,thanks,1.2734,0.7214,1.4651
llama8,all,winlose,GRPO_K0,6,agreement,-0.1643,-0.4697,0.2088
llama8,all,winlose,GRPO_K0,6,question,-0.7617,-1.1964,-0.128
llama8,all,winlose,GRPO_K0,6,reflection opener,0.0841,-0.4402,0.5416
llama8,all,winlose,GRPO_K0,6,advice,0.4693,-0.1772,1.0304
llama8,all,winlose,GRPO_K0,6,list preamble,0.8004,-0.9459,2.2615
llama8,all,winlose,GRPO_K5,6,praise,0.3212,-0.0458,0.6267
llama8,all,winlose,GRPO_K5,6,thanks,0.198,-0.2963,0.5633
llama8,all,winlose,GRPO_K5,6,agreement,-1.2545,-1.4474,-0.9437
llama8,all,winlose,GRPO_K5,6,question,1.1207,0.6604,1.5551
llama8,all,winlose,GRPO_K5,6,reflection opener,0.8614,0.565,1.0254
llama8,all,winlose,GRPO_K5,6,advice,0.8316,0.4472,1.2186
llama8,all,winlose,GRPO_K5,6,list preamble,-0.1451,-0.6084,0.4399
llama8,all,winlose,K0-K5,6,praise,0.7301,0.0707,1.1507
llama8,all,winlose,K0-K5,6,thanks,1.0754,0.3946,1.5603
llama8,all,winlose,K0-K5,6,agreement,1.0901,0.6533,1.5029
llama8,all,winlose,K0-K5,6,question,-1.8824,-2.5093,-1.039
llama8,all,winlose,K0-K5,6,reflection opener,-0.7773,-1.3452,-0.165
llama8,all,winlose,K0-K5,6,advice,-0.3623,-1.1246,0.381
llama8,all,winlose,K0-K5,6,list preamble,0.9455,-0.9198,2.5534
llama8,all,winlose,GRPO_K0,7,praise,1.0786,0.7759,1.3856
llama8,all,winlose,GRPO_K0,7,thanks,1.1214,0.7894,1.4319
llama8,all,winlose,GRPO_K0,7,agreement,-0.4454,-0.6344,0.1042
llama8,all,winlose,GRPO_K0,7,question,-0.2855,-1.3845,0.1848
llama8,all,winlose,GRPO_K0,7,reflection opener,0.5025,-0.0319,0.6602
llama8,all,winlose,GRPO_K0,7,advice,0.1302,-0.3173,0.5522
llama8,all,winlose,GRPO_K0,7,list preamble,-0.7303,-1.3168,0.7454
llama8,all,winlose,GRPO_K5,7,praise,0.8832,0.4261,1.1958
llama8,all,winlose,GRPO_K5,7,thanks,0.7009,0.1877,1.0764
llama8,all,winlose,GRPO_K5,7,agreement,-0.7676,-1.1374,-0.3267
llama8,all,winlose,GRPO_K5,7,question,0.1554,-0.4336,0.6799
llama8,all,winlose,GRPO_K5,7,reflection opener,0.786,0.4827,0.9853
llama8,all,winlose,GRPO_K5,7,advice,-0.3432,-0.8798,0.2953
llama8,all,winlose,GRPO_K5,7,list preamble,-1.1333,-1.6819,-0.3852
llama8,all,winlose,K0-K5,7,praise,0.1954,-0.1953,0.7257
llama8,all,winlose,K0-K5,7,thanks,0.4205,-0.1081,0.994
llama8,all,winlose,K0-K5,7,agreement,0.3222,-0.2232,0.9681
llama8,all,winlose,K0-K5,7,question,-0.4408,-1.6132,0.3172
llama8,all,winlose,K0-K5,7,reflection opener,-0.2835,-0.7715,0.0761
llama8,all,winlose,K0-K5,7,advice,0.4735,-0.2716,1.1495
llama8,all,winlose,K0-K5,7,list preamble,0.403,-0.5172,1.9983
llama8,all,winlose,GRPO_K0,8,praise,1.3263,1.1085,1.5875
llama8,all,winlose,GRPO_K0,8,thanks,1.1611,0.8946,1.443
llama8,all,winlose,GRPO_K0,8,agreement,-0.5101,-0.8,-0.1771
llama8,all,winlose,GRPO_K0,8,question,-0.0605,-0.5838,0.299
llama8,all,winlose,GRPO_K0,8,reflection opener,0.3914,0.0695,0.5083
llama8,all,winlose,GRPO_K0,8,advice,-0.4428,-0.7939,-0.0345
llama8,all,winlose,GRPO_K0,8,list preamble,-1.3519,-1.675,-0.6851
llama8,all,winlose,GRPO_K5,8,praise,0.9692,0.2905,1.2597
llama8,all,winlose,GRPO_K5,8,thanks,0.4678,-0.4593,0.9294
llama8,all,winlose,GRPO_K5,8,agreement,-0.4142,-0.9546,0.2789
llama8,all,winlose,GRPO_K5,8,question,-0.4246,-1.1234,0.256
llama8,all,winlose,GRPO_K5,8,reflection opener,0.7659,0.1033,1.0328
llama8,all,winlose,GRPO_K5,8,advice,-0.6784,-1.1735,0.0155
llama8,all,winlose,GRPO_K5,8,list preamble,-1.3643,-1.84,-0.3106
llama8,all,winlose,K0-K5,8,praise,0.3571,-0.0029,1.0759
llama8,all,winlose,K0-K5,8,thanks,0.6933,0.1469,1.6643
llama8,all,winlose,K0-K5,8,agreement,-0.0959,-0.8327,0.4621
llama8,all,winlose,K0-K5,8,question,0.3641,-0.5177,1.1339
llama8,all,winlose,K0-K5,8,reflection opener,-0.3745,-0.6988,0.2372
llama8,all,winlose,K0-K5,8,advice,0.2356,-0.4761,0.8044
llama8,all,winlose,K0-K5,8,list preamble,0.0124,-0.9254,0.688
llama8,all,winlose,GRPO_K0,9,praise,-0.0684,-0.3628,0.2892
llama8,all,winlose,GRPO_K0,9,thanks,-0.1473,-0.4296,0.1942
llama8,all,winlose,GRPO_K0,9,agreement,1.0849,0.9469,1.2465
llama8,all,winlose,GRPO_K0,9,question,-1.1444,-1.3604,-0.9023
llama8,all,winlose,GRPO_K0,9,reflection opener,-0.4641,-0.5546,-0.3379
llama8,all,winlose,GRPO_K0,9,advice,-0.2701,-0.6033,0.0651
llama8,all,winlose,GRPO_K0,9,list preamble,1.0301,0.5484,1.471
llama8,all,winlose,GRPO_K5,9,praise,1.1147,0.1232,1.4095
llama8,all,winlose,GRPO_K5,9,thanks,0.7558,-0.2746,1.2601
llama8,all,winlose,GRPO_K5,9,agreement,-0.9471,-1.2995,-0.0484
llama8,all,winlose,GRPO_K5,9,question,-0.4111,-1.2506,0.6099
llama8,all,winlose,GRPO_K5,9,reflection opener,0.2795,-0.3623,0.8705
llama8,all,winlose,GRPO_K5,9,advice,0.1418,-1.0095,1.3357
llama8,all,winlose,GRPO_K5,9,list preamble,-0.4803,-1.6532,0.9684
llama8,all,winlose,K0-K5,9,praise,-1.1832,-1.5599,-0.2537
llama8,all,winlose,K0-K5,9,thanks,-0.9031,-1.4895,0.1213
llama8,all,winlose,K0-K5,9,agreement,2.032,1.0907,2.3907
llama8,all,winlose,K0-K5,9,question,-0.7333,-1.8387,0.1356
llama8,all,winlose,K0-K5,9,reflection opener,-0.7436,-1.312,-0.0975
llama8,all,winlose,K0-K5,9,advice,-0.4119,-1.4315,0.671
llama8,all,winlose,K0-K5,9,list preamble,1.5104,0.1742,2.584
llama8,all,winlose,GRPO_K0,10,praise,1.4166,1.2825,1.509
llama8,all,winlose,GRPO_K0,10,thanks,1.5796,1.4708,1.7012
llama8,all,winlose,GRPO_K0,10,agreement,-0.3151,-0.4553,-0.1925
llama8,all,winlose,GRPO_K0,10,question,-0.4703,-0.6093,-0.293
llama8,all,winlose,GRPO_K0,10,reflection opener,0.2347,0.159,0.3152
llama8,all,winlose,GRPO_K0,10,advice,-0.8155,-0.9868,-0.6062
llama8,all,winlose,GRPO_K0,10,list preamble,-1.4422,-1.5637,-1.2722
llama8,all,winlose,GRPO_K5,10,praise,1.3298,0.5406,1.6391
llama8,all,winlose,GRPO_K5,10,thanks,0.6903,-0.2973,1.2205
llama8,all,winlose,GRPO_K5,10,agreement,-1.0861,-1.4362,-0.4561
llama8,all,winlose,GRPO_K5,10,question,-0.5988,-1.4478,0.3767
llama8,all,winlose,GRPO_K5,10,reflection opener,0.0636,-0.4506,0.5173
llama8,all,winlose,GRPO_K5,10,advice,0.5203,-0.4612,1.33
llama8,all,winlose,GRPO_K5,10,list preamble,0.0043,-1.0958,1.1031
llama8,all,winlose,K0-K5,10,praise,0.0868,-0.2246,0.9113
llama8,all,winlose,K0-K5,10,thanks,0.8893,0.3371,1.9092
llama8,all,winlose,K0-K5,10,agreement,0.7709,0.1056,1.1277
llama8,all,winlose,K0-K5,10,question,0.1285,-0.8376,1.0041
llama8,all,winlose,K0-K5,10,reflection opener,0.171,-0.2982,0.6952
llama8,all,winlose,K0-K5,10,advice,-1.3358,-2.2017,-0.3506
llama8,all,winlose,K0-K5,10,list preamble,-1.4465,-2.5373,-0.3262
llama8,all,advw,GRPO_K0,1,praise,0.5999,0.4088,0.7787
llama8,all,advw,GRPO_K0,1,thanks,0.4318,0.1052,0.7079
llama8,all,advw,GRPO_K0,1,agreement,-0.9395,-1.0446,-0.782
llama8,all,advw,GRPO_K0,1,question,0.4407,0.0862,0.7695
llama8,all,advw,GRPO_K0,1,reflection opener,0.8418,0.7005,0.9527
llama8,all,advw,GRPO_K0,1,advice,0.845,0.6046,1.0431
llama8,all,advw,GRPO_K0,1,list preamble,0.4937,0.1969,0.7815
llama8,all,advw,GRPO_K5,1,praise,0.5973,0.2997,0.8153
llama8,all,advw,GRPO_K5,1,thanks,0.1463,-0.3028,0.5085
llama8,all,advw,GRPO_K5,1,agreement,-0.974,-1.1261,-0.7549
llama8,all,advw,GRPO_K5,1,question,0.7237,0.2415,1.0786
llama8,all,advw,GRPO_K5,1,reflection opener,0.899,0.5447,1.123
llama8,all,advw,GRPO_K5,1,advice,0.9368,0.5551,1.2298
llama8,all,advw,GRPO_K5,1,list preamble,0.1268,-0.353,0.5799
llama8,all,advw,K0-K5,1,praise,0.0027,-0.2465,0.2847
llama8,all,advw,K0-K5,1,thanks,0.2855,-0.1781,0.778
llama8,all,advw,K0-K5,1,agreement,0.0344,-0.2381,0.2407
llama8,all,advw,K0-K5,1,question,-0.2829,-0.746,0.3487
llama8,all,advw,K0-K5,1,reflection opener,-0.0572,-0.2891,0.2839
llama8,all,advw,K0-K5,1,advice,-0.0918,-0.3872,0.2808
llama8,all,advw,K0-K5,1,list preamble,0.3669,-0.089,0.8452
llama8,all,advw,GRPO_K0,2,praise,0.4865,0.251,0.682
llama8,all,advw,GRPO_K0,2,thanks,0.4891,0.1529,0.8129
llama8,all,advw,GRPO_K0,2,agreement,-0.8321,-0.9677,-0.622
llama8,all,advw,GRPO_K0,2,question,0.4621,0.0228,0.8488
llama8,all,advw,GRPO_K0,2,reflection opener,0.7601,0.4874,0.9656
llama8,all,advw,GRPO_K0,2,advice,1.0282,0.6136,1.3556
llama8,all,advw,GRPO_K0,2,list preamble,0.8886,0.2356,1.4505
llama8,all,advw,GRPO_K5,2,praise,0.598,0.3706,0.7637
llama8,all,advw,GRPO_K5,2,thanks,0.1618,-0.1464,0.4638
llama8,all,advw,GRPO_K5,2,agreement,-0.7011,-0.8734,-0.459
llama8,all,advw,GRPO_K5,2,question,0.1512,-0.332,0.531
llama8,all,advw,GRPO_K5,2,reflection opener,0.8914,0.6967,1.0475
llama8,all,advw,GRPO_K5,2,advice,0.6949,0.4518,0.9001
llama8,all,advw,GRPO_K5,2,list preamble,-0.1514,-0.4678,0.1673
llama8,all,advw,K0-K5,2,praise,-0.1115,-0.4322,0.2054
llama8,all,advw,K0-K5,2,thanks,0.3273,-0.1403,0.7323
llama8,all,advw,K0-K5,2,agreement,-0.131,-0.4018,0.1578
llama8,all,advw,K0-K5,2,question,0.3109,-0.2652,0.8676
llama8,all,advw,K0-K5,2,reflection opener,-0.1312,-0.4042,0.145
llama8,all,advw,K0-K5,2,advice,0.3334,-0.1795,0.7358
llama8,all,advw,K0-K5,2,list preamble,1.0399,0.2573,1.71
llama8,all,advw,GRPO_K0,3,praise,0.7335,0.5596,0.9046
llama8,all,advw,GRPO_K0,3,thanks,0.6834,0.4777,0.8987
llama8,all,advw,GRPO_K0,3,agreement,-0.6187,-0.7683,-0.4209
llama8,all,advw,GRPO_K0,3,question,0.0279,-0.3001,0.3364
llama8,all,advw,GRPO_K0,3,reflection opener,0.6742,0.5021,0.8382
llama8,all,advw,GRPO_K0,3,advice,0.9291,0.6858,1.126
llama8,all,advw,GRPO_K0,3,list preamble,0.4009,0.0937,0.6974
llama8,all,advw,GRPO_K5,3,praise,0.2446,0.0302,0.4535
llama8,all,advw,GRPO_K5,3,thanks,-0.069,-0.3468,0.2114
llama8,all,advw,GRPO_K5,3,agreement,-0.9312,-1.0824,-0.7215
llama8,all,advw,GRPO_K5,3,question,0.6273,0.2006,0.9551
llama8,all,advw,GRPO_K5,3,reflection opener,0.6897,0.3969,0.9237
llama8,all,advw,GRPO_K5,3,advice,1.2284,0.9589,1.4553
llama8,all,advw,GRPO_K5,3,list preamble,0.4512,0.0387,0.8716
llama8,all,advw,K0-K5,3,praise,0.4889,0.2384,0.7374
llama8,all,advw,K0-K5,3,thanks,0.7524,0.4203,1.1007
llama8,all,advw,K0-K5,3,agreement,0.3124,0.0239,0.5837
llama8,all,advw,K0-K5,3,question,-0.5994,-1.0662,-0.1178
llama8,all,advw,K0-K5,3,reflection opener,-0.0155,-0.3063,0.3447
llama8,all,advw,K0-K5,3,advice,-0.2993,-0.602,0.0483
llama8,all,advw,K0-K5,3,list preamble,-0.0503,-0.5917,0.5136
llama8,all,advw,GRPO_K0,4,praise,0.9838,0.7775,1.1334
llama8,all,advw,GRPO_K0,4,thanks,0.8744,0.6534,1.0446
llama8,all,advw,GRPO_K0,4,agreement,-0.5222,-0.6885,-0.3282
llama8,all,advw,GRPO_K0,4,question,-0.7438,-1.0098,-0.4465
llama8,all,advw,GRPO_K0,4,reflection opener,0.4307,0.2361,0.616
llama8,all,advw,GRPO_K0,4,advice,0.644,0.2973,0.9999
llama8,all,advw,GRPO_K0,4,list preamble,0.5061,-0.1794,1.2425
llama8,all,advw,GRPO_K5,4,praise,0.6661,0.5124,0.7996
llama8,all,advw,GRPO_K5,4,thanks,0.2372,0.018,0.4528
llama8,all,advw,GRPO_K5,4,agreement,-0.8488,-0.9798,-0.699
llama8,all,advw,GRPO_K5,4,question,0.273,-0.0175,0.5556
llama8,all,advw,GRPO_K5,4,reflection opener,0.75,0.6114,0.8706
llama8,all,advw,GRPO_K5,4,advice,0.6385,0.4281,0.8339
llama8,all,advw,GRPO_K5,4,list preamble,-0.4255,-0.7277,-0.1208
llama8,all,advw,K0-K5,4,praise,0.3177,0.0726,0.5113
llama8,all,advw,K0-K5,4,thanks,0.6372,0.3727,0.8684
llama8,all,advw,K0-K5,4,agreement,0.3266,0.1274,0.5158
llama8,all,advw,K0-K5,4,question,-1.0168,-1.4071,-0.6009
llama8,all,advw,K0-K5,4,reflection opener,-0.3193,-0.5518,-0.0905
llama8,all,advw,K0-K5,4,advice,0.0055,-0.3441,0.3675
llama8,all,advw,K0-K5,4,list preamble,0.9316,0.2507,1.6819
llama8,all,advw,GRPO_K0,5,praise,1.1241,0.5605,1.3825
llama8,all,advw,GRPO_K0,5,thanks,1.0014,0.4826,1.2194
llama8,all,advw,GRPO_K0,5,agreement,-0.5627,-0.7434,-0.2317
llama8,all,advw,GRPO_K0,5,question,-0.8141,-1.3031,-0.1253
llama8,all,advw,GRPO_K0,5,reflection opener,0.1644,-0.3959,0.5452
llama8,all,advw,GRPO_K0,5,advice,0.8066,0.0892,1.3326
llama8,all,advw,GRPO_K0,5,list preamble,1.0487,-0.6559,2.5173
llama8,all,advw,GRPO_K5,5,praise,0.5994,0.3428,0.8353
llama8,all,advw,GRPO_K5,5,thanks,0.2424,-0.0945,0.5055
llama8,all,advw,GRPO_K5,5,agreement,-0.8949,-1.0406,-0.7498
llama8,all,advw,GRPO_K5,5,question,0.405,0.0573,0.7394
llama8,all,advw,GRPO_K5,5,reflection opener,0.7896,0.652,0.8936
llama8,all,advw,GRPO_K5,5,advice,0.7485,0.5257,1.0048
llama8,all,advw,GRPO_K5,5,list preamble,-0.3167,-0.5691,0.0185
llama8,all,advw,K0-K5,5,praise,0.5247,-0.0505,0.8882
llama8,all,advw,K0-K5,5,thanks,0.759,0.2469,1.0992
llama8,all,advw,K0-K5,5,agreement,0.3322,0.1055,0.6865
llama8,all,advw,K0-K5,5,question,-1.2192,-1.8264,-0.4381
llama8,all,advw,K0-K5,5,reflection opener,-0.6252,-1.2251,-0.2007
llama8,all,advw,K0-K5,5,advice,0.0581,-0.7446,0.6279
llama8,all,advw,K0-K5,5,list preamble,1.3654,-0.4551,2.9263
llama8,all,advw,GRPO_K0,6,praise,1.0491,0.5023,1.3177
llama8,all,advw,GRPO_K0,6,thanks,1.1214,0.6242,1.3414
llama8,all,advw,GRPO_K0,6,agreement,-0.3428,-0.5882,0.0574
llama8,all,advw,GRPO_K0,6,question,-0.4849,-1.0779,0.1169
llama8,all,advw,GRPO_K0,6,reflection opener,0.1325,-0.4521,0.5515
llama8,all,advw,GRPO_K0,6,advice,0.5837,-0.0541,1.1187
llama8,all,advw,GRPO_K0,6,list preamble,0.7346,-0.8502,2.347
llama8,all,advw,GRPO_K5,6,praise,0.311,-0.0556,0.5689
llama8,all,advw,GRPO_K5,6,thanks,0.0839,-0.3945,0.476
llama8,all,advw,GRPO_K5,6,agreement,-1.2661,-1.4809,-0.9533
llama8,all,advw,GRPO_K5,6,question,1.1194,0.6611,1.5563
llama8,all,advw,GRPO_K5,6,reflection opener,0.8749,0.5808,1.0571
llama8,all,advw,GRPO_K5,6,advice,0.8372,0.4345,1.2382
llama8,all,advw,GRPO_K5,6,list preamble,-0.1776,-0.6621,0.3741
llama8,all,advw,K0-K5,6,praise,0.7381,0.1557,1.1273
llama8,all,advw,K0-K5,6,thanks,1.0374,0.3853,1.5225
llama8,all,advw,K0-K5,6,agreement,0.9234,0.5645,1.3316
llama8,all,advw,K0-K5,6,question,-1.6043,-2.2828,-0.7715
llama8,all,advw,K0-K5,6,reflection opener,-0.7424,-1.3717,-0.1785
llama8,all,advw,K0-K5,6,advice,-0.2535,-1.0201,0.4755
llama8,all,advw,K0-K5,6,list preamble,0.9122,-0.72,2.5455
llama8,all,advw,GRPO_K0,7,praise,1.0855,0.7802,1.3989
llama8,all,advw,GRPO_K0,7,thanks,1.08,0.7837,1.3785
llama8,all,advw,GRPO_K0,7,agreement,-0.4464,-0.6354,0.0638
llama8,all,advw,GRPO_K0,7,question,-0.3036,-1.4128,0.1746
llama8,all,advw,GRPO_K0,7,reflection opener,0.5368,-0.005,0.6799
llama8,all,advw,GRPO_K0,7,advice,0.0492,-0.3379,0.433
llama8,all,advw,GRPO_K0,7,list preamble,-0.911,-1.4177,0.4372
llama8,all,advw,GRPO_K5,7,praise,0.9374,0.584,1.2054
llama8,all,advw,GRPO_K5,7,thanks,0.6964,0.2603,1.0356
llama8,all,advw,GRPO_K5,7,agreement,-0.8154,-1.116,-0.4383
llama8,all,advw,GRPO_K5,7,question,0.1776,-0.3461,0.6697
llama8,all,advw,GRPO_K5,7,reflection opener,0.816,0.5558,0.9896
llama8,all,advw,GRPO_K5,7,advice,-0.4257,-0.9117,0.1379
llama8,all,advw,GRPO_K5,7,list preamble,-1.219,-1.7187,-0.6443
llama8,all,advw,K0-K5,7,praise,0.148,-0.2092,0.6194
llama8,all,advw,K0-K5,7,thanks,0.3836,-0.0889,0.8958
llama8,all,advw,K0-K5,7,agreement,0.369,-0.0873,0.9536
llama8,all,advw,K0-K5,7,question,-0.4812,-1.6561,0.3002
llama8,all,advw,K0-K5,7,reflection opener,-0.2792,-0.7555,0.0394
llama8,all,advw,K0-K5,7,advice,0.475,-0.1521,1.0897
llama8,all,advw,K0-K5,7,list preamble,0.308,-0.4881,1.6192
llama8,all,advw,GRPO_K0,8,praise,1.2642,1.0375,1.5525
llama8,all,advw,GRPO_K0,8,thanks,1.1274,0.8815,1.4068
llama8,all,advw,GRPO_K0,8,agreement,-0.5749,-0.877,-0.2964
llama8,all,advw,GRPO_K0,8,question,0.0465,-0.4444,0.3883
llama8,all,advw,GRPO_K0,8,reflection opener,0.4559,0.1942,0.5586
llama8,all,advw,GRPO_K0,8,advice,-0.4252,-0.782,-0.0232
llama8,all,advw,GRPO_K0,8,list preamble,-1.3946,-1.7023,-0.7685
llama8,all,advw,GRPO_K5,8,praise,1.03,0.3932,1.281
llama8,all,advw,GRPO_K5,8,thanks,0.652,-0.1531,1.0128
llama8,all,advw,GRPO_K5,8,agreement,-0.4944,-0.9379,0.2272
llama8,all,advw,GRPO_K5,8,question,-0.4342,-1.1757,0.2922
llama8,all,advw,GRPO_K5,8,reflection opener,0.8403,0.3514,1.08
llama8,all,advw,GRPO_K5,8,advice,-0.5538,-1.0362,0.1387
llama8,all,advw,GRPO_K5,8,list preamble,-1.2912,-1.73,-0.5154
llama8,all,advw,K0-K5,8,praise,0.2343,-0.0828,0.8765
llama8,all,advw,K0-K5,8,thanks,0.4754,0.0406,1.3579
llama8,all,advw,K0-K5,8,agreement,-0.0806,-0.8885,0.4512
llama8,all,advw,K0-K5,8,question,0.4807,-0.4241,1.3288
llama8,all,advw,K0-K5,8,reflection opener,-0.3843,-0.6727,0.1061
llama8,all,advw,K0-K5,8,advice,0.1285,-0.5496,0.7315
llama8,all,advw,K0-K5,8,list preamble,-0.1034,-0.9068,0.6316
llama8,all,advw,GRPO_K0,9,praise,-0.0831,-0.358,0.2698
llama8,all,advw,GRPO_K0,9,thanks,-0.1923,-0.454,0.1541
llama8,all,advw,GRPO_K0,9,agreement,1.0437,0.902,1.2025
llama8,all,advw,GRPO_K0,9,question,-1.158,-1.3664,-0.9322
llama8,all,advw,GRPO_K0,9,reflection opener,-0.495,-0.5871,-0.3424
llama8,all,advw,GRPO_K0,9,advice,-0.2152,-0.5533,0.1065
llama8,all,advw,GRPO_K0,9,list preamble,1.1051,0.5994,1.5131
llama8,all,advw,GRPO_K5,9,praise,1.1785,0.217,1.4139
llama8,all,advw,GRPO_K5,9,thanks,0.9593,-0.1147,1.4095
llama8,all,advw,GRPO_K5,9,agreement,-0.7816,-1.2777,0.1958
llama8,all,advw,GRPO_K5,9,question,-0.8076,-1.5691,0.3465
llama8,all,advw,GRPO_K5,9,reflection opener,0.3706,-0.3388,0.9351
llama8,all,advw,GRPO_K5,9,advice,0.0264,-1.0232,1.2019
llama8,all,advw,GRPO_K5,9,list preamble,-0.6179,-1.643,0.9149
llama8,all,advw,K0-K5,9,praise,-1.2616,-1.5674,-0.3193
llama8,all,advw,K0-K5,9,thanks,-1.1516,-1.652,-0.0638
llama8,all,advw,K0-K5,9,agreement,1.8253,0.7884,2.3417
llama8,all,advw,K0-K5,9,question,-0.3504,-1.5488,0.4938
llama8,all,advw,K0-K5,9,reflection opener,-0.8655,-1.4067,-0.1542
llama8,all,advw,K0-K5,9,advice,-0.2415,-1.3633,0.7399
llama8,all,advw,K0-K5,9,list preamble,1.723,0.267,2.685
llama8,all,advw,GRPO_K0,10,praise,1.3967,1.2513,1.4894
llama8,all,advw,GRPO_K0,10,thanks,1.5825,1.4757,1.6992
llama8,all,advw,GRPO_K0,10,agreement,-0.3585,-0.532,-0.2074
llama8,all,advw,GRPO_K0,10,question,-0.4153,-0.5777,-0.224
llama8,all,advw,GRPO_K0,10,reflection opener,0.2443,0.162,0.3371
llama8,all,advw,GRPO_K0,10,advice,-0.7539,-0.9396,-0.5061
llama8,all,advw,GRPO_K0,10,list preamble,-1.4212,-1.5493,-1.2298
llama8,all,advw,GRPO_K5,10,praise,1.3637,0.6276,1.6701
llama8,all,advw,GRPO_K5,10,thanks,0.8765,-0.1017,1.3322
llama8,all,advw,GRPO_K5,10,agreement,-0.997,-1.3487,-0.4075
llama8,all,advw,GRPO_K5,10,question,-0.3945,-1.3632,0.5229
llama8,all,advw,GRPO_K5,10,reflection opener,-0.0195,-0.5435,0.4843
llama8,all,advw,GRPO_K5,10,advice,0.2489,-0.5747,1.0874
llama8,all,advw,GRPO_K5,10,list preamble,-0.2027,-1.1286,0.9162
llama8,all,advw,K0-K5,10,praise,0.033,-0.2641,0.7701
llama8,all,advw,K0-K5,10,thanks,0.7061,0.258,1.6744
llama8,all,advw,K0-K5,10,agreement,0.6385,0.0504,0.9697
llama8,all,advw,K0-K5,10,question,-0.0208,-0.9562,0.961
llama8,all,advw,K0-K5,10,reflection opener,0.2639,-0.2405,0.7874
llama8,all,advw,K0-K5,10,advice,-1.0028,-1.849,-0.1621
llama8,all,advw,K0-K5,10,list preamble,-1.2185,-2.3393,-0.285
llama8,clean,winlose,GRPO_K0,1,praise,0.5321,0.215,0.8359
llama8,clean,winlose,GRPO_K0,1,thanks,0.1904,-0.42,0.6498
llama8,clean,winlose,GRPO_K0,1,agreement,-0.829,-0.9912,-0.4579
llama8,clean,winlose,GRPO_K0,1,question,0.5251,-0.2085,1.0788
llama8,clean,winlose,GRPO_K0,1,reflection opener,0.776,0.5012,0.9825
llama8,clean,winlose,GRPO_K0,1,advice,0.8326,0.4084,1.1289
llama8,clean,winlose,GRPO_K0,1,list preamble,0.9665,0.3696,1.4146
llama8,clean,winlose,GRPO_K5,1,praise,0.2526,-0.1542,0.6408
llama8,clean,winlose,GRPO_K5,1,thanks,-0.0911,-0.7644,0.5282
llama8,clean,winlose,GRPO_K5,1,agreement,-0.8229,-1.0658,-0.3889
llama8,clean,winlose,GRPO_K5,1,question,1.1381,0.4505,1.5794
llama8,clean,winlose,GRPO_K5,1,reflection opener,0.4891,-0.0855,0.9244
llama8,clean,winlose,GRPO_K5,1,advice,0.7493,0.15,1.1816
llama8,clean,winlose,GRPO_K5,1,list preamble,0.6514,-0.1545,1.2873
llama8,clean,winlose,K0-K5,1,praise,0.2795,-0.167,0.7487
llama8,clean,winlose,K0-K5,1,thanks,0.2815,-0.5422,1.1367
llama8,clean,winlose,K0-K5,1,agreement,-0.0061,-0.4276,0.4421
llama8,clean,winlose,K0-K5,1,question,-0.613,-1.3412,0.261
llama8,clean,winlose,K0-K5,1,reflection opener,0.287,-0.2005,0.8497
llama8,clean,winlose,K0-K5,1,advice,0.0834,-0.469,0.7399
llama8,clean,winlose,K0-K5,1,list preamble,0.3151,-0.4543,1.2028
llama8,clean,winlose,GRPO_K0,2,praise,0.179,-0.1958,0.5863
llama8,clean,winlose,GRPO_K0,2,thanks,0.2435,-0.46,0.8428
llama8,clean,winlose,GRPO_K0,2,agreement,-0.5746,-0.8039,-0.1973
llama8,clean,winlose,GRPO_K0,2,question,0.4044,-0.3808,0.9836
llama8,clean,winlose,GRPO_K0,2,reflection opener,0.4592,0.0323,0.7746
llama8,clean,winlose,GRPO_K0,2,advice,1.1857,0.4971,1.5338
llama8,clean,winlose,GRPO_K0,2,list preamble,1.6007,0.6809,2.1452
llama8,clean,winlose,GRPO_K5,2,praise,0.3514,0.0609,0.6366
llama8,clean,winlose,GRPO_K5,2,thanks,-0.1299,-0.5933,0.2922
llama8,clean,winlose,GRPO_K5,2,agreement,-0.472,-0.7256,-0.1369
llama8,clean,winlose,GRPO_K5,2,question,0.2301,-0.4304,0.7708
llama8,clean,winlose,GRPO_K5,2,reflection opener,0.7093,0.4609,0.8948
llama8,clean,winlose,GRPO_K5,2,advice,0.4828,0.1037,0.7984
llama8,clean,winlose,GRPO_K5,2,list preamble,-0.1399,-0.6591,0.3427
llama8,clean,winlose,K0-K5,2,praise,-0.1724,-0.6781,0.3356
llama8,clean,winlose,K0-K5,2,thanks,0.3734,-0.4657,1.0609
llama8,clean,winlose,K0-K5,2,agreement,-0.1026,-0.5131,0.3773
llama8,clean,winlose,K0-K5,2,question,0.1743,-0.6857,1.0453
llama8,clean,winlose,K0-K5,2,reflection opener,-0.2501,-0.7058,0.1596
llama8,clean,winlose,K0-K5,2,advice,0.7029,-0.0866,1.2362
llama8,clean,winlose,K0-K5,2,list preamble,1.7405,0.6244,2.4414
llama8,clean,winlose,GRPO_K0,3,praise,0.7431,0.5326,0.9724
llama8,clean,winlose,GRPO_K0,3,thanks,0.7049,0.4431,0.9876
llama8,clean,winlose,GRPO_K0,3,agreement,-0.3971,-0.5839,-0.1356
llama8,clean,winlose,GRPO_K0,3,question,-0.2703,-0.839,0.1323
llama8,clean,winlose,GRPO_K0,3,reflection opener,0.4602,0.2383,0.6773
llama8,clean,winlose,GRPO_K0,3,advice,0.7895,0.5068,1.0056
llama8,clean,winlose,GRPO_K0,3,list preamble,0.4572,-0.0059,0.8026
llama8,clean,winlose,GRPO_K5,3,praise,-0.0603,-0.2648,0.1744
llama8,clean,winlose,GRPO_K5,3,thanks,-0.408,-0.7644,-0.0064
llama8,clean,winlose,GRPO_K5,3,agreement,-0.7196,-0.9244,-0.4605
llama8,clean,winlose,GRPO_K5,3,question,0.7456,0.1682,1.1275
llama8,clean,winlose,GRPO_K5,3,reflection opener,0.4688,0.1237,0.8013
llama8,clean,winlose,GRPO_K5,3,advice,1.0596,0.691,1.3004
llama8,clean,winlose,GRPO_K5,3,list preamble,0.5085,-0.0865,0.9498
llama8,clean,winlose,K0-K5,3,praise,0.8034,0.4726,1.0734
llama8,clean,winlose,K0-K5,3,thanks,1.1129,0.6415,1.5766
llama8,clean,winlose,K0-K5,3,agreement,0.3224,-0.0341,0.6796
llama8,clean,winlose,K0-K5,3,question,-1.0159,-1.7073,-0.3234
llama8,clean,winlose,K0-K5,3,reflection opener,-0.0086,-0.4407,0.3982
llama8,clean,winlose,K0-K5,3,advice,-0.27,-0.6443,0.1804
llama8,clean,winlose,K0-K5,3,list preamble,-0.0513,-0.6879,0.6789
llama8,clean,winlose,GRPO_K0,4,praise,1.0567,0.75,1.2455
llama8,clean,winlose,GRPO_K0,4,thanks,0.8485,0.4628,1.0889
llama8,clean,winlose,GRPO_K0,4,agreement,-0.189,-0.4516,0.0849
llama8,clean,winlose,GRPO_K0,4,question,-1.2666,-1.6075,-0.7189
llama8,clean,winlose,GRPO_K0,4,reflection opener,0.2924,-0.0571,0.6511
llama8,clean,winlose,GRPO_K0,4,advice,0.3152,-0.1854,0.8707
llama8,clean,winlose,GRPO_K0,4,list preamble,0.3479,-0.5971,1.3298
llama8,clean,winlose,GRPO_K5,4,praise,0.5772,0.2909,0.7884
llama8,clean,winlose,GRPO_K5,4,thanks,-0.0231,-0.3576,0.2884
llama8,clean,winlose,GRPO_K5,4,agreement,-0.7316,-0.9164,-0.4915
llama8,clean,winlose,GRPO_K5,4,question,0.1318,-0.3227,0.5798
llama8,clean,winlose,GRPO_K5,4,reflection opener,0.5739,0.3476,0.7587
llama8,clean,winlose,GRPO_K5,4,advice,0.659,0.3082,1.0086
llama8,clean,winlose,GRPO_K5,4,list preamble,-0.4245,-0.8643,0.0771
llama8,clean,winlose,K0-K5,4,praise,0.4795,0.0909,0.7975
llama8,clean,winlose,K0-K5,4,thanks,0.8716,0.4319,1.219
llama8,clean,winlose,K0-K5,4,agreement,0.5425,0.2032,0.8408
llama8,clean,winlose,K0-K5,4,question,-1.3984,-1.9361,-0.7172
llama8,clean,winlose,K0-K5,4,reflection opener,-0.2815,-0.6826,0.13
llama8,clean,winlose,K0-K5,4,advice,-0.3437,-0.9302,0.3239
llama8,clean,winlose,K0-K5,4,list preamble,0.7724,-0.2603,1.8514
llama8,clean,winlose,GRPO_K0,5,praise,1.1297,0.2998,1.4361
llama8,clean,winlose,GRPO_K0,5,thanks,0.898,0.1333,1.1949
llama8,clean,winlose,GRPO_K0,5,agreement,-0.378,-0.6553,0.1134
llama8,clean,winlose,GRPO_K0,5,question,-0.6984,-1.4688,0.1946
llama8,clean,winlose,GRPO_K0,5,reflection opener,0.1449,-0.6427,0.5994
llama8,clean,winlose,GRPO_K0,5,advice,0.6775,-0.1853,1.3714
llama8,clean,winlose,GRPO_K0,5,list preamble,0.8007,-1.1042,2.864
llama8,clean,winlose,GRPO_K5,5,praise,0.5404,0.0985,0.915
llama8,clean,winlose,GRPO_K5,5,thanks,0.082,-0.4775,0.527
llama8,clean,winlose,GRPO_K5,5,agreement,-0.8665,-1.081,-0.6081
llama8,clean,winlose,GRPO_K5,5,question,0.4011,-0.151,0.9013
llama8,clean,winlose,GRPO_K5,5,reflection opener,0.688,0.436,0.8677
llama8,clean,winlose,GRPO_K5,5,advice,0.6692,0.2895,1.0824
llama8,clean,winlose,GRPO_K5,5,list preamble,-0.4307,-0.901,0.1521
llama8,clean,winlose,K0-K5,5,praise,0.5893,-0.3213,1.0985
llama8,clean,winlose,K0-K5,5,thanks,0.816,-0.0344,1.3823
llama8,clean,winlose,K0-K5,5,agreement,0.4885,0.1087,1.006
llama8,clean,winlose,K0-K5,5,question,-1.0995,-1.9726,-0.0901
llama8,clean,winlose,K0-K5,5,reflection opener,-0.5431,-1.3398,0.007
llama8,clean,winlose,K0-K5,5,advice,0.0083,-0.9802,0.8251
llama8,clean,winlose,K0-K5,5,list preamble,1.2315,-0.9792,3.3752
llama8,clean,winlose,GRPO_K0,6,praise,1.0175,0.2192,1.2997
llama8,clean,winlose,GRPO_K0,6,thanks,1.2943,0.4588,1.5482
llama8,clean,winlose,GRPO_K0,6,agreement,0.4189,-0.1965,0.8805
llama8,clean,winlose,GRPO_K0,6,question,-1.0187,-1.4844,-0.0759
llama8,clean,winlose,GRPO_K0,6,reflection opener,-0.0655,-0.711,0.5451
llama8,clean,winlose,GRPO_K0,6,advice,0.2447,-0.5085,0.9594
llama8,clean,winlose,GRPO_K0,6,list preamble,0.7942,-1.2287,2.5282
llama8,clean,winlose,GRPO_K5,6,praise,0.071,-0.4757,0.6234
llama8,clean,winlose,GRPO_K5,6,thanks,-0.2064,-0.9853,0.515
llama8,clean,winlose,GRPO_K5,6,agreement,-1.1974,-1.4696,-0.564
llama8,clean,winlose,GRPO_K5,6,question,1.4896,0.6041,1.9187
llama8,clean,winlose,GRPO_K5,6,reflection opener,0.6559,0.1149,0.9314
llama8,clean,winlose,GRPO_K5,6,advice,0.5641,-0.1475,1.1989
llama8,clean,winlose,GRPO_K5,6,list preamble,-0.4025,-1.1912,0.5426
llama8,clean,winlose,K0-K5,6,praise,0.9466,-0.129,1.5302
llama8,clean,winlose,K0-K5,6,thanks,1.5007,0.2955,2.1743
llama8,clean,winlose,K0-K5,6,agreement,1.6163,0.7619,2.034
llama8,clean,winlose,K0-K5,6,question,-2.5083,-3.13,-1.1223
llama8,clean,winlose,K0-K5,6,reflection opener,-0.7215,-1.4386,0.2258
llama8,clean,winlose,K0-K5,6,advice,-0.3195,-1.3074,0.6956
llama8,clean,winlose,K0-K5,6,list preamble,1.1968,-1.1222,3.2754
llama8,clean,winlose,GRPO_K0,7,praise,0.9128,0.5671,1.363
llama8,clean,winlose,GRPO_K0,7,thanks,1.0681,0.5946,1.5301
llama8,clean,winlose,GRPO_K0,7,agreement,-0.2923,-0.5537,0.2855
llama8,clean,winlose,GRPO_K0,7,question,0.0013,-0.9743,0.4058
llama8,clean,winlose,GRPO_K0,7,reflection opener,0.5589,0.1474,0.7139
llama8,clean,winlose,GRPO_K0,7,advice,-0.2662,-0.7108,0.1704
llama8,clean,winlose,GRPO_K0,7,list preamble,-1.4461,-1.8813,-0.3696
llama8,clean,winlose,GRPO_K5,7,praise,0.8936,0.2253,1.2597
llama8,clean,winlose,GRPO_K5,7,thanks,0.6823,-0.0255,1.1594
llama8,clean,winlose,GRPO_K5,7,agreement,-0.6474,-1.1563,-0.0746
llama8,clean,winlose,GRPO_K5,7,question,-0.0082,-0.7408,0.7105
llama8,clean,winlose,GRPO_K5,7,reflection opener,0.6668,0.2219,0.9132
llama8,clean,winlose,GRPO_K5,7,advice,-0.681,-1.2795,0.2111
llama8,clean,winlose,GRPO_K5,7,list preamble,-1.3874,-1.9636,-0.2833
llama8,clean,winlose,K0-K5,7,praise,0.0192,-0.4845,0.81
llama8,clean,winlose,K0-K5,7,thanks,0.3858,-0.2496,1.2501
llama8,clean,winlose,K0-K5,7,agreement,0.355,-0.3157,1.0986
llama8,clean,winlose,K0-K5,7,question,0.0095,-1.0795,0.8529
llama8,clean,winlose,K0-K5,7,reflection opener,-0.1079,-0.482,0.3385
llama8,clean,winlose,K0-K5,7,advice,0.4148,-0.592,1.1311
llama8,clean,winlose,K0-K5,7,list preamble,-0.0587,-1.0665,0.9712
llama8,clean,winlose,GRPO_K0,8,praise,1.4992,1.2966,1.6613
llama8,clean,winlose,GRPO_K0,8,thanks,1.2595,0.8777,1.5374
llama8,clean,winlose,GRPO_K0,8,agreement,-0.1744,-0.6943,0.2541
llama8,clean,winlose,GRPO_K0,8,question,-0.5611,-1.025,-0.1388
llama8,clean,winlose,GRPO_K0,8,reflection opener,0.2103,-0.137,0.3633
llama8,clean,winlose,GRPO_K0,8,advice,-1.1128,-1.4661,-0.6193
llama8,clean,winlose,GRPO_K0,8,list preamble,-1.6507,-1.9556,-0.7888
llama8,clean,winlose,GRPO_K5,8,praise,0.9147,0.1886,1.2783
llama8,clean,winlose,GRPO_K5,8,thanks,0.4269,-0.5242,1.0011
llama8,clean,winlose,GRPO_K5,8,agreement,-0.0908,-0.7473,0.5248
llama8,clean,winlose,GRPO_K5,8,question,-0.7569,-1.3733,0.094
llama8,clean,winlose,GRPO_K5,8,reflection opener,0.5442,-0.2108,0.9289
llama8,clean,winlose,GRPO_K5,8,advice,-1.0589,-1.408,-0.1693
llama8,clean,winlose,GRPO_K5,8,list preamble,-1.5601,-1.9562,-0.3188
llama8,clean,winlose,K0-K5,8,praise,0.5845,0.1645,1.3038
llama8,clean,winlose,K0-K5,8,thanks,0.8325,0.1234,1.7775
llama8,clean,winlose,K0-K5,8,agreement,-0.0836,-0.9357,0.6718
llama8,clean,winlose,K0-K5,8,question,0.1958,-0.7889,1.0564
llama8,clean,winlose,K0-K5,8,reflection opener,-0.3339,-0.8153,0.3169
llama8,clean,winlose,K0-K5,8,advice,-0.0538,-0.9639,0.4598
llama8,clean,winlose,K0-K5,8,list preamble,-0.0905,-1.2318,0.6302
llama8,clean,winlose,GRPO_K0,9,praise,-0.1441,-0.4236,0.2531
llama8,clean,winlose,GRPO_K0,9,thanks,-0.3313,-0.6017,0.1
llama8,clean,winlose,GRPO_K0,9,agreement,0.9558,0.7678,1.109
llama8,clean,winlose,GRPO_K0,9,question,-1.0443,-1.3054,-0.7561
llama8,clean,winlose,GRPO_K0,9,reflection opener,-0.5401,-0.6231,-0.4092
llama8,clean,winlose,GRPO_K0,9,advice,-0.2241,-0.5852,0.1142
llama8,clean,winlose,GRPO_K0,9,list preamble,1.1432,0.6834,1.5408
llama8,clean,winlose,GRPO_K5,9,praise,0.9778,-0.1248,1.3343
llama8,clean,winlose,GRPO_K5,9,thanks,0.7117,-0.4515,1.403
llama8,clean,winlose,GRPO_K5,9,agreement,-0.7043,-1.1975,0.3212
llama8,clean,winlose,GRPO_K5,9,question,-0.5439,-1.4053,0.7517
llama8,clean,winlose,GRPO_K5,9,reflection opener,-0.1892,-0.7616,0.5612
llama8,clean,winlose,GRPO_K5,9,advice,-0.0775,-1.3189,1.2655
llama8,clean,winlose,GRPO_K5,9,list preamble,-0.2937,-1.695,1.3309
llama8,clean,winlose,K0-K5,9,praise,-1.1219,-1.4991,-0.0537
llama8,clean,winlose,K0-K5,9,thanks,-1.043,-1.7857,0.1847
llama8,clean,winlose,K0-K5,9,agreement,1.6601,0.6174,2.1651
llama8,clean,winlose,K0-K5,9,question,-0.5005,-1.9613,0.4242
llama8,clean,winlose,K0-K5,9,reflection opener,-0.3509,-1.0878,0.2694
llama8,clean,winlose,K0-K5,9,advice,-0.1466,-1.4237,1.0708
llama8,clean,winlose,K0-K5,9,list preamble,1.437,-0.0554,2.818
llama8,clean,winlose,GRPO_K0,10,praise,1.4284,1.2322,1.5393
llama8,clean,winlose,GRPO_K0,10,thanks,1.4171,1.2502,1.5511
llama8,clean,winlose,GRPO_K0,10,agreement,-0.327,-0.5809,-0.1441
llama8,clean,winlose,GRPO_K0,10,question,-0.2919,-0.4909,0.0127
llama8,clean,winlose,GRPO_K0,10,reflection opener,0.2101,0.1082,0.3409
llama8,clean,winlose,GRPO_K0,10,advice,-0.9168,-1.1231,-0.5993
llama8,clean,winlose,GRPO_K0,10,list preamble,-1.4844,-1.6405,-1.2281
llama8,clean,winlose,GRPO_K5,10,praise,1.3443,0.4038,1.6906
llama8,clean,winlose,GRPO_K5,10,thanks,0.6903,-0.4361,1.3125
llama8,clean,winlose,GRPO_K5,10,agreement,-1.0405,-1.4371,-0.2478
llama8,clean,winlose,GRPO_K5,10,question,-0.8491,-1.7105,0.3015
llama8,clean,winlose,GRPO_K5,10,reflection opener,-0.2,-0.7099,0.3545
llama8,clean,winlose,GRPO_K5,10,advice,0.5436,-0.5964,1.3712
llama8,clean,winlose,GRPO_K5,10,list preamble,0.2512,-1.0313,1.3438
llama8,clean,winlose,K0-K5,10,praise,0.0842,-0.2722,1.0302
llama8,clean,winlose,K0-K5,10,thanks,0.7268,0.036,1.8646
llama8,clean,winlose,K0-K5,10,agreement,0.7134,-0.0969,1.0946
llama8,clean,winlose,K0-K5,10,question,0.5572,-0.5762,1.4108
llama8,clean,winlose,K0-K5,10,reflection opener,0.4101,-0.1573,0.9062
llama8,clean,winlose,K0-K5,10,advice,-1.4604,-2.354,-0.3363
llama8,clean,winlose,K0-K5,10,list preamble,-1.7356,-2.8208,-0.4831
llama8,clean,advw,GRPO_K0,1,praise,0.4854,0.1762,0.7744
llama8,clean,advw,GRPO_K0,1,thanks,0.1808,-0.3469,0.6391
llama8,clean,advw,GRPO_K0,1,agreement,-0.8337,-0.983,-0.5121
llama8,clean,advw,GRPO_K0,1,question,0.5461,-0.1536,1.1121
llama8,clean,advw,GRPO_K0,1,reflection opener,0.6632,0.4021,0.8769
llama8,clean,advw,GRPO_K0,1,advice,0.8357,0.406,1.1507
llama8,clean,advw,GRPO_K0,1,list preamble,1.0423,0.5002,1.4486
llama8,clean,advw,GRPO_K5,1,praise,0.1853,-0.1889,0.5916
llama8,clean,advw,GRPO_K5,1,thanks,-0.174,-0.8156,0.4856
llama8,clean,advw,GRPO_K5,1,agreement,-0.8002,-1.0195,-0.3879
llama8,clean,advw,GRPO_K5,1,question,0.9539,0.2597,1.4031
llama8,clean,advw,GRPO_K5,1,reflection opener,0.3186,-0.1848,0.7814
llama8,clean,advw,GRPO_K5,1,advice,0.9197,0.3363,1.2909
llama8,clean,advw,GRPO_K5,1,list preamble,0.7985,0.03,1.34
llama8,clean,advw,K0-K5,1,praise,0.3001,-0.1656,0.7729
llama8,clean,advw,K0-K5,1,thanks,0.3549,-0.469,1.1888
llama8,clean,advw,K0-K5,1,agreement,-0.0336,-0.4467,0.3694
llama8,clean,advw,K0-K5,1,question,-0.4078,-1.1558,0.5158
llama8,clean,advw,K0-K5,1,reflection opener,0.3446,-0.1353,0.8745
llama8,clean,advw,K0-K5,1,advice,-0.084,-0.5491,0.5192
llama8,clean,advw,K0-K5,1,list preamble,0.2438,-0.4498,1.0219
llama8,clean,advw,GRPO_K0,2,praise,0.2814,-0.0946,0.6199
llama8,clean,advw,GRPO_K0,2,thanks,0.3119,-0.35,0.8846
llama8,clean,advw,GRPO_K0,2,agreement,-0.4769,-0.7085,-0.1112
llama8,clean,advw,GRPO_K0,2,question,0.4068,-0.2857,0.9454
llama8,clean,advw,GRPO_K0,2,reflection opener,0.4627,0.0124,0.7851
llama8,clean,advw,GRPO_K0,2,advice,0.976,0.2864,1.3909
llama8,clean,advw,GRPO_K0,2,list preamble,1.4047,0.4921,2.0049
llama8,clean,advw,GRPO_K5,2,praise,0.4137,0.1352,0.6707
llama8,clean,advw,GRPO_K5,2,thanks,-0.1025,-0.4989,0.2886
llama8,clean,advw,GRPO_K5,2,agreement,-0.443,-0.6816,-0.1526
llama8,clean,advw,GRPO_K5,2,question,0.14,-0.4635,0.6303
llama8,clean,advw,GRPO_K5,2,reflection opener,0.6837,0.464,0.8764
llama8,clean,advw,GRPO_K5,2,advice,0.3817,0.0614,0.655
llama8,clean,advw,GRPO_K5,2,list preamble,-0.2674,-0.7042,0.1597
llama8,clean,advw,K0-K5,2,praise,-0.1323,-0.5795,0.3193
llama8,clean,advw,K0-K5,2,thanks,0.4144,-0.2799,1.0319
llama8,clean,advw,K0-K5,2,agreement,-0.0339,-0.3945,0.4261
llama8,clean,advw,K0-K5,2,question,0.2668,-0.5565,1.0444
llama8,clean,advw,K0-K5,2,reflection opener,-0.2209,-0.6782,0.1878
llama8,clean,advw,K0-K5,2,advice,0.5943,-0.2473,1.1368
llama8,clean,advw,K0-K5,2,list preamble,1.672,0.5607,2.4119
llama8,clean,advw,GRPO_K0,3,praise,0.6858,0.4785,0.8938
llama8,clean,advw,GRPO_K0,3,thanks,0.6232,0.3622,0.8755
llama8,clean,advw,GRPO_K0,3,agreement,-0.4041,-0.6057,-0.106
llama8,clean,advw,GRPO_K0,3,question,-0.1609,-0.6351,0.2362
llama8,clean,advw,GRPO_K0,3,reflection opener,0.4617,0.228,0.6922
llama8,clean,advw,GRPO_K0,3,advice,0.8848,0.5885,1.1186
llama8,clean,advw,GRPO_K0,3,list preamble,0.5206,0.0684,0.8713
llama8,clean,advw,GRPO_K5,3,praise,-0.0516,-0.2849,0.2068
llama8,clean,advw,GRPO_K5,3,thanks,-0.3797,-0.6846,-0.0481
llama8,clean,advw,GRPO_K5,3,agreement,-0.7,-0.9105,-0.4694
llama8,clean,advw,GRPO_K5,3,question,0.7322,0.2223,1.1588
llama8,clean,advw,GRPO_K5,3,reflection opener,0.4075,0.0827,0.7092
llama8,clean,advw,GRPO_K5,3,advice,1.1102,0.7599,1.3783
llama8,clean,advw,GRPO_K5,3,list preamble,0.5502,-0.0453,1.0196
llama8,clean,advw,K0-K5,3,praise,0.7375,0.4225,1.036
llama8,clean,advw,K0-K5,3,thanks,1.0029,0.6056,1.4065
llama8,clean,advw,K0-K5,3,agreement,0.296,-0.0558,0.661
llama8,clean,advw,K0-K5,3,question,-0.8931,-1.5384,-0.2552
llama8,clean,advw,K0-K5,3,reflection opener,0.0542,-0.3309,0.4566
llama8,clean,advw,K0-K5,3,advice,-0.2254,-0.6207,0.1896
llama8,clean,advw,K0-K5,3,list preamble,-0.0297,-0.6796,0.7163
llama8,clean,advw,GRPO_K0,4,praise,1.0379,0.6784,1.2414
llama8,clean,advw,GRPO_K0,4,thanks,0.7629,0.3607,1.0294
llama8,clean,advw,GRPO_K0,4,agreement,-0.2044,-0.4629,0.0682
llama8,clean,advw,GRPO_K0,4,question,-1.3875,-1.7127,-0.847
llama8,clean,advw,GRPO_K0,4,reflection opener,0.1741,-0.1673,0.5268
llama8,clean,advw,GRPO_K0,4,advice,0.4242,-0.0649,0.9261
llama8,clean,advw,GRPO_K0,4,list preamble,0.6585,-0.3795,1.7155
llama8,clean,advw,GRPO_K5,4,praise,0.606,0.3747,0.8032
llama8,clean,advw,GRPO_K5,4,thanks,0.1083,-0.1747,0.4276
llama8,clean,advw,GRPO_K5,4,agreement,-0.7543,-0.9375,-0.5459
llama8,clean,advw,GRPO_K5,4,question,0.2059,-0.2647,0.6101
llama8,clean,advw,GRPO_K5,4,reflection opener,0.5736,0.3832,0.766
llama8,clean,advw,GRPO_K5,4,advice,0.5726,0.2666,0.8658
llama8,clean,advw,GRPO_K5,4,list preamble,-0.4213,-0.8233,-0.0064
llama8,clean,advw,K0-K5,4,praise,0.432,0.0578,0.7117
llama8,clean,advw,K0-K5,4,thanks,0.6546,0.2254,0.9938
llama8,clean,advw,K0-K5,4,agreement,0.5499,0.2233,0.8335
llama8,clean,advw,K0-K5,4,question,-1.5934,-2.0789,-0.8963
llama8,clean,advw,K0-K5,4,reflection opener,-0.3995,-0.7882,0.0087
llama8,clean,advw,K0-K5,4,advice,-0.1484,-0.6725,0.4271
llama8,clean,advw,K0-K5,4,list preamble,1.0798,0.0456,2.1465
llama8,clean,advw,GRPO_K0,5,praise,1.1963,0.3305,1.5009
llama8,clean,advw,GRPO_K0,5,thanks,0.9256,0.1847,1.2132
llama8,clean,advw,GRPO_K0,5,agreement,-0.3774,-0.6863,0.0795
llama8,clean,advw,GRPO_K0,5,question,-1.0779,-1.5924,-0.0404
llama8,clean,advw,GRPO_K0,5,reflection opener,-0.0386,-0.6562,0.5356
llama8,clean,advw,GRPO_K0,5,advice,0.7221,-0.2849,1.3916
llama8,clean,advw,GRPO_K0,5,list preamble,1.2428,-1.1346,2.8698
llama8,clean,advw,GRPO_K5,5,praise,0.5087,0.0987,0.8624
llama8,clean,advw,GRPO_K5,5,thanks,0.0798,-0.4186,0.4884
llama8,clean,advw,GRPO_K5,5,agreement,-0.809,-1.0229,-0.5693
llama8,clean,advw,GRPO_K5,5,question,0.4027,-0.1617,0.9079
llama8,clean,advw,GRPO_K5,5,reflection opener,0.7128,0.4881,0.8984
llama8,clean,advw,GRPO_K5,5,advice,0.619,0.2346,0.9682
llama8,clean,advw,GRPO_K5,5,list preamble,-0.5058,-0.9486,0.0421
llama8,clean,advw,K0-K5,5,praise,0.6876,-0.2162,1.1814
llama8,clean,advw,K0-K5,5,thanks,0.8458,0.0725,1.3698
llama8,clean,advw,K0-K5,5,agreement,0.4316,0.0364,0.8879
llama8,clean,advw,K0-K5,5,question,-1.4807,-2.1694,-0.2746
llama8,clean,advw,K0-K5,5,reflection opener,-0.7514,-1.4252,-0.1035
llama8,clean,advw,K0-K5,5,advice,0.1031,-0.931,0.8356
llama8,clean,advw,K0-K5,5,list preamble,1.7485,-0.7307,3.488
llama8,clean,advw,GRPO_K0,6,praise,1.0308,0.1974,1.3813
llama8,clean,advw,GRPO_K0,6,thanks,1.1,0.22,1.4349
llama8,clean,advw,GRPO_K0,6,agreement,0.1123,-0.3579,0.6794
llama8,clean,advw,GRPO_K0,6,question,-0.669,-1.3578,0.1847
llama8,clean,advw,GRPO_K0,6,reflection opener,-0.0347,-0.7608,0.5635
llama8,clean,advw,GRPO_K0,6,advice,0.429,-0.3978,1.1392
llama8,clean,advw,GRPO_K0,6,list preamble,0.7526,-1.2033,2.6518
llama8,clean,advw,GRPO_K5,6,praise,0.0014,-0.5047,0.5002
llama8,clean,advw,GRPO_K5,6,thanks,-0.3584,-1.0964,0.3859
llama8,clean,advw,GRPO_K5,6,agreement,-1.2956,-1.5453,-0.7038
llama8,clean,advw,GRPO_K5,6,question,1.629,0.7809,2.0023
llama8,clean,advw,GRPO_K5,6,reflection opener,0.6995,0.1989,1.0068
llama8,clean,advw,GRPO_K5,6,advice,0.6781,0.0133,1.238
llama8,clean,advw,GRPO_K5,6,list preamble,-0.3087,-1.1045,0.562
llama8,clean,advw,K0-K5,6,praise,1.0294,-0.0432,1.6056
llama8,clean,advw,K0-K5,6,thanks,1.4584,0.262,2.1724
llama8,clean,advw,K0-K5,6,agreement,1.4079,0.6983,1.9092
llama8,clean,advw,K0-K5,6,question,-2.298,-3.0431,-0.9201
llama8,clean,advw,K0-K5,6,reflection opener,-0.7342,-1.5449,0.1565
llama8,clean,advw,K0-K5,6,advice,-0.2491,-1.3005,0.7922
llama8,clean,advw,K0-K5,6,list preamble,1.0613,-1.1522,3.1383
llama8,clean,advw,GRPO_K0,7,praise,0.874,0.5111,1.3102
llama8,clean,advw,GRPO_K0,7,thanks,0.9633,0.4479,1.4526
llama8,clean,advw,GRPO_K0,7,agreement,-0.292,-0.5556,0.2264
llama8,clean,advw,GRPO_K0,7,question,0.0022,-1.0101,0.3983
llama8,clean,advw,GRPO_K0,7,reflection opener,0.5854,0.1843,0.7386
llama8,clean,advw,GRPO_K0,7,advice,-0.2311,-0.6725,0.1873
llama8,clean,advw,GRPO_K0,7,list preamble,-1.4731,-1.903,-0.5227
llama8,clean,advw,GRPO_K5,7,praise,0.9579,0.4206,1.2689
llama8,clean,advw,GRPO_K5,7,thanks,0.6458,0.0224,1.0868
llama8,clean,advw,GRPO_K5,7,agreement,-0.6154,-1.0571,-0.1008
llama8,clean,advw,GRPO_K5,7,question,0.0043,-0.6798,0.6476
llama8,clean,advw,GRPO_K5,7,reflection opener,0.6962,0.3135,0.9394
llama8,clean,advw,GRPO_K5,7,advice,-0.9102,-1.3956,-0.153
llama8,clean,advw,GRPO_K5,7,list preamble,-1.6334,-2.1074,-0.8043
llama8,clean,advw,K0-K5,7,praise,-0.0838,-0.5397,0.5934
llama8,clean,advw,K0-K5,7,thanks,0.3175,-0.3588,1.1325
llama8,clean,advw,K0-K5,7,agreement,0.3234,-0.2157,0.9972
llama8,clean,advw,K0-K5,7,question,-0.0021,-1.096,0.8435
llama8,clean,advw,K0-K5,7,reflection opener,-0.1108,-0.4953,0.2899
llama8,clean,advw,K0-K5,7,advice,0.6791,-0.1888,1.3157
llama8,clean,advw,K0-K5,7,list preamble,0.1603,-0.7241,1.1218
llama8,clean,advw,GRPO_K0,8,praise,1.5025,1.2328,1.6811
llama8,clean,advw,GRPO_K0,8,thanks,1.2391,0.7135,1.5207
llama8,clean,advw,GRPO_K0,8,agreement,-0.3294,-1.0179,0.2215
llama8,clean,advw,GRPO_K0,8,question,-0.5258,-1.1489,0.0153
llama8,clean,advw,GRPO_K0,8,reflection opener,0.2259,-0.244,0.3967
llama8,clean,advw,GRPO_K0,8,advice,-1.0176,-1.4639,-0.2985
llama8,clean,advw,GRPO_K0,8,list preamble,-1.6155,-1.9494,-0.4127
llama8,clean,advw,GRPO_K5,8,praise,1.0047,0.2331,1.3394
llama8,clean,advw,GRPO_K5,8,thanks,0.6634,-0.3267,1.128
llama8,clean,advw,GRPO_K5,8,agreement,-0.1167,-0.7608,0.617
llama8,clean,advw,GRPO_K5,8,question,-0.8515,-1.5836,0.1608
llama8,clean,advw,GRPO_K5,8,reflection opener,0.6274,-0.0558,0.9652
llama8,clean,advw,GRPO_K5,8,advice,-0.957,-1.325,-0.0224
llama8,clean,advw,GRPO_K5,8,list preamble,-1.458,-1.8472,-0.3281
llama8,clean,advw,K0-K5,8,praise,0.4979,0.0532,1.2275
llama8,clean,advw,K0-K5,8,thanks,0.5757,-0.0756,1.5912
llama8,clean,advw,K0-K5,8,agreement,-0.2128,-1.2831,0.5657
llama8,clean,advw,K0-K5,8,question,0.3257,-0.7718,1.2923
llama8,clean,advw,K0-K5,8,reflection opener,-0.4015,-0.9091,0.2799
llama8,clean,advw,K0-K5,8,advice,-0.0606,-0.9747,0.5505
llama8,clean,advw,K0-K5,8,list preamble,-0.1575,-1.306,0.739
llama8,clean,advw,GRPO_K0,9,praise,-0.176,-0.4631,0.1533
llama8,clean,advw,GRPO_K0,9,thanks,-0.3559,-0.6544,0.0338
llama8,clean,advw,GRPO_K0,9,agreement,0.9781,0.7971,1.1398
llama8,clean,advw,GRPO_K0,9,question,-1.0418,-1.275,-0.774
llama8,clean,advw,GRPO_K0,9,reflection opener,-0.5434,-0.6282,-0.4162
llama8,clean,advw,GRPO_K0,9,advice,-0.2066,-0.5568,0.1136
llama8,clean,advw,GRPO_K0,9,list preamble,1.1694,0.7369,1.5699
llama8,clean,advw,GRPO_K5,9,praise,1.065,-0.0831,1.3534
llama8,clean,advw,GRPO_K5,9,thanks,0.9462,-0.2942,1.5126
llama8,clean,advw,GRPO_K5,9,agreement,-0.5392,-1.2042,0.4801
llama8,clean,advw,GRPO_K5,9,question,-1.0375,-1.7519,0.4213
llama8,clean,advw,GRPO_K5,9,reflection opener,-0.0551,-0.7342,0.6844
llama8,clean,advw,GRPO_K5,9,advice,-0.277,-1.3289,1.0691
llama8,clean,advw,GRPO_K5,9,list preamble,-0.5657,-1.7596,1.174
llama8,clean,advw,K0-K5,9,praise,-1.241,-1.5452,-0.0735
llama8,clean,advw,K0-K5,9,thanks,-1.3021,-1.9399,0.0117
llama8,clean,advw,K0-K5,9,agreement,1.5172,0.4997,2.1995
llama8,clean,advw,K0-K5,9,question,-0.0043,-1.5442,0.7701
llama8,clean,advw,K0-K5,9,reflection opener,-0.4883,-1.2063,0.2207
llama8,clean,advw,K0-K5,9,advice,0.0704,-1.2544,1.1311
llama8,clean,advw,K0-K5,9,list preamble,1.735,0.022,2.9991
llama8,clean,advw,GRPO_K0,10,praise,1.3865,1.1582,1.5163
llama8,clean,advw,GRPO_K0,10,thanks,1.428,1.2431,1.5797
llama8,clean,advw,GRPO_K0,10,agreement,-0.3957,-0.6777,-0.1916
llama8,clean,advw,GRPO_K0,10,question,-0.2175,-0.4451,0.144
llama8,clean,advw,GRPO_K0,10,reflection opener,0.2224,0.1005,0.3625
llama8,clean,advw,GRPO_K0,10,advice,-0.8451,-1.0796,-0.4731
llama8,clean,advw,GRPO_K0,10,list preamble,-1.4477,-1.6213,-1.1449
llama8,clean,advw,GRPO_K5,10,praise,1.3935,0.5158,1.7074
llama8,clean,advw,GRPO_K5,10,thanks,0.9005,-0.1856,1.4256
llama8,clean,advw,GRPO_K5,10,agreement,-0.9763,-1.3674,-0.2572
llama8,clean,advw,GRPO_K5,10,question,-0.6171,-1.636,0.5066
llama8,clean,advw,GRPO_K5,10,reflection opener,-0.2715,-0.7782,0.3275
llama8,clean,advw,GRPO_K5,10,advice,0.2576,-0.6944,1.1102
llama8,clean,advw,GRPO_K5,10,list preamble,0.0093,-1.1046,1.1318
llama8,clean,advw,K0-K5,10,praise,-0.007,-0.3293,0.8415
llama8,clean,advw,K0-K5,10,thanks,0.5276,0.004,1.656
llama8,clean,advw,K0-K5,10,agreement,0.5806,-0.1698,0.9859
llama8,clean,advw,K0-K5,10,question,0.3995,-0.7187,1.3833
llama8,clean,advw,K0-K5,10,reflection opener,0.4939,-0.1212,1.003
llama8,clean,advw,K0-K5,10,advice,-1.1027,-2.0293,-0.1583
llama8,clean,advw,K0-K5,10,list preamble,-1.457,-2.5533,-0.387
