sentence,count,has_marker
What do you think?,1473,False
I understand where you’re coming from.,453,False
That's a great question.,406,False
I'm so proud of you!,357,False
That’s a great question.,335,False
I'm here to support you every step of the way.,291,False
That's a great approach.,282,False
Thank you for sharing that information.,278,False
I'm so proud of you.,274,False
That’s a great idea.,249,False
That’s a good question.,246,False
That sounds like a great plan.,238,False
That sounds like a good plan.,237,False
That’s a good point.,237,False
That's a great idea!,227,False
I understand where you're coming from.,223,False
I see your point.,221,False
That’s great to hear.,217,False
"That’s a good idea, James.",214,False
That's a great idea.,214,False
"So, what do you think?",213,False
"Thank you for sharing that, Emma.",210,False
I’m so proud of you.,190,False
That's a great question!,188,False
That's a good question.,182,False
I’m so proud of you!,182,False
What does it mean for you to be a smoker?,179,False
That’s a great idea!,177,False
I’m here to support you every step of the way.,165,False
"Well, that sounds like a good plan.",161,False
That's a great point.,158,False
Would you mind telling me a bit more about them?,155,False
That's a good point.,154,False
Keep up the good work!,151,False
Here are some examples:,151,False
That’s great to hear!,146,False
That sounds like a great plan!,141,False
I hear what you're saying.,141,False
I can understand that.,137,False
Here are some ideas:,133,False
That’s a good idea.,132,False
"Alright, let’s try again.",132,False
I hear what you’re saying.,132,False
"Alright, that's good to hear James.",131,False
"Well, that's a tough situation to be in.",130,False
You're a smoker who has recently started smoking.,130,False
That sounds like a great idea.,129,False
"So, let’s get started.",129,False
"Ok, let’s try a different approach.",129,False
"Alright, let's try to put things into perspective.",128,False
"You haven't tried to quit yet, but it's your choice.",128,False
That’s a great question!,127,False
Here are a few examples:,126,False
Let's make a plan together and start implementing it now.,126,False
What will you do?,122,False
What will you eat?,122,False
What was your motivation for seeking treatment?,122,False
What will you do for exercise?,120,False
That's great to hear.,120,False
That's great to hear!,119,False
You’re not the only one.,118,False
"Thank you for sharing that, James.",118,False
Maybe that's something you should consider.,118,False
What do you think about this plan?,118,False
Let’s talk about your goals.,115,False
I’m here to help you overcome this problem.,114,False
What activities will you choose?,113,False
I understand your frustration.,113,False
Let me ask you something.,113,False
What are the things you want to change?,111,False
You can do it!,111,False
I see what you mean.,110,False
Here are a few ideas:,108,False
Here are a few suggestions:,106,False
Let's move forward with the session.,103,False
That's a great plan!,102,False
"Alright, so let's start over.",101,False
You can do this!,98,False
I see what you’re saying.,96,False
"Alright Emma, let’s take a look at another option.",95,False
That's a good idea.,95,False
Keep up the good work.,95,False
What else do you think?,94,False
"Absolutely, I hear you.",93,False
"If I wanted to quit, I’d figure it out myself.",91,False
"So, what’s the real point of",88,False
Here are some suggestions:,87,False
That’s a great point.,85,False
I see where you’re coming from.,84,False
What else do you think we can try?,84,False
That’s a good start.,83,False
That's great that you've been thinking about these questions.,81,False
Let me ask you a few more questions.,80,False
That’s a great approach.,79,False
I see where you're coming from.,79,False
That’s a great approach!,76,False
I appreciate your honesty.,75,False
I can see how that can be frustrating.,75,False
"Absolutely, I completely understand.",75,False
Let’s see what they have to say.,75,False
I see what you're saying.,72,False
That's a valid concern.,71,False
"OK, I understand where you're coming from.",70,False
I’ll let you know when we’re done.,69,False
I’m glad to hear that.,69,False
That sounds like a good idea.,68,False
"Plus, you'll be a healthier person and have more energy.",68,False
I can see where you’re coming from.,68,False
That's a fair point.,68,False
You asked if I could help you with motivation.,68,False
"Alright Emma, let’s try something new.",67,False
That's a great approach!,67,False
"Okay, I understand that.",66,False
I get where you’re coming from.,66,False
Are you ready to get started?,65,False
That’s a fair point.,64,False
"Absolutely, I get it.",64,False
That's exactly the right approach.,64,False
What are they like?,62,False
That's exactly what I'm here for.,62,False
"And, that’s not easy.",62,False
I get what you're saying.,61,False
What are you struggling with in your life right now?,61,False
I totally get it.,60,False
How do you want to approach weight loss?,60,False
"Absolutely, I understand completely.",60,False
How do you feel when you think about smoking?,60,False
Something small that you can easily do.,59,False
"Sure, I see where you're coming from.",59,False
You can do this.,59,False
"Oh, I see, I was confused.",59,False
"But, we can try.",58,False
I want to know more about your relationship with smoking.,57,False
Let me try this again.,57,False
I’m here to understand what you’re feeling.,57,False
I’m not sure I can do it.,57,False
Thank you so much!,56,False
"Great, I'm so proud of you!",56,False
How do you deal with them?,55,False
Are they all smokers?,55,False
How have they changed since you started?,55,False
"Alright, I see what you're saying.",54,False
Let me tell you more.,54,False
"Nicotine replacement therapy, support groups, or self-help resources?",54,False
I understand your skepticism.,53,False
I get what you’re saying.,53,False
That's a valid point.,53,False
"Oh, I see what you mean.",53,False
Keep up the great work!,53,False
"Awesome, I'm so proud of you!",53,False
I understand your hesitation.,52,False
Which one would you be most comfortable with?,52,False
"Alright, let’s start with understanding your goals.",52,False
"It’s kind of like a conversation, you know?",52,False
"And let me tell you something, quitting smoking isn’t easy.",52,False
That’s a great start.,51,False
I totally understand where you’re coming from.,51,False
"Hey, I understand your frustration.",51,False
"Alright, so we've covered a few options.",50,False
I believe in you.,49,False
That's an excellent question.,49,False
"Absolutely, I totally understand.",49,False
I'm so excited for you.,49,False
I’m actually here to help you.,48,False
Sounds like a good plan.,48,False
That's a great start!,48,False
Thank you for your feedback.,48,False
Have you ever tried to quit before?,48,False
I couldn't be more proud of you.,48,False
Great to hear that.,47,False
Finding balance and overcoming barriers requires a proactive approach.,47,False
"Emma, it sounds like you're feeling overwhelmed and disheartened.",47,False
You’re on the right track.,47,False
I'm going to ask a few questions about your weight.,47,False
"For example, “I feel tired and have headaches”",47,False
That’s an interesting point.,46,False
That sounds like a great approach.,46,False
That sounds like a great idea!,45,False
How do they make you feel?,45,False
Have a great day!,44,False
That's a good approach.,44,False
I get where you're coming from.,44,False
I’m not saying that it will be easy.,44,False
How can I best support you?,43,False
That's a good start.,43,False
But I’m also not saying that it will be impossible.,43,False
That's a fair question.,43,False
I am so proud of you.,43,False
"Oh, I’m sorry to hear that.",42,False
How does that sound?,42,False
I’m just saying that it can be done.,42,False
I hope these questions help you further explore your,42,False
"If so, what was it like?",42,False
Do you have any questions?,41,False
Here are a few ideas to get you started:,41,False
"When you`re ready, we can create a plan together.",41,False
Let me think about it and get back to you.,41,False
Balancing a healthy lifestyle with flexibility is important.,40,False
That’s a great plan!,40,False
You can do it.,40,False
Let’s consider your thoughts and feelings about coping with stress.,40,False
"Great, I’m so proud of you!",40,False
"Oh no, I’m sorry to hear that.",40,False
"Well, we'll start with a question about your weight.",40,False
"In the meantime, I think we should agree to continue.",40,False
What are you thinking about when you think about smoking?,40,False
Do you feel like your health is important to you?,40,False
Do you think about your health a lot?,40,False
That’s a fair question.,39,False
That’s a good approach.,39,False
Let me see if I understand.,39,False
"We can try something new, though.",39,False
"Of course, I understand.",39,False
I totally understand where you're coming from.,39,False
I’m not here to give you a lecture on emotions.,39,False
And how did it go?,39,False
Do you have any other ideas for me?,38,False
That’s a great start!,38,False
That's a great plan.,38,False
We can explore different possible goals together.,38,False
Tell me more about yourself.,38,False
What do you hope to accomplish today?,38,False
I understand what you’re saying.,38,False
"But remember, it's not easy to change your habits.",38,False
A plan can help you stay motivated and avoid distractions.,38,False
That's a great start.,37,False
Tailoring my treatment plan to my specific needs is key.,37,False
That makes a lot of sense.,37,False
Do you think you’re ready to try something new?,37,False
Sounds good to me.,37,False
That’s an important question.,37,False
Sounds like a great plan.,37,False
Great to hear that!,37,False
"Awesome, I’m so proud of you!",37,False
I believe in you!,37,False
Do you worry about your health?,37,False
Those are great ideas.,36,False
Thank you for sharing that.,36,False
"Great to hear, James.",36,False
That’s a great plan.,36,False
"That sounds like a good plan, James.",36,False
How do you feel about your relationships?,36,False
The three key steps are:<|im_end>,36,True
You mentioned setting new goals based on your experiences.,36,False
That's such a good question.,36,False
Something small that you can stick with.,35,False
I'm glad to hear that.,35,False
Do you ever feel like you could make some progress?,35,False
"Okay, I get it.",35,False
Thank you for sharing.,35,False
That’s a valid point.,35,False
That’s a valid concern.,35,False
Here are some ideas to get you started:,35,False
I completely understand where you're coming from.,35,False
That’s exactly the right approach.,35,False
Here are the steps:,35,False
Let`s start by creating a plan.,35,False
It’s important to start with a small change.,34,False
That sounds like a good start.,34,False
I’m sorry to hear that.,34,False
Sounds like a great plan!,34,False
"I understand that, but let me ask you another question.",34,False
I’m so excited for you.,34,False
You're on the right track.,33,False
I totally get that.,33,False
The three strategies are:,33,False
Do you like going to the gym?,33,False
Let’s try something else.,32,False
That sounds like a good approach.,32,False
I completely understand where you’re coming from.,32,False
"That's a great idea, James.",32,False
I am so proud of you!,32,False
I’ll make sure to pass on your message.,32,False
Support groups could be a good fit.,32,False
"Ah, I see what you mean.",31,False
Let me know how it goes.,31,False
That's an important question.,31,False
"Absolutely, that's exactly right.",31,False
The three questions are:,31,False
Are you ready to give it a try?,30,False
What would that look like?,30,False
Thank you for your honesty.,30,False
What else can you think of?,30,False
That's a great list!,30,False
That’s an excellent question.,30,False
That's such a great question.,30,False
That's such an important question.,30,False
"James, let me ask you one more question.",30,False
That's obviously not good for your health.,29,False
What would that look like for you?,29,False
"Alright, so that’s something.",29,False
"Alright, so that's something.",29,False
You have to make a plan and stick to it.,29,False
"That's great to hear, David.",29,False
The three questions are:<|im_end>,29,True
That's a good idea!,28,False
Have you considered support groups?,28,False
Have you tried hypnosis or cognitive behavioral therapy?,28,False
Have you tried medication?,28,False
That’s a good plan.,28,False
I can understand where you’re coming from.,28,False
Find activities that you enjoy.,28,False
Don’t just choose activities that you think will be fun.,28,False
Choose activities that you actually enjoy.2.,28,False
That’s an excellent point.,28,False
I hear you perfectly.,28,False
I can see that.,27,False
Have you tried nicotine addiction treatment?,27,False
"That's great to hear, James.",27,False
"Okay, I hear you.",27,False
Here are some tips to help you:1.,27,False
Surround yourself with people who support you.,27,False
"Oh, I get it.",27,False
That’s awesome to hear.,27,False
That’s awesome to hear!,27,False
Here are the key steps:,27,False
I couldn't be more proud of you!,27,False
"But if you have any questions, please let me know.",27,False
Your plan could include activities such as:,27,False
That's such a good point.,27,False
Do you have any other questions?,26,False
Let's try something else.,26,False
That's a great suggestion.,26,False
"That's great to hear, Emma.",26,False
"Okay, that makes sense.",26,False
I’m so glad to hear that.,26,False
That's an excellent point.,26,False
That’s wonderful to hear.,26,False
You're on the right track!,26,False
Thank you for sharing your perspective.,26,False
That’s exactly what I’m here for.,26,False
I'm so happy to hear that.,26,False
I'm so proud of your commitment and resilience.,26,False
What do you think should be the first step?,26,False
Let’s move on to the next part of our discussion.,26,False
"Well, I can understand your skepticism.",26,False
Have you tried nicotine replacement therapies?,25,False
Are there any other methods that you have tried?,25,False
"Well, I understand where you’re coming from.",25,False
That’s a great suggestion.,25,False
"Okay, I see what you’re saying.",25,False
Let’s try something different.,25,False
My name is David.,25,False
I’m a professional motivational counselor.,25,False
That’s a good idea!,25,False
"Okay, well, let's start by talking about your relationships.",25,False
"Alright, here we go.",25,False
That's exactly what we'll do.,25,False
That's a fantastic idea!,25,False
We're here to support you every step of the way.,25,False
"Absolutely, I understand your frustration.",25,False
The three strategies are:<|im_end>,25,True
Thank you for your cooperation.,24,False
This will help you avoid temptation and keep you motivated.,24,False
That's a really good question.,24,False
Let me ask you another question.,24,False
Thank you for sharing your thoughts.,24,False
I understand that feeling.,24,False
That's wonderful to hear.,24,False
I understand how you feel.,24,False
"Don't worry, it's all confidential, and I won't tell anyone.",24,False
"Okay, I understand where you’re coming from.",24,False
That's a good plan.,24,False
"That's a great question, James.",24,False
That’s wonderful to hear!,24,False
That’s such a great idea!,24,False
What does that look like for you?,24,False
The three actionable steps are:,24,False
"Well, let me tell you a little bit about myself.",24,False
What do you think could be causing this?,24,False
"Well, that’s what I’m here for.",23,False
"That’s a great idea, James.",23,False
I’m happy to hear that.,23,False
That’s good to hear.,23,False
That's a step in the right direction.,23,False
Let’s try a different approach.,23,False
Here are some tips:,23,False
It is called exposure therapy.,23,False
Thank you for being honest.,23,False
That's a really important question.,23,False
That's wonderful to hear!,23,False
"Of course, I completely understand.",23,False
That sounds like a great start.,22,False
So what do you think?,22,False
That sounds like a solid plan.,22,False
That sounds like a good plan!,22,False
Those are all great ideas.,22,False
Keep up the great work.,22,False
I appreciate your feedback.,22,False
"David, I understand your frustration and skepticism.",22,False
Can you tell me what you want to discuss?,22,False
I think you’re right.,22,False
You have my full support.,22,False
"Great, here they are:",22,False
Here are some specific examples:,22,False
"Absolutely, I hear you!",22,False
How about some thoughts about your future and your health?,22,False
"Well, let’s start with something simple.",22,False
You know that there’s got to be a better way.,22,False
"Okay, that’s a good point.",22,False
I was depressed and lost interest in my life.,22,False
I understand your concern.,21,False
Are you willing to try to quit smoking?,21,False
Sounds like a plan.,21,False
That's a great observation.,21,False
That's a great perspective.,21,False
"Oh, I hear you.",21,False
That's awesome to hear!,21,False
Let me give you an example.,21,False
That's a great attitude!,21,False
That’s a great starting point.,21,False
I think you're on the right track.,21,False
I know you can do it!,21,False
Be kind to yourself.,21,False
I’m so happy to hear that.,21,False
Be patient with yourself.,21,False
Thank you for being open and honest.,21,False
"Fantastic, I'm so proud of you!",21,False
"Great, here they are:<|im_end>",21,True
I'm so proud of you,21,False
I'm so excited for you!,21,False
"That's exactly right, James.",21,False
I didn’t want to be around people or work.,21,False
I felt like a failure.,21,False
My mom told me that I needed to change.,21,False
That’s such a good question.,21,False
"But if you want to quit, I’m here to help.",20,False
Let’s talk about what you’ve tried before.,20,False
That’s a really powerful statement.,20,False
"Thank you so much, David.",20,False
I appreciate the honesty.,20,False
Here are a few tips:,20,False
I understand that you don't believe in therapy.,20,False
"Okay, I hear what you're saying.",20,False
I understand what you're saying.,20,False
"Okay, I understand where you're coming from.",20,False
Thank you for your enthusiasm!,20,False
I'm here for you every step of the way.,20,False
Thank you for your patience.,20,False
I'm so proud of your commitment and progress so far.,20,False
Here are the three strategies:,20,False
I'm so proud of your commitment and enthusiasm.,20,False
I just wanted to make sure I understand your situation.,20,False
What would make you feel better physically?,20,False
What are your physical goals for yourself?,20,False
What do you want to change about your body?,20,False
I hope that this answers your questions.,20,False
"Ok, Emma, I’m here to help you to stop smoking.",19,False
Those are great ideas!,19,False
"Okay, I see where you’re coming from.",19,False
That sounds like a good place to start.,19,False
"Alright, I get it.",19,False
I understand your concerns.,19,False
I'm happy to hear that.,19,False
I think you’re on the right track.,19,False
I like that idea.,19,False
Are you interested in trying some of these tips?,19,False
Good luck with your journey!,19,False
That’s a great perspective.,19,False
That’s a step in the right direction.,19,False
That’s a really good question.,19,False
I totally get where you’re coming from.,19,False
That's exactly the right mindset.,19,False
I know you can do it.,19,False
"I'm so proud of you, James.",19,False
Here are the three actionable steps:<|im_end>,19,True
The three steps are:<|im_end>,19,True
"For example, do you want to lose weight?",19,False
Let’s talk about some of them:,19,False
How would that change your perspective?,19,False
"You’ve been here before, and you know what to do.",18,False
You’ve tried quitting before.,18,False
That’s an excellent idea.,18,False
Good luck on your journey!,18,False
That’s an interesting perspective.,18,False
That’s helpful to hear.,18,False
I agree with you.,18,False
Here are some options:,18,False
That's a great point!,18,False
Sorry to hear that.,18,False
That’s such a great question.,18,False
Sounds like a plan!,18,False
But you're not wrong.,18,False
"Yeah, I get it.",18,False
What do you think about that?,18,False
I totally get where you're coming from.,18,False
Thank you for being honest with me.,18,False
I’m so happy to hear that!,18,False
Thank you for asking!,18,False
"Absolutely, that's a great idea!",18,False
How did it go?,18,False
The five steps are:,18,False
Thank you for being open and honest with me.,18,False
Here are the five steps:<|im_end>,18,True
The three specific actions are:,18,False
I'm so proud of you!<|im_end>,18,True
I'm so proud of,18,False
"So, let me ask you something.",18,False
Have you tried to quit before?,18,False
Are there any specific areas you are worried about?,18,False
"I started exercising, and my mood changed.",18,False
Does that make sense?,17,False
I understand your perspective.,17,False
That's good to hear.,17,False
That’s a good question!,17,False
That sounds like a great place to start.,17,False
What a great idea!,17,False
I know what you mean.,17,False
That sounds like a great approach!,17,False
I'm glad to hear that!,17,False
I think we can go over what we already discussed.,17,False
That's an important point.,17,False
You are not alone.,17,False
That’s a good starting point.,17,False
Are there any specific situations that make you feel overwhelmed?,17,False
That's an excellent idea.,17,False
You’re on the right track!,17,False
Congratulations on your progress so far.,17,False
That sounds exactly right.,17,False
I'm so excited to support you on this journey.,17,False
I'm so proud of your commitment and progress.,17,False
I understand exactly how you feel.,17,False
The three steps are:,17,False
"Absolutely, that's exactly right!",17,False
I couldn’t be more proud of you.,17,False
"Absolutely, I hear you perfectly.",17,False
I’m here to help you.,17,False
"That's a great suggestion, Emma.",17,False
"Alright, so let’s start over.",17,False
What do you think is holding you back?,17,False
"Hey, David, I’m sorry that you’re not feeling that way.",17,False
That really resonates with me.,17,False
"So, instead of focusing on what you need to do,",17,False
Have you considered joining a support group?,16,False
"So, we’re starting fresh this time.",16,False
That's a great suggestion!,16,False
Do you think I should try to convince you?,16,False
Sounds like a great idea!,16,False
"Alright, you asked for a statement.",16,False
Have you ever tried nutrition counseling?,16,False
Is there anything else I can help you with?,16,False
That sounds good to me.,16,False
That’s an important point.,16,False
Have a great day.,16,False
That’s a really good point.,16,False
That sounds like a good starting point.,16,False
One tip is to keep a food journal.,16,False
One tip is to stay positive.,16,False
Here are some next steps:,16,False
That's awesome to hear.,16,False
Here are some additional tips:,16,False
That’s a good plan!,16,False
That’s exactly what we’ll do.,16,False
We’re here to support you every step of the way.,16,False
That's an excellent question!,16,False
I totally hear you.,16,False
Here are a few examples to get you started:,16,False
We can do this!,16,False
"No worries, I completely understand.",16,False
That's such a great idea!,16,False
Here are the three steps:,16,False
You are worth it.,16,False
"Wonderful, I'm so proud of you!",16,False
The five steps are:<|im_end>,16,True
The three strategies are as follows:<|im_end>,16,True
Here are the three key steps:<|im_end>,16,True
"Awesome, I'm so proud of you.",16,False
I'm thrilled to support you every step of the way.,16,False
I can see where you're coming from.,16,False
"I changed my mindset, and I realized",16,False
Have you ever tried mindfulness?,15,False
"Alright, that sounds reasonable.",15,False
How do you think about your health?,15,False
That's a brilliant idea!,15,False
You are a motivational interviewing counselor named David.,15,False
You partner with the patient to understand his problems.,15,False
"Hello, welcome to your first motivational session with me.",15,False
I appreciate your perspective.,15,False
It sounds like you’re on the right track.,15,False
That’s a good start!,15,False
Those all sound good.,15,False
One tip is to set small goals.,15,False
Here are some additional suggestions:,15,False
You seem to be avoiding the question.,15,False
I totally understand that.,15,False
"Okay, I get that.",15,False
I’m glad to hear that!,15,False
"That sounds great, James.",15,False
I'm so glad to hear that.,15,False
"Remember, consistency is key.",15,False
That’s exactly the point.,15,False
Here are some things to keep in mind:,15,False
I’m so excited for you!,15,False
That's exactly the point.,15,False
That's such a great idea.,15,False
"Absolutely, that's exactly what I'm here for.",15,False
That's a fantastic question.,15,False
"Of course, I get it.",15,False
Thank you for taking this journey with me.,15,False
"Absolutely, that’s exactly right.",15,False
Thank you so much.,15,False
The three actionable steps are:<|im_end>,15,True
Here are the three specific steps:<|im_end>,15,True
Here are the three strategies:<|im_end>,15,True
"Fantastic, I’m so proud of you!",15,False
I hear you completely.,15,False
The three actionable steps are as follows:<|im_end>,15,True
"Alright, let's start with understanding your goals.",15,False
"Alright, I’m getting to my point.",15,False
Do you mind telling me about your smoking habits again?,15,False
You can achieve your goals and have a better life.,15,False
"Yeah, I can see that.",15,False
That’s a great attitude!,15,False
"Sure, let's work on implementing the tips together.",14,False
How do you think about your weight?,14,False
"Well, I'm not exactly sure.",14,False
Would you like to try it?,14,False
Have you ever tried hypnotherapy?,14,False
My name is David and I`m a professional motivational counselor.,14,False
And have you considered trying meditation or yoga?,14,False
How can I help?,14,False
Thanks for sharing that.,14,False
Have you ever tried biofeedback?,14,False
That sounds like a plan.,14,False
"Sure, that makes sense.",14,False
Let me know how it goes!,14,False
"Okay, I hear what you’re saying.",14,False
That’s exactly what I wanted to hear.,14,False
"That's a great question, Emma.",14,False
"Great to hear, Emma.",14,False
That's an interesting perspective.,14,False
"Okay, I see what you mean.",14,False
You bring up a good point.,14,False
I can give you a few examples:,14,False
Thank you for being patient.,14,False
That's a valid question.,14,False
"Absolutely, that's a great question.",14,False
I can understand where you're coming from.,14,False
That's a really good point.,14,False
Here are a few things to keep in mind:,14,False
"That’s a great question, James.",14,False
I’m so glad to hear that!,14,False
"Oh, I see what you’re saying.",14,False
"Absolutely, I understand your hesitation.",14,False
Here are two examples:,14,False
"Absolutely, I understand exactly how you feel.",14,False
Thank you so much for taking this journey with me.,14,False
"Absolutely, that's totally understandable.",14,False
I’m so proud of your commitment and resilience.,14,False
The steps are as follows:<|im_end>,14,True
The four actionable steps are:<|im_end>,14,True
I could not be more proud of you.,14,False
How about we try a different approach?,14,False
"James, what do you think?",14,False
"So, let’s try something else.",14,False
What if we focus on the bigger picture?,14,False
"Well, let’s look at some of the different options.",14,False
"If so, what was your experience like?",14,False
That’s such a good point.,14,False
Let's continue with the next step in our counseling session.,13,False
But I can help you with something else.,13,False
I can help you with building a plan for quitting.,13,False
"Oh, I totally agree with you there.",13,False
"That’s a good approach, James.",13,False
That's an interesting idea.,13,False
I get what you mean.,13,False
"That’s great to hear, James.",13,False
That’s a great first step.,13,False
It's okay if you don't believe me.,13,False
"Okay, well, let’s start by talking about your relationships.",13,False
What makes you happy?,13,False
I’m going to give you some tips to help you.,13,False
Feel free to reach out anytime.,13,False
That’s a great attitude.,13,False
"Sure, here they are:",13,False
That’s a valid perspective.,13,False
Here are some ideas to consider:,13,False
That's an interesting question.,13,False
I appreciate your skepticism.,13,False
Thank you so much for being honest with me.,13,False
That's an excellent idea!,13,False
Great work so far.,13,False
"Of course, I understand your frustration.",13,False
Here are some steps you can take:,13,False
"That’s a good question, James.",13,False
Here are my recommendations:,13,False
"Hey, I hear you.",13,False
I absolutely understand where you’re coming from.,13,False
Thank you for your enthusiasm.,13,False
I completely understand your hesitation.,13,False
"Absolutely, that's exactly the right approach!",13,False
Here are the three specific steps:,13,False
"Great, I completely understand.",13,False
The four steps are:<|im_end>,13,True
That's exactly what I want to hear.,13,False
"Absolutely, I absolutely understand.",13,False
"Wow, I'm so proud of you!",13,False
"Absolutely, I'm so proud of you!",13,False
"I understand, but I’m still here.",13,False
"Well, I understand that you don’t believe in my theory.",13,False
"I’ll admit, it’s a little bit unconventional.",13,False
But I’m not going to tell you what to do.,13,False
Let's explore some strategies for making exercise enjoyable.,13,False
That's such a great point.,13,False
Do you have any questions for me?,12,False
That sounds like an excellent plan.,12,False
That’s a fantastic idea!,12,False
That’s a great place to start.,12,False
Thank you for sharing!,12,False
Sounds like a good idea.,12,False
I think that’s a great idea.,12,False
I think that’s a good idea.,12,False
"Yeah, I get that.",12,False
What do you mean?,12,False
"Yes, that makes sense.",12,False
We can go over what we already discussed.,12,False
Let me share with you how to do that.,12,False
"Remember, this is a marathon, not a sprint.",12,False
"Well, that’s a good point.",12,False
What are your goals?,12,False
"That’s a great idea, Emma.",12,False
That sounds like a great starting point.,12,False
Here are the questions:,12,False
Those are all great suggestions.,12,False
That’s exactly the right approach!,12,False
"Okay, I see your point.",12,False
"Great to hear, James!",12,False
"I hear you, Emma.",12,False
Here are a few ideas to consider:,12,False
That's a great starting point.,12,False
I absolutely hear you.,12,False
That's exactly the right approach!,12,False
Here are some specific suggestions:,12,False
I'm so proud of you for taking this step.,12,False
That's such a great question!,12,False
"Thank you so much, David!",12,False
"Absolutely, that's completely understandable.",12,False
That's a fantastic approach!,12,False
That's exactly what we're going to do.,12,False
The four actionable steps are:,12,False
"Great, I'm so proud of you.",12,False
Here are the three steps:<|im_end>,12,True
The five steps are as follows:<|im_end>,12,True
I absolutely get it.,12,False
The three steps are as follows:<|im_end>,12,True
Thank you for trusting me.,12,False
The four actionable steps are:<|im_end><|im_end><|im_end><|im_end>,12,True
"Wow, that sounds amazing!",12,False
I’m so proud of you for taking the first step.,12,False
I'm so proud of you.<|im_end>,12,True
I'm right there with you.,12,False
I believe you can do it!,12,False
They're not inherently bad.,12,False
They're just a response to stress or anxiety.,12,False
"But I can help you, if you’re willing to try.",12,False
And it’s something that you believe is worth achieving.,12,False
Maybe you could share your experience with me.,12,False
"Yeah, I hear what you're saying.",12,False
That’s a great observation.,12,False
Have you ever tried meditation?,11,False
I understand your reluctance.,11,False
"I could say yes, and say no.",11,False
That sounds like a good idea!,11,False
Those are great suggestions!,11,False
That makes perfect sense.,11,False
Here are a few options:,11,False
That's a great list.,11,False
I just want to help you.,11,False
That sounds like a great next step.,11,False
You are non-judgmental while encouraging the patient to change.,11,False
"Alright, that sounds good.",11,False
That's a great perspective!,11,False
Thank you for your feedback!,11,False
"Alright, that makes sense.",11,False
Thanks for sharing your thoughts.,11,False
Sounds good to me!,11,False
Thank you for reaching out.,11,False
"Okay, I can understand that.",11,False
That's a good plan!,11,False
"Well, I see your point.",11,False
"Thank you so much, James.",11,False
"Sure, I get it.",11,False
"Yeah, I see what you mean.",11,False
Good luck with your journey.,11,False
I can understand that feeling.,11,False
That's an interesting point.,11,False
Sounds like you're on the right track.,11,False
What do you want to achieve?,11,False
Here are some things to consider:,11,False
My door is always open.,11,False
"Sure, that's a great idea.",11,False
"Well, let’s try a different approach.",11,False
That’s amazing to hear!,11,False
Slow and steady wins the race.,11,False
Here are some steps to get started:,11,False
That totally makes sense.,11,False
That makes total sense.,11,False
I’m here for you every step of the way.,11,False
"You got this, James!",11,False
That's a valid perspective.,11,False
Thank you so much for trusting me.,11,False
That’s the right mindset.,11,False
The steps are as follows:,11,False
"Great, I totally understand.",11,False
Here are the specific steps:,11,False
"Absolutely, I understand your concerns.",11,False
That’s exactly the right mindset.,11,False
That's exactly what I'll do.,11,False
I'm here to support you every step of the way!,11,False
I’m so proud of you for taking this important step.,11,False
"You're absolutely right, James.",11,False
That's an excellent approach.,11,False
You are worth it!,11,False
I'm so proud of you for taking this important step.,11,False
And that's totally okay.,11,False
The three specific steps are:,11,False
The three specific steps are:<|im_end>,11,True
That's exactly what we will do.,11,False
The three specific steps are as follows:<|im_end>,11,True
"Absolutely, I’m so proud of you!",11,False
Thank you for sharing this with me.,11,False
Why do you do it?,11,False
Do you know any of those strategies?,11,False
"That's a great idea, Emma.",11,False
We need to discuss your motivation.,11,False
What would that feel like?,11,False
"Okay, that’s a fair point.",11,False
We’ll start by creating a goal together.,11,False
What would you want to see for yourself?,11,False
Did it help you quit smoking or manage cravings?,11,False
"Yeah, I hear you.",11,False
"Ok, Emma, I understand.",10,False
That’s an interesting idea.,10,False
Have you ever tried cognitive behavioral therapy?,10,False
Have you ever tried acupuncture?,10,False
Maybe I’ll start by demanding your cooperation.,10,False
"Well, I’m not sure that I can answer that.",10,False
Thank you for your time.,10,False
"That's great to hear, James!",10,False
Is that something you’re interested in?,10,False
Have a wonderful day!,10,False
Good luck on your journey.,10,False
Those are great suggestions.,10,False
But let’s keep our goals in mind.,10,False
That's a great plan of action.,10,False
Glad to hear that.,10,False
"Thanks for sharing that, James.",10,False
Thank you for being so honest.,10,False
I’m not asking you to do something uncomfortable.,10,False
"If you’re comfortable, I know that you can do it.",10,False
Can you tell me more?,10,False
Here are a few additional tips:,10,False
That's a good approach!,10,False
"Well, that's a good question.",10,False
Let's explore that further.,10,False
That's a good start!,10,False
"Alright, let me try to summarize the conversation so far.",10,False
That’s fantastic to hear!,10,False
I definitely understand where you're coming from.,10,False
"Great, that's a great question.",10,False
"Well, I understand where you're coming from.",10,False
"Great, I'm happy to hear that.",10,False
I understand what you’re going through.,10,False
That sounds like a fantastic plan!,10,False
That’s a good approach!,10,False
What does success look like to you?,10,False
"Okay, I get what you’re saying.",10,False
I love that idea!,10,False
That's a great attitude.,10,False
Sounds like a good plan!,10,False
I completely get it.,10,False
Here are some possibilities:,10,False
I'm here to help you every step of the way.,10,False
Let's try a different approach.,10,False
Surround yourself with support.,10,False
I’m really happy to hear that.,10,False
I'm delighted to hear that.,10,False
That's exactly what I'm talking about.,10,False
That’s a great point!,10,False
That’s amazing to hear.,10,False
Here are a few ideas to get started:,10,False
You don’t have to do it alone.,10,False
That’s exactly what I’ll do.,10,False
Be gentle with yourself.,10,False
I'm so proud of your progress so far.,10,False
That's a fantastic idea.,10,False
That's a great starting point!,10,False
"I hear you, James.",10,False
That’s a smart approach.,10,False
I understand exactly where you're coming from.,10,False
Here are the five steps:,10,False
I understand where you are coming from.,10,False
"Absolutely, here they are:",10,False
Here are the three actionable steps:,10,False
I'm so proud of you for taking these steps.,10,False
Thank you for being honest and open.,10,False
My heart goes out to you.,10,False
The three key steps are:,10,False
"Wonderful, I’m so proud of you!",10,False
I'm so proud of your commitment and determination.,10,False
The four actionable steps are as follows:<|im_end>,10,True
"Absolutely, I hear you completely.",10,False
That’s such an important question.,10,False
The three specific actions are:<|im_end>,10,True
I’m so proud of you for taking this step.,10,False
"Of course, I understand completely.",10,False
Thank you so much for being open and honest.,10,False
Thank you for trusting,10,False
You have my full support every step of the way.,10,False
Thank you so much for being open and vulnerable.,10,False
I'm here to be,10,False
You don't have to do this alone.,10,False
I'm proud of you!,10,False
That's such a powerful question.,10,False
Let’s look at some potential areas for improvement:,10,False
What is it that makes you want to smoke?,10,False
"But I can help you, if you're willing to try.",10,False
Why do you think you need to quit?,10,False
I think that’s great.,10,False
Let's go through this step-by-step.,10,False
Let’s move on to your relationship with your partner.,10,False
"Well, I can understand your frustration.",10,False
I'll try to be more patient and understanding.,10,False
I'm here to help you overcome this problem.,10,False
What might be stopping you from trying again?,10,False
Let's talk about some of them:,10,False
"That's exactly right, Emma.",10,False
Can you hear me?,10,False
That’s a bit disappointing.,10,False
That’s a powerful realization.,10,False
What a powerful realization!,10,False
That's such an important point.,10,False
One is to try to distract yourself with something else.,9,False
"Alright, thank you for sharing your story.",9,False
What do you have in mind?,9,False
"Ah, I see what you’re saying.",9,False
Sounds like a great idea.,9,False
Those are all great suggestions!,9,False
That's totally up to you.,9,False
That’s a good sign.,9,False
Are you ready to start?,9,False
"Well, I don’t know.",9,False
Do you have any ideas?,9,False
I think that’s a great plan.,9,False
Is there anything else you want to discuss?,9,False
That's a good suggestion.,9,False
That’s an interesting question.,9,False
"You want to be fine, but you're not fine.",9,False
That's a good call.,9,False
That’s exactly what I was thinking.,9,False
That's a good question!,9,False
"Well, that's great to hear.",9,False
That makes a lot of sense!,9,False
"Yeah, that makes sense.",9,False
Do you have any other questions or concerns?,9,False
And you know what?,9,False
Let’s give it a try.,9,False
I'm always here to help.,9,False
How do you feel about that?,9,False
That sounds like a fantastic plan.,9,False
What do you say?,9,False
I’m happy to help.,9,False
You’re on the right path.,9,False
I couldn’t agree more.,9,False
Do you think you could do it?,9,False
"That's a great plan, James.",9,False
"Ok, well, I see.",9,False
"Well, I guess we’ll have to agree to disagree.",9,False
"Okay, I get what you're saying.",9,False
Thank you for the feedback.,9,False
It sounds like you're on the right track.,9,False
That's a smart idea.,9,False
Here are a few recommendations:,9,False
"That's awesome to hear, David.",9,False
I think you’re absolutely right.,9,False
That's a great mindset!,9,False
"That makes sense, James.",9,False
That's a really great question.,9,False
"Of course, you're right.",9,False
Wonderful to hear that!,9,False
That's such an important step.,9,False
That sounds like a great strategy.,9,False
I completely understand that.,9,False
"Remember, progress is the key.",9,False
Thank you for asking.,9,False
Thank you for your interest!,9,False
I’m thrilled to hear that.,9,False
It might look something like this:,9,False
"I’m so proud of you, James.",9,False
That sounds like a great way to start.,9,False
"Absolutely, I understand exactly where you’re coming from.",9,False
Here are some additional considerations:,9,False
Here's how it works:,9,False
I totally understand your hesitation.,9,False
Here are some examples to get you started:,9,False
"I'm so proud of you, James!",9,False
You're definitely on the right track.,9,False
"Absolutely, that’s a great idea!",9,False
Thank you for your openness.,9,False
"Of course, that’s understandable.",9,False
"Of course, I hear you.",9,False
"Great, here we go.",9,False
"That sounds great, Emma.",9,False
"Great, I’m so proud of you.",9,False
"Absolutely, that's a great idea.",9,False
That's a fantastic question!,9,False
You've hit the nail on the head.,9,False
"No worries, I totally understand.",9,False
Here are the actionable steps:,9,False
Here are the examples:,9,False
"Absolutely, that’s a great approach!",9,False
"Absolutely, that's exactly the right approach.",9,False
Here's a step-by-step guide:,9,False
The three steps are as follows:,9,False
Thank you for your trust and commitment.,9,False
"Thank you so much, James!",9,False
The four steps are:,9,False
That's a fantastic approach.,9,False
I’m so proud of your commitment and progress so far.,9,False
I'm so proud of you and your resilience.,9,False
Here are the three strategies in detail:<|im_end>,9,True
"No worries, I get it.",9,False
Here are the four actionable steps:<|im_end>,9,True
Thank you for being so honest and vulnerable.,9,False
Here are the three questions:,9,False
I’m so proud of,9,False
"Absolutely, I completely hear you.",9,False
"Absolutely, I understand exactly where you're coming from.",9,False
I completely hear you.,9,False
Your three actionable steps are:,9,False
And that’s totally okay.,9,False
I'm with you every step of the way.,9,False
I totally get what you’re saying.,9,False
I'm so proud of you and believe in you.,9,False
That’s such a great idea.,9,False
I believe in you,9,False
Thank you for trusting me and believing in yourself.,9,False
I'm so proud of you for taking the first step.,9,False
You inspire me every day.,9,False
"Well, I have an idea that might be helpful.",9,False
That’s exactly what I’m talking about.,9,False
"Alright, well let's get back to the beginning.",9,False
"Look, I understand where you’re coming from.",9,False
Can you tell me a little bit about your diet?,9,False
That’s great that you’re trying different strategies.,9,False
"Alright, that sounds like a good idea.",9,False
And that’s what we’ll do together.,9,False
Maybe you could try a technique like this.,9,False
"And remember, not all vaping devices are created equal.",9,False
What might that look like for you?,9,False
You bring up a great point.,9,False
That's a really valid point.,9,False
"Wow, that's so powerful!",9,False
You’ve hit the nail on the head.,9,False
"Finally, you could try to avoid smoking in high-stress situations.",8,False
These are just a few examples of practical solutions.,8,False
Let’s talk about accountability.,8,False
"Well, I see what you're saying.",8,False
I think those are some great ideas.,8,False
I think you're right.,8,False
"Well, that sounds like a great plan.",8,False
Is there anything else you want to talk about?,8,False
I’m here to help you to stop smoking.,8,False
I can see your point.,8,False
I think that sounds great.,8,False
That’s a great suggestion!,8,False
"Thank you for your feedback, James.",8,False
Let me know if you have any questions or concerns.,8,False
I understand what you mean.,8,False
Those are all great ideas!,8,False
That makes sense to me.,8,False
"Okay, I see where you're coming from.",8,False
I get your point.,8,False
Those are great goals!,8,False
"Yeah, that's a good point.",8,False
Do you have any questions or concerns?,8,False
Have a great week!,8,False
That's a great insight.,8,False
"Alright, let’s take a step back.",8,False
"Ah, I see where you’re coming from.",8,False
I really appreciate it.,8,False
I understand your point.,8,False
That's a great next step.,8,False
What do you think would work best for you?,8,False
Here's what I recommend:,8,False
Those are some great ideas.,8,False
You make a good point.,8,False
"Well, I understand your skepticism.",8,False
I'm sorry to hear that.,8,False
I'm thrilled to hear that.,8,False
Thank you for sharing with me.,8,False
That's helpful to hear.,8,False
I think we’re both just wasting our time.,8,False
Let me know if you need anything else.,8,False
Thank you for sharing your thoughts!,8,False
"Great, I’m happy to hear that.",8,False
I'm here to support you in any way I can.,8,False
"You’re absolutely right, James.",8,False
"Alright, I see your point.",8,False
"That’s a great question, Emma.",8,False
"Sure, that sounds great.",8,False
I'm here for you.,8,False
Wonderful to hear that.,8,False
"That's a great approach, James.",8,False
"Sure, I can help with that.",8,False
I see your frustration.,8,False
Awesome to hear that.,8,False
I completely get where you’re coming from.,8,False
- Be kind to yourself.,8,False
I’m glad to hear it.,8,False
"Ok, I hear you.",8,False
"That’s great to hear, Emma!",8,False
Is that something you're interested in?,8,False
"Awesome to hear, David.",8,False
"Okay, I completely understand.",8,False
You are absolutely right.,8,False
Congratulations on taking the first step!,8,False
That’s a fantastic idea.,8,False
Thank you for sharing that!,8,False
I understand how you're feeling.,8,False
"That’s great to hear, Emma.",8,False
"Absolutely, that’s a great idea.",8,False
I’m here to help.,8,False
"Well, I understand what you’re saying.",8,False
Thank you so much for sharing.,8,False
That’s a valid question.,8,False
I completely get where you're coming from.,8,False
I’m right there with you.,8,False
Here are some recommendations:,8,False
Here are a few possibilities:,8,False
That’s an excellent question!,8,False
Here are a few suggestions to get you started:,8,False
"Great, I’m glad to hear that.",8,False
I completely get that.,8,False
What’s important to you?,8,False
I appreciate your openness.,8,False
Here are some additional ideas:,8,False
Thank you for reaching out!,8,False
"Absolutely, I understand your skepticism.",8,False
That's such a good idea.,8,False
That's exactly what I hear you saying.,8,False
That’s a great mindset!,8,False
"Great, here you go:",8,False
Let's try something different.,8,False
"Of course, I totally understand.",8,False
"No worries, I understand.",8,False
I totally understand your skepticism.,8,False
I'm so glad to hear that!,8,False
That's amazing to hear!,8,False
Thank you for taking this journey with me!,8,False
I understand exactly where you’re coming from.,8,False
And that's totally okay!,8,False
"Great, that’s exactly the right approach.",8,False
Thank you for sharing your concerns.,8,False
Be compassionate with yourself.,8,False
"Absolutely, that's exactly what I'll do.",8,False
"Absolutely, that’s totally understandable.",8,False
Here are your three actionable steps:,8,False
You're on your way!,8,False
The four steps are as follows:,8,False
"Absolutely, I totally get that.",8,False
"Absolutely, here they are:<|im_end>",8,True
Here are the four key features:<|im_end>,8,True
Here’s a breakdown of each step:<|im_end>,8,True
The three specific questions are:<|im_end>,8,True
"You've got this, James!",8,False
The three questions are as follows:<|im_end>,8,True
"Thank you so much, Emma!",8,False
I'm so grateful for your trust and commitment.,8,False
I could not be more proud of you!,8,False
You have my full support!,8,False
That makes so much sense.,8,False
I'm delighted to support you every step of the way.,8,False
I'm so proud of you for,8,False
I'm ready when you are.,8,False
I'm so proud of your courage and determination.,8,False
You deserve so much love and support.,8,False
Thank you so much for trusting me!,8,False
I know you can do this.,8,False
Thank you so much for taking this seriously.,8,False
I'm right there with you every step of the way.,8,False
I'm proud of you.,8,False
"That sounds like a great plan, Emma.",8,False
"Well, let's see if this helps.",8,False
"If I wanted to quit, I'd figure it out myself.",8,False
"Well, first off, you should not worry about losing weight.",8,False
But I’m not talking about that.,8,False
I’m talking about the mindset.,8,False
I’m talking about the way you think about your body.,8,False
This is something that you can change.,8,False
It’s something that you can control.,8,False
"Hey Emma, I understand where you are coming from.",8,False
"Okay, I'll make a note of that.",8,False
We’ll start by exploring your smoking habits.,8,False
How do you deal with this?,8,False
That’s great that you’re trying new strategies.,8,False
Is there anything else you want to say?,8,False
"So, they could also be a good option for you.",8,False
"That's a great point, James.",8,False
That’s such a good question!,8,False
Can you tell me more about that?,7,False
How does that feel?,7,False
That's a great list of strategies.,7,False
Sounds like a good idea!,7,False
That’s a great thought.,7,False
Sounds like a good start.,7,False
Do you have any other ideas?,7,False
"Absolutely, that's a great question!",7,False
What else do you have in mind?,7,False
Would you like to set some goals and objectives?,7,False
But hear me out.,7,False
I can see what you mean.,7,False
You don’t have to go it alone.,7,False
Let’s start with the basics.,7,False
"So, what is it that you're trying to change?",7,False
That's a fair assessment.,7,False
I think that’s what makes you a motivated individual.,7,False
I understand your hesitations.,7,False
"Well, that’s a great question.",7,False
That’s a good goal.,7,False
That’s a good attitude.,7,False
"Sure, let's work on the first step together.",7,False
That’s part of the process.,7,False
Those are excellent suggestions.,7,False
Have a good day!,7,False
"Alright, I understand where you're coming from.",7,False
No problem at all.,7,False
I appreciate your input.,7,False
These are great ideas!,7,False
We're all in this together.,7,False
That's a good starting point.,7,False
Great to hear James.,7,False
"Alright, we will begin with the questions.",7,False
"Let’s talk about the pros again, shall we?",7,False
How do you feel?,7,False
"Okay, here they are:",7,False
Those sound like great ideas.,7,False
Let’s see how it goes.,7,False
Let’s try another approach.,7,False
Why do you want to change?,7,False
"Yes, that sounds like a good plan.",7,False
I understand your feelings.,7,False
"That sounds like a great idea, James.",7,False
Let me ask you a question.,7,False
"Alright, I hear what you’re saying.",7,False
Thank you for your trust in me.,7,False
Give it a try.,7,False
"Alright, let's try again.",7,False
"Awesome, that's great to hear.",7,False
"That sounds like a solid plan, James.",7,False
What does that mean for you?,7,False
"Alright, that sounds like a good plan.",7,False
"Great to hear, David.",7,False
Would that work for you?,7,False
"Ok, let's try something else.",7,False
I like that idea!,7,False
"Okay, I appreciate your honesty.",7,False
"Alright, I hear you.",7,False
Best of luck on your journey!,7,False
What a great plan!,7,False
I can definitely understand that.,7,False
That's such a good question!,7,False
That’s a great way to approach it.,7,False
You have a good point.,7,False
I appreciate your openness and honesty.,7,False
"Well, I see where you're coming from.",7,False
Where do you want to start?,7,False
I understand how you’re feeling.,7,False
That sounds like a great first step.,7,False
That's a fantastic plan!,7,False
Let’s try something new.,7,False
That sounds like a great start!,7,False
Congratulations on your progress.,7,False
What are your long-term goals?,7,False
Those are great questions.,7,False
And there you have it!,7,False
"Of course, that's okay.",7,False
That’s a great mindset to have.,7,False
That sounds like a reasonable approach.,7,False
Here are some options to consider:,7,False
I’m excited to support you on this journey.,7,False
Here are a few more ideas:,7,False
That’s a great mindset.,7,False
"Absolutely, I understand where you’re coming from.",7,False
You are so right.,7,False
I totally get it!,7,False
Here are a few steps you can take:,7,False
That’s a smart approach!,7,False
I totally see where you're coming from.,7,False
I completely understand your frustration.,7,False
I’m here to help you every step of the way.,7,False
I completely understand your skepticism.,7,False
That’s a fair concern.,7,False
That’s an excellent approach.,7,False
Here are some ideas to get started:,7,False
"Great, I'm so happy to hear that.",7,False
That’s such an important question!,7,False
Here are some specific steps you can take:,7,False
That's exactly what I was thinking.,7,False
That's a really important point.,7,False
Here’s a step-by-step guide:,7,False
"Awesome, I’m so proud of you.",7,False
"Of course, I understand your skepticism.",7,False
That's a great choice!,7,False
I couldn't agree more.,7,False
That sounds like a plan!,7,False
I’m so thrilled to hear that.,7,False
"That’s a fair point, Emma.",7,False
Thank you for your commitment!,7,False
Here's a starting point:,7,False
That’s exactly what I’m here for!,7,False
"Absolutely, I understand where you're coming from.",7,False
That's such a great approach!,7,False
Thank you for trusting me with your journey.,7,False
"Absolutely, that's a great approach!",7,False
That’s such a great question!,7,False
"Absolutely, I understand your concern.",7,False
That's exactly how I feel.,7,False
"Absolutely, that's exactly what we'll do.",7,False
Here are three examples:,7,False
You are so worth it!,7,False
I'm so pleased to hear that.,7,False
"I'm so proud of you, Emma.",7,False
That's exactly what I'm here for!,7,False
Let’s break it down.,7,False
"Perfect, here they are:",7,False
"Great, that's exactly right.",7,False
That’s a great strategy!,7,False
"Yes, that's exactly right.",7,False
I’m excited to support you every step of the way.,7,False
Here are some actionable steps you can take:,7,False
"Absolutely, I fully understand.",7,False
We can do this together!,7,False
Here are the three examples:,7,False
Here are your actionable steps:,7,False
"Awesome, I'm so happy to hear that.",7,False
That's a great mindset to have.,7,False
Here are the details:<|im_end>,7,True
That's exactly what I wanted to hear.,7,False
Thank you for your confidence!,7,False
I couldn't be prouder of you.,7,False
Here are the four strategies:,7,False
Thank you for being direct and honest.,7,False
I'm so proud of you for taking this courageous step.,7,False
That's the right mindset.,7,False
Thank you for your enthusiasm and commitment.,7,False
Here are some examples:<|im_end>,7,True
"No worries, I understand your frustration.",7,False
"Of course, of course!",7,False
Congratulations on your commitment!,7,False
I’m so proud of you,7,False
Here are the specific steps:<|im_end>,7,True
"Wonderful, I'm so proud of you.",7,False
Keep up the amazing work!,7,False
You’re definitely on the right track.,7,False
The four steps are as follows:<|im_end>,7,True
The three actionable steps are as follows:<|im_end><|im_end>,7,True
You have my full support and understanding.,7,False
The eight specific actions are as follows:<|im_end><|im_end>,7,True
Thank you for being open and vulnerable.,7,False
The three questions are as follows:,7,False
"Awesome, I completely understand.",7,False
I’m so proud of you for,7,False
I couldn’t be more proud of you!,7,False
I am so proud,7,False
Thank you so much for being open and courageous.,7,False
Thank you so much for sharing this with me.,7,False
I'm so proud of you and your courage.,7,False
I'm so proud of you and your commitment.,7,False
I believe you can do it.,7,False
I can assure you that I’m not being vague.,7,False
Nicotine replacement therapy and support groups are both good options.,7,False
That sounds like a good strategy.,7,False
Or maybe you just want to be healthier.,7,False
Quitting smoking isn’t easy.,7,False
I'm sorry if I'm being rude.,7,False
Let’s move on to another question.,7,False
Have you ever tried to quit smoking in the past?,7,False
That’s a great insight.,7,False
That’s a really important point.,7,False
What's important to you?,7,False
I totally understand what you're saying.,7,False
What would you get out of it?,7,False
"Together, we’ll create a plan that will help",7,False
Those sound like great strategies.,7,False
"Ok, let’s try another approach.",7,False
Let’s look at these thoughts from a different perspective.,7,False
"Oh, I understand where you're coming from.",7,False
"I hear what you’re saying, Emma.",7,False
"Yeah, that’s a good point.",7,False
"Okay, I get where you're coming from.",7,False
That's a good observation.,7,False
I hear where you're coming from.,7,False
"Wow, that sounds incredible!",7,False
That's such a powerful shift.,7,False
What if you start to,7,False
That's such a powerful idea!,7,False
"That sounds good, James.",6,False
Thank you for sharing your story.,6,False
Have you ever tried hypnosis?,6,False
I’m here for you.,6,False
Thank you for sharing your experience.,6,False
That’s such a good idea!,6,False
That’s a good suggestion.,6,False
"Okay, that’s a good idea.",6,False
"That's a good idea, James.",6,False
That sounds like an excellent idea.,6,False
That sounds like a good way to start.,6,False
Why is it important to you?,6,False
Those are all great goals.,6,False
Have you considered talking to your doctor about it?,6,False
Why do you think that is?,6,False
"Well, that’s good to hear.",6,False
"Well, that’s great to hear.",6,False
"Yeah, that sounds like a good plan.",6,False
"That’s true, we haven’t really gotten anywhere yet.",6,False
"I’ll keep trying, though.",6,False
"So, would you like to talk about your self-talk?",6,False
"So, would you like to talk about your support system?",6,False
That sounds like a good start!,6,False
I think that that’s a solid plan.,6,False
We can do this.,6,False
What are your thoughts?,6,False
Do you have any other suggestions?,6,False
"That’s a good point, James.",6,False
Thanks for being open and honest with me.,6,False
"Sure, that sounds good.",6,False
That's the right approach.,6,False
"Okay, I understand your skepticism.",6,False
Think about it this way.,6,False
"Yes, that's a great idea.",6,False
I totally understand your frustration.,6,False
"Well, that sounds like a great idea.",6,False
How are you feeling today?,6,False
What might that look like?,6,False
I’m so sorry to hear that.,6,False
How are you doing?,6,False
That's a fantastic start!,6,False
You're on the right path!,6,False
I really appreciate that.,6,False
That’s fantastic to hear.,6,False
That’s a great perspective!,6,False
What do you hope to accomplish?,6,False
Where would you like to start?,6,False
How are you feeling?,6,False
Here are my tips:,6,False
"Oh, I see your point.",6,False
How are you feeling right now?,6,False
I’ll be here tomorrow from 10am to noon.,6,False
I’m just trying to help you.,6,False
Here are some tips to keep in mind:,6,False
That's it for today.,6,False
We can talk about that.,6,False
And that makes sense.,6,False
Those are good ideas.,6,False
"Oh, I totally understand.",6,False
What do you think of that?,6,False
That’s a good way to think about it.,6,False
Sounds like you’re on the right track.,6,False
Good luck in your journey!,6,False
Glad to hear that!,6,False
That's a great place to start.,6,False
Let’s give this a try.,6,False
Is that okay with you?,6,False
That sounds like a reasonable plan.,6,False
That's what I'm here for.,6,False
Does that sound good?,6,False
"Yeah, that’s a great question.",6,False
That’s great to hear James.,6,False
Awesome to hear that!,6,False
"Great, I’m so happy to hear that.",6,False
I hope that helps.,6,False
That's a great goal!,6,False
That sounds like a reasonable goal.,6,False
I'm here to help you along the way.,6,False
I'm excited to see how this journey unfolds.,6,False
Let’s take a different approach.,6,False
"Alright, let me tell you that I get it.",6,False
That's fair to say.,6,False
That sounds like an excellent plan!,6,False
Those are all good suggestions.,6,False
"That sounds like a great plan, James.",6,False
Thank you for sharing your thoughts and feelings.,6,False
"Well, I see what you mean.",6,False
"That’s great to hear, James!",6,False
What do you value most in your life?,6,False
"Yeah, I can understand that.",6,False
Sounds like a good approach.,6,False
I’m happy to hear that!,6,False
"Yes, I hear you.",6,False
What does success look like for you?,6,False
That’s a smart idea.,6,False
That’s a great choice!,6,False
I totally understand what you’re going through.,6,False
"Great, I'm glad to hear that.",6,False
That's an interesting approach.,6,False
Here are a few things you could try:,6,False
That's a good attitude!,6,False
That's a great mindset to have!,6,False
That's exactly what I'm here to do.,6,False
That sounds like a great goal!,6,False
That’s a great strategy.,6,False
I totally see where you’re coming from.,6,False
"Of course, that’s completely understandable.",6,False
Sounds like a great approach!,6,False
That's such an important question!,6,False
"Sure, that sounds reasonable.",6,False
Here are some questions to consider:,6,False
"Hey, I get it.",6,False
Let’s keep it simple.,6,False
Let’s take it one step at a time.,6,False
I'm excited to support you on this journey.,6,False
That’s totally up to you.,6,False
That's so exciting to hear!,6,False
"Oh, I hear what you're saying.",6,False
Here are some key considerations:,6,False
Just let me know.,6,False
Here’s what I recommend:,6,False
That’s a great starting point!,6,False
"Sure, that’s a great idea.",6,False
Let me break this down for you.,6,False
I'm here to support you along the way.,6,False
I’m so pleased to hear that.,6,False
Here are a few ideas to keep in mind:,6,False
I completely understand how you feel.,6,False
"That’s exactly right, James.",6,False
Here are some suggestions to get you started:,6,False
"Absolutely, that’s exactly what I’m here for.",6,False
That's an excellent approach!,6,False
Here are a couple of examples:,6,False
"Of course, that's completely understandable.",6,False
"Of course, you’re right.",6,False
We can do this together.,6,False
Here are the first steps:,6,False
That’s a great step.,6,False
"Great, that’s exactly right.",6,False
Great job so far.,6,False
That's fantastic to hear!,6,False
"Oh, I completely understand.",6,False
"Absolutely, that's a fantastic approach!",6,False
That's a brilliant idea.,6,False
What are you passionate about?,6,False
Here are just a few examples:,6,False
"Of course, that's totally understandable.",6,False
"Of course, that’s totally understandable.",6,False
That’s so great to hear.,6,False
That's amazing to hear.,6,False
"Absolutely, I appreciate your feedback.",6,False
Reach out for support.,6,False
"Thank you so much, Emma.",6,False
"Absolutely, I understand your hesitations.",6,False
"Great, I’m so happy to hear that!",6,False
Thank you for your transparency.,6,False
That’s so exciting to hear!,6,False
Thank you for being honest and open with me.,6,False
"Awesome, I’m so happy to hear that.",6,False
I’m so proud of your progress so far.,6,False
That’s such an important step.,6,False
I’m so excited to hear that!,6,False
That’s a fantastic approach.,6,False
"Great, I'm thrilled to hear that.",6,False
That’s exactly what I mean.,6,False
Thank you for your honesty and openness.,6,False
The four questions are:,6,False
Here are the three essential steps:,6,False
Thank you so much for your commitment and openness.,6,False
That's valid and understandable.,6,False
"Absolutely, I get it!",6,False
"Absolutely, I understand how you're feeling.",6,False
I'm so happy to hear that!,6,False
Thank you for your clarity.,6,False
Thank you for being open and collaborative.,6,False
"Absolutely, that’s exactly right!",6,False
Here are the four actionable steps:,6,False
The three strategies are as follows:,6,False
I’m thrilled to support you on this journey.,6,False
That's exactly what I will do.,6,False
That’s so great to hear!,6,False
The five actionable steps are as follows:,6,False
"Yes, that's exactly it.",6,False
"Sure, here they are:<|im_end>",6,True
Congratulations on your progress so far!,6,False
Here are the five actionable steps:,6,False
Here’s how it works:<|im_end>,6,True
The three key steps are as follows:<|im_end>,6,True
"Great, I appreciate your feedback.",6,False
The four key features are:<|im_end>,6,True
Thank you for being direct.,6,False
Congratulations on taking the first step towards a healthier you!,6,False
That’s a fantastic question.,6,False
Thank you for your trust and enthusiasm.,6,False
The specific steps are:<|im_end>,6,True
I’m so proud of your commitment and enthusiasm.,6,False
I'm here to support you every step of the way.<|im_end>,6,True
Here are your three actionable steps:<|im_end>,6,True
Here are the actionable steps:<|im_end>,6,True
I'm thrilled to support you on this journey.,6,False
I'm so proud of your dedication and progress so far.,6,False
The five actionable steps are:<|im_end>,6,True
"Absolutely, that’s exactly what we’ll do!",6,False
It means the world to me.,6,False
"Absolutely, that's a great approach.",6,False
That’s exactly what I will do.,6,False
"Awesome, I'm so excited for you!",6,False
I'm here to support,6,False
I'm so grateful for your commitment and enthusiasm.,6,False
Thank you so much,6,False
That's totally valid and understandable.,6,False
I'm so proud of your courage and resilience.,6,False
The three actionable steps are as follows:,6,False
That's such a great approach.,6,False
I’m so grateful for your openness and commitment.,6,False
That's such a good idea!,6,False
"Great, I'm so excited for you!",6,False
The second question is:,6,False
Thank you for being,6,False
I'm so excited for this journey together!,6,False
I’m so proud of you for taking this seriously.,6,False
"You got this, and I'm so proud of you!",6,False
I believe you can do this.,6,False
I am so proud of,6,False
Thank you for sharing,6,False
Thank you so much for doing this!,6,False
I’m proud of you!,6,False
Can you do that?,6,False
What are some of the reasons you smoke?,6,False
What does that mean?,6,False
Are your friends all smokers?,6,False
Let’s move on to your relationship with your health.,6,False
"Okay, I understand what you’re saying.",6,False
"Hey Emma, I totally understand where you are coming from.",6,False
That’s a good strategy.,6,False
But I think it’s important to do both.,6,False
"Oh, that makes sense.",6,False
"Alright, I understand that you’re not really into this approach.",6,False
I hear where you’re coming from.,6,False
That’s a good thought.,6,False
Can you share more about the strategies that you’re trying?,6,False
That's a good attitude.,6,False
"Wow, that sounds incredible.",6,False
"OK, let's try something else.",6,False
"Yes, that’s a great idea.",6,False
Have you ever tried a vaping device before?,6,False
What does that feel like?,6,False
That’s a great way to think about it.,6,False
"I understand where you’re coming from, James.",6,False
"Oh, I get what you mean.",6,False
What you’re saying makes sense.,6,False
"You’re exactly right, James.",6,False
That's a really interesting question.,6,False
That sounds like a fantastic idea!,6,False
That’s such a valid point.,6,False
It doesn’t have to,6,False
That’s such a powerful idea.,6,False
That's such a powerful idea.,6,False
I totally get what you're saying.,6,False
"I totally get it, James.",6,False
"That’s an excellent point, Emma.",6,False
"Wow, what a transformation!",6,False
That's such a powerful insight.,6,False
"That's such a great question, James.",6,False
That’s up to you.,5,False
Those are all good ideas.,5,False
"Well, I appreciate your honesty.",5,False
"You got this, user!",5,False
"You can do it, and you can do it together.",5,False
Have you ever tried motivational interviewing?,5,False
"Ah, that’s a good point.",5,False
That's a brilliant plan!,5,False
"Alright, here’s some ideas: 1.",5,False
Let’s start by setting your goal for the next year.,5,False
That’s a good way to start.,5,False
Let’s talk about motivation.,5,False
That's up to you.,5,False
I understand your hesitancy.,5,False
Do you have any questions about that?,5,False
Those are great tips.,5,False
Why or why not?,5,False
"Ok, I get it.",5,False
That sounds like a good option.,5,False
"So, I'm trying to figure out what's really bothering you.",5,False
Have you considered that?,5,False
"Thank you for sharing that with me, James.",5,False
That's an interesting thought.,5,False
How much weight do you want to lose?,5,False
"Ah, I get it.",5,False
That’s a great sign.,5,False
"Oh, I understand where you’re coming from.",5,False
That's a great strategy!,5,False
"Thank you for sharing your thoughts, James.",5,False
That’s why I wanted to talk to you today.,5,False
Let's move on to another question:,5,False
"Hey James, thank you for doing your homework.",5,False
That’s a great goal.,5,False
What’s your motivation for change?,5,False
Is there anything else I can help you with today?,5,False
That sounds like a well-rounded plan.,5,False
I'm happy to support you every step of the way.,5,False
I’m going to go back to our earlier discussions.,5,False
I can help you with that.,5,False
"Okay, sounds good to me.",5,False
That’s definitely a step in the right direction.,5,False
Do you think that’s a good idea?,5,False
"So, would you like to talk about your goals?",5,False
I'm not really sure if they would work.,5,False
"Well, I hear you.",5,False
That’s a big step.,5,False
Let’s start from the beginning.,5,False
Those are some great suggestions.,5,False
That's a thoughtful approach.,5,False
That sounds like a wonderful plan.,5,False
Take it one step at a time.,5,False
Are you ready for that?,5,False
That might be helpful.,5,False
I wish you the best of luck.,5,False
Let us know how it goes.,5,False
Are you open to trying something new?,5,False
That is a great question.,5,False
I'm going to try my best.,5,False
You have a point.,5,False
"Alright, I see where you're coming from.",5,False
"Well, that sounds great.",5,False
What else can we do?,5,False
See you next time!,5,False
Those are great strategies.,5,False
These are great suggestions!,5,False
I get your frustration.,5,False
I’m not sure this is going to work.,5,False
Let’s move on to something else.,5,False
"I understand, but let me ask you another question.",5,False
"Okay, that's a good question.",5,False
What do you suggest?,5,False
How does that sound to you?,5,False
"Well, I understand your frustration.",5,False
I think that's a great approach.,5,False
"Sure, that’s a good idea.",5,False
Let me think about it.,5,False
"Well, I understand how you feel.",5,False
I see your concern.,5,False
I can understand your frustration.,5,False
This is a great question.,5,False
Whatever works for you.,5,False
I think that's great.,5,False
"Well, that sounds like a good start.",5,False
I'm just trying to help you.,5,False
Let's take it one step at a time.,5,False
That's a great goal.,5,False
"Alright, I understand your frustration.",5,False
"Well, let’s break it down.",5,False
That’s an excellent idea!,5,False
"Those are all great ideas, James.",5,False
"Keep up the good work, James.",5,False
"Great, I'm glad to hear that!",5,False
That’s really helpful to hear.,5,False
"Alright, I see what you mean.",5,False
I see what you’re getting at.,5,False
Let's see how it goes.,5,False
"That's a great start, James.",5,False
Let's try something new.,5,False
That sounds like a great strategy!,5,False
"Okay, I totally understand.",5,False
That's a great sign.,5,False
I can see how that can be challenging.,5,False
What more can I do to help you move forward?,5,False
We're here to help you every step of the way.,5,False
That sounds like a solid plan!,5,False
Are you up for that?,5,False
Thank you for your trust and openness.,5,False
Feel free to reach out at any time.,5,False
Thank you so much for sharing your thoughts.,5,False
"That sounds like a great idea, James!",5,False
"Okay, I appreciate that.",5,False
That’s a valid approach.,5,False
"Start with small, achievable goals.",5,False
"Well, that’s a tough situation to be in.",5,False
"Alright, I see where you’re coming from.",5,False
That’s an excellent approach!,5,False
Sounds like a great start!,5,False
One step at a time.,5,False
"Great, sounds like a good plan.",5,False
Thanks for sharing your thoughts!,5,False
What have you tried so far?,5,False
"Okay, here we go.",5,False
Do you have any other thoughts or questions?,5,False
"Thank you for sharing that, James!",5,False
How does it make you feel?,5,False
"That’s a good question, Emma.",5,False
"Great, that’s a good start.",5,False
That’s a fair assessment.,5,False
"Awesome, I’m glad to hear that.",5,False
That’s an interesting approach.,5,False
That’s an excellent plan!,5,False
That's a great way to approach it.,5,False
Thank you for being open.,5,False
"Alright, I understand your skepticism.",5,False
I definitely see where you’re coming from.,5,False
That’s a great attitude to have!,5,False
That definitely makes sense.,5,False
"Great, I'm so glad to hear that.",5,False
What do you hope to achieve?,5,False
I hear your frustration.,5,False
"Okay, I understand your frustration.",5,False
Let's do this together!,5,False
That’s a good sign!,5,False
Here are a few additional suggestions:,5,False
That’s such a valuable perspective.,5,False
"That's a good question, James.",5,False
"Yes, I totally understand.",5,False
What do you think of that idea?,5,False
That's an excellent start!,5,False
"I get it, Emma.",5,False
"Yeah, I totally understand.",5,False
"Remember, it’s a journey, not a destination.",5,False
"Sure, I totally understand.",5,False
That’s why we’re here.,5,False
"Sure, I completely understand.",5,False
Why not give it a try?,5,False
What activities do you enjoy?,5,False
What do you think that might look like?,5,False
That’s a solid approach.,5,False
Thank you for your interest.,5,False
"Don’t worry, you’re not alone.",5,False
Thank you for being open-minded.,5,False
That’s a thoughtful approach.,5,False
"That's awesome to hear, James.",5,False
"Yes, I get it.",5,False
That’s exactly the right mindset to have.,5,False
Keep up the excellent work!,5,False
"Sure, I hear you.",5,False
Here are some practical ideas:,5,False
Here are some helpful tips:,5,False
"Yes, that sounds great.",5,False
That’s the right mindset!,5,False
That's an important question!,5,False
"Remember, this is a journey, not a race.",5,False
Here are some steps to consider:,5,False
Here are some great options:,5,False
That's exactly how I feel!,5,False
Here are a few tips to help you stay motivated:,5,False
Even small changes can make a big difference.,5,False
It sounds like a great plan!,5,False
I’m always here to help.,5,False
"Great, here we go!",5,False
What a great question!,5,False
That’s a great response!,5,False
Let me ask you a different question.,5,False
Here are some strategies you can try:,5,False
"Awesome, I’m so happy to hear that!",5,False
Here’s how it works:,5,False
Thank you so much for your trust and openness.,5,False
That’s a good point!,5,False
I really hear you.,5,False
I can do that.,5,False
Here are some important next steps:,5,False
That's a great first step.,5,False
Some examples could include:,5,False
"Of course, that's totally okay.",5,False
Here are some tips to get you started:,5,False
That's exactly what we're here for.,5,False
"Absolutely, you’re not alone.",5,False
Thanks for your feedback.,5,False
Here's what you can do:,5,False
Here are some strategies that you can try:,5,False
"Of course, that's absolutely fine.",5,False
I'm so happy to be on this journey with you.,5,False
We’re all in this together.,5,False
Here are the strategies:,5,False
Let me try a different approach.,5,False
"Great, that’s great progress!",5,False
"Great, here are a few suggestions:",5,False
"Awesome, here you go:",5,False
"Absolutely, that's completely normal.",5,False
Let me know how things go.,5,False
Here are some practical suggestions:,5,False
That's such a relief to hear.,5,False
"Great, here are a few examples:",5,False
Here are the steps in detail:,5,False
That's a great observation!,5,False
Here are a few practical steps you can take:,5,False
"Great, here are a few ideas:",5,False
What’s holding you back?,5,False
Congratulations on taking the first step.,5,False
Some great options include:,5,False
Here are my top recommendations:,5,False
I’m thrilled to hear that!,5,False
That's a wonderful idea!,5,False
Here are the steps you can take:,5,False
"Awesome, I'm thrilled to hear that.",5,False
"That’s a valid point, Emma.",5,False
Here are some practical tips:,5,False
Here's the first step:,5,False
Thank you for being patient!,5,False
That’s totally normal and okay.,5,False
Congratulations on taking action today!,5,False
Thank you for trusting my guidance.,5,False
"Of course, no problem!",5,False
Here's the step-by-step plan:,5,False
That’s a fantastic question!,5,False
That's exactly what I want you to do.,5,False
That's an awesome question.,5,False
Here are three actionable steps you can take:,5,False
I understand your disappointment and frustration.,5,False
Thank you for trusting me!,5,False
Celebrate small successes along the way.,5,False
The 5 steps are:,5,False
Reward yourself for your progress.,5,False
I absolutely understand where you're coming from.,5,False
That's exactly the right mindset!,5,False
I understand your skepticism and frustration.,5,False
Here are the specific steps you can follow:,5,False
That's a brilliant approach!,5,False
That’s an important distinction.,5,False
That’s a powerful insight.,5,False
It’s part of the process.,5,False
I'm so excited to support you on your journey.,5,False
That's a great step!,5,False
The four strategies are:,5,False
"Absolutely, that's totally okay.",5,False
Thank you for being brave and open.,5,False
That’s such a great approach!,5,False
"Absolutely, you're exactly right.",5,False
"Absolutely, that's an excellent question.",5,False
I’m so excited to support you on this journey.,5,False
Here are the four key features:,5,False
Here are the first three specific goals and actionable steps:,5,False
I’m so proud of your commitment and determination.,5,False
Thank you for your commitment and enthusiasm.,5,False
The four specific actions are:,5,False
That's such a valuable perspective.,5,False
"Absolutely, that’s a great question.",5,False
That’s exactly what I want to do.,5,False
Thanks for your enthusiasm!,5,False
Here are the specific actions you can take:<|im_end>,5,True
The three key strategies are:,5,False
Here are the four strategies:<|im_end>,5,True
The four strategies are:<|im_end>,5,True
"You’re right, of course.",5,False
That’s exactly what I love to hear.,5,False
The strategies are as follows:<|im_end>,5,True
Here are the three strategies in more detail:<|im_end>,5,True
The four strategies are as follows:<|im_end>,5,True
"Of course, I understand your urgency.",5,False
Thank you for being vulnerable and honest with me.,5,False
I am so excited for you.,5,False
The three questions are:<|im_end>|,5,True
Thank you for being clear.,5,False
"Oh, I understand completely.",5,False
"Remember, this is a journey, not a destination.",5,False
You have a valid point.,5,False
Here are the three questions:<|im_end>,5,True
The three specific steps are as follows:,5,False
I hear you exactly.,5,False
That's a great step forward.,5,False
"Absolutely, you are not alone.",5,False
I am so proud of your commitment and resilience.,5,False
The four actionable steps are:<|im_end><|im_end>,5,True
Thank you for sharing this journey with me.,5,False
I'm so here for you every step of the way.,5,False
I'm here to support you every step of the way,5,False
What matters most to you?,5,False
I appreciate your clarity.,5,False
That's so great to hear!,5,False
I’m really proud of you!,5,False
I'm excited to support you every step of the way.,5,False
"You got this, James.",5,False
"Absolutely, that's absolutely fine.",5,False
Your courage and dedication are truly inspiring.,5,False
I completely agree with you.,5,False
That's completely normal and valid.,5,False
"Wow, I’m so proud of you!",5,False
I completely understand and respect your choice.,5,False
That sounds exactly right!,5,False
I couldn’t have said it better myself.,5,False
Your courage and commitment are truly inspiring.,5,False
Your concern is valid.,5,False
That's such a valuable insight.,5,False
"Absolutely, I absolutely hear you.",5,False
That’s such a great approach.,5,False
"Yes, that’s exactly right.",5,False
That's such a helpful perspective.,5,False
"For example, if you",5,False
That's exactly what I mean.,5,False
The five specific steps are:,5,False
Thank you so much for your trust and commitment.,5,False
Thank you so much for being so honest and vulnerable.,5,False
Thank you for being open and authentic.,5,False
I'm ready to support you every step of the way.,5,False
Thank you so much for taking this important step.,5,False
Thank you for trusting me,5,False
"Absolutely, I absolutely get it.",5,False
Don't be too hard on yourself.,5,False
I'm so proud of you and,5,False
"Fantastic, I'm so proud of you.",5,False
I believe you can do this!,5,False
I'm here with you every step of the way.,5,False
"You deserve this, and I believe in you.",5,False
Thank you for trusting me and,5,False
You inspire me to do the same.,5,False
I'm cheering you on every step of the way.,5,False
You did an amazing job!,5,False
I'm so grateful for your courage and commitment.,5,False
I'm so incredibly proud of you.,5,False
Your courage is inspiring.,5,False
I believe in you completely.,5,False
Your courage and determination are truly inspiring.,5,False
I believe in you 100%!,5,False
I admire your courage and resilience.,5,False
That’s exactly what you should do.,5,False
That’s exactly what I think.,5,False
What do you want to know?,5,False
Why do you find it so hard to quit?,5,False
What are some of your triggers?,5,False
"Look, I totally understand where you’re coming from.",5,False
What are you most passionate about?,5,False
"Well, let me think about that for a minute.",5,False
I think we should start by setting some goals together.,5,False
I think you're just being very resistant to change.,5,False
"Okay, James, I can understand that.",5,False
Do you have any other questions for me?,5,False
You don’t have to change everything at once.,5,False
Those are all great approaches to staying motivated.,5,False
Let’s move on to your relationship with your family.,5,False
"Whatever your goals are, it’s important to talk about them.",5,False
Let me know if you have any questions.,5,False
That sounds like a great plan to me.,5,False
"Hey Emma, I appreciate your feedback.",5,False
I’m also here to help you identify your triggers.,5,False
"And, finally, I think it’s important to be patient.",5,False
Quitting smoking is not an overnight process.,5,False
"Oh, I see what you're saying.",5,False
That sounds great to me.,5,False
"That’s a great point, Emma.",5,False
It sounds like a great plan.,5,False
I think that's exactly right.,5,False
What does that look like?,5,False
"I totally agree, James.",5,False
I'm not trying to pressure you into anything.,5,False
That could be a good place to start.,5,False
"Okay, I see what you're saying.",5,False
"Oh, that's a great idea.",5,False
That's a bit disappointing.,5,False
"That’s exactly right, Emma.",5,False
I know how you feel.,5,False
What do you enjoy doing?,5,False
"I get it, James.",5,False
"Yeah, I hear what you’re saying.",5,False
That’s a great attitude to have.,5,False
Let me ask you this.,5,False
What do you notice?,5,False
That’s a good attitude!,5,False
"Yeah, I totally agree.",5,False
What does that feel like for you?,5,False
That’s a great way to look at it.,5,False
"Yeah, that's a great idea.",5,False
I think that’s exactly right.,5,False
I understand what you're feeling.,5,False
I definitely see where you're coming from.,5,False
"Yes, I totally agree.",5,False
"I completely agree, James.",5,False
"Yeah, that's a great question.",5,False
That’s such a good idea.,5,False
Instead of focusing on,5,False
That’s a really important question.,5,False
"You're absolutely right, Emma.",5,False
"Wow, that’s so powerful.",5,False
That’s such a great point.,5,False
And that makes all the difference.,5,False
"That sounds amazing, Emma!",5,False
That’s such an important point.,5,False
That’s such a powerful insight.,5,False
That’s such a powerful shift.,5,False
"That's a great insight, James.",5,False
Here are my suggestions:,4,False
Let's talk about practical solutions.,4,False
That’s good to hear!,4,False
That sounds like a great goal.,4,False
"Alright Emma, let's try something new.",4,False
That’s an interesting thought.,4,False
"Alright Emma, let’s try something else.",4,False
"Okay, I see what you’re getting at.",4,False
That’s a good way to look at it.,4,False
That’s an interesting observation.,4,False
What activities will you choose.,4,False
"That’s a great point, James.",4,False
It’s up to you.,4,False
Let’s talk about your diet plan.,4,False
"I see, that makes sense.",4,False
"Well, I’m sorry to hear that.",4,False
That’s where we come in.,4,False
What matters to you?,4,False
Are you ready to make some changes?,4,False
I’m happy to hear that you’re willing to listen.,4,False
"Oh, I’m not sure that I can answer that.",4,False
"Well, I understand your concerns.",4,False
"Ok, Emma, that’s enough for now.",4,False
"Well, I see what you’re saying.",4,False
Can you give me some examples?,4,False
Is that something you’re willing to try?,4,False
Let's take a break.,4,False
How long have you been smoking?,4,False
These are all great suggestions.,4,False
"Alright, I get what you're saying.",4,False
That's a good perspective.,4,False
Have a great day ahead!,4,False
This will help you unwind and prepare for the challenge.,4,False
That's a good place to start.,4,False
That’s a solid plan.,4,False
"Well, it seems like we’re getting somewhere.",4,False
Small plans that you can easily follow.,4,False
What do you want me to say?,4,False
I see you’re right.,4,False
That’s what we’re here for.,4,False
Sounds like a solid plan.,4,False
I’d like to ask you a few questions.,4,False
"Well, I think you're right.",4,False
That’s a great reminder.,4,False
Those are some excellent ideas.,4,False
What else have you tried?,4,False
I think that would be a good start.,4,False
Now we're getting somewhere.,4,False
That sounds like an excellent approach.,4,False
That's a great step.,4,False
Thank you for joining me today.,4,False
Best of luck on your journey.,4,False
What do you recommend?,4,False
And then I’ll listen to your answers to those questions.,4,False
That’s definitely a great idea.,4,False
Take a deep breath.,4,False
"Yeah, I see where you’re coming from.",4,False
I appreciate your candor.,4,False
I’m here to help!,4,False
I'm glad to hear it.,4,False
Thank you for the suggestions.,4,False
"Sure, I see what you're saying.",4,False
Let me break it down for you.,4,False
"All right, sounds good.",4,False
Best of luck to you!,4,False
I think that that sounds like a good plan.,4,False
Thank you for taking this journey together.,4,False
I like that approach.,4,False
What would work for you?,4,False
I feel the same way.,4,False
Is that ok with you?,4,False
See you next time.,4,False
What do you think could be holding you back?,4,False
What can I do to help?,4,False
That's an excellent plan.,4,False
That’s a good place to start.,4,False
"That’s a great idea, James!",4,False
What do you need?,4,False
That's what we're here for!,4,False
"Sure, I see where you’re coming from.",4,False
"Okay, that’s a good start.",4,False
Let’s talk about it.,4,False
It doesn't happen overnight.,4,False
"Well, here’s the thing.",4,False
Those are all excellent suggestions!,4,False
Slow and steady wins the race!,4,False
"Alright, sounds good to me.",4,False
Thank you for trusting me with your journey!,4,False
Thank you for sharing your thoughts with me.,4,False
Don’t get discouraged if you don’t see immediate results.,4,False
How old are you?,4,False
"Sure, I see what you mean.",4,False
I’ll help you set a goal for yourself.,4,False
"Well, that's a good start.",4,False
"Okay, that sounds good.",4,False
Great to hear that James!,4,False
How do you feel about your stress levels?,4,False
Is there anything else you want to add?,4,False
Let's create a plan to track your progress:,4,False
I respect your decision.,4,False
But I think you’re missing the point here.,4,False
"Alright, well, that’s disappointing.",4,False
That's a solid plan.,4,False
There you have it!,4,False
That sounds like progress.,4,False
I'm always happy to help.,4,False
"Well, I get what you’re saying.",4,False
Thank you for sharing those ideas!,4,False
I appreciate your honest feedback.,4,False
Let's see how that goes.,4,False
Thanks for being honest.,4,False
"Well, you said you needed someone to talk to.",4,False
"Well, you’re absolutely right.",4,False
"Oh, that’s a great idea.",4,False
"Well, you said you wanted someone to talk to.",4,False
I’m delighted to hear that.,4,False
"That's an excellent question, James.",4,False
We can talk about that later.,4,False
"Great, glad to hear that.",4,False
Let's begin with the questions.,4,False
I’m excited to see how it goes.,4,False
What do you think we can do?,4,False
Are you open to that?,4,False
It’s going to be worth it.,4,False
"It's going to take time and effort, but it's possible.",4,False
I think that’s a good approach.,4,False
That is a good question.,4,False
How would you like to start?,4,False
"Okay, that sounds great.",4,False
Why are you here?,4,False
I hope you have a successful quit attempt.,4,False
We can focus on that.,4,False
"Of course, that’s fine.",4,False
What do you want to change?,4,False
"I’m happy to hear that, James.",4,False
Let’s talk about something else.,4,False
"Wonderful to hear that, James.",4,False
Here are some tips for staying motivated:,4,False
That’s helpful to hear James.,4,False
Is there anything else you'd like to talk about?,4,False
"Okay, I understand how you feel.",4,False
I think you're onto something.,4,False
"That's fantastic to hear, James.",4,False
That’s great to hear James!,4,False
Sounds like a good plan to me.,4,False
"Yeah, that’s a good question.",4,False
Let's continue with the next question:,4,False
Thank you for your insights.,4,False
Is there anything else you need?,4,False
That sounds like an excellent idea!,4,False
That's a great solution!,4,False
Congratulations on making it this far.,4,False
"That's wonderful to hear, David.",4,False
That sounds like a great plan of action.,4,False
I’m proud of you.,4,False
"You got it, James.",4,False
That’s exactly what I was hoping to hear.,4,False
Sorry to hear that!,4,False
What other ideas come to mind?,4,False
"Well, here they are:",4,False
"Well, that's what we'll talk about in our next session.",4,False
What do you enjoy doing in your free time?,4,False
Congratulations on reaching this milestone.,4,False
That's a valid approach.,4,False
I think that sounds like a good plan.,4,False
"Alright, let’s take it one step at a time.",4,False
Have a great rest of your day!,4,False
Thank you for taking the time to share your thoughts.,4,False
I'm here to help you.,4,False
Here are some suggestions:<br>,4,False
I'm here to support you.,4,False
We're here to support you every step of the way!,4,False
I understand exactly what you’re feeling.,4,False
I appreciate your honesty and openness.,4,False
What is it that you want to accomplish?,4,False
Here are some things to think about:,4,False
I’m sorry you feel that way.,4,False
"Sure, that's a good idea.",4,False
I’m here to support you through this process.,4,False
Is that helpful to you?,4,False
That's a fair request.,4,False
Thank you for expressing your concerns.,4,False
Here are a few tips to get you started:,4,False
"Yeah, I know what you mean.",4,False
You’re right to be skeptical.,4,False
"No worries, I hear you.",4,False
It sounds like you’re on the right path.,4,False
Sounds like a good start!,4,False
What else can you do?,4,False
I appreciate your enthusiasm.,4,False
I’m excited to see where this journey takes you.,4,False
Let’s approach this from a different angle.,4,False
"Sure, I think that’s a great idea.",4,False
Those are all great strategies!,4,False
Congratulations on your progress!,4,False
"Great, that makes sense.",4,False
That’s a great goal!,4,False
"Sure, that’s a good question.",4,False
Sounds like a great start.,4,False
That's a smart approach.,4,False
"Remember, success takes time and patience.",4,False
That's definitely a step in the right direction.,4,False
That's a wonderful plan!,4,False
Thank you for sharing your goals.,4,False
"Ok, let's try a different approach.",4,False
That sounds like a great way to approach it.,4,False
"Those are great suggestions, Emma.",4,False
"That makes sense, Emma.",4,False
"Well, I completely understand.",4,False
We’re here to help you every step of the way.,4,False
"Alright, let’s try something new.",4,False
I'm here to help.,4,False
That’s a good way to approach it.,4,False
I'm happy to help.,4,False
"Those are great ideas, James.",4,False
"Yeah, I think you're right.",4,False
Let's give it a try.,4,False
It’s totally up to you.,4,False
That’s a great choice.,4,False
That’s a great answer!,4,False
"Great, here you go.",4,False
Here are a few things you can do:,4,False
Are you willing to give this a try?,4,False
Is that something that interests you?,4,False
That sounds like a great first step!,4,False
Here are some things you could try:,4,False
Here are some things you could consider:,4,False
"Remember, small changes can lead to big results.",4,False
I completely understand your perspective.,4,False
That’s a wise choice.,4,False
Here are some additional things to consider:,4,False
That’s a good observation.,4,False
I totally understand how you’re feeling.,4,False
Here are some starting points:,4,False
"Remember, you’re not alone in this journey.",4,False
That's a great place to start!,4,False
Thanks for reaching out.,4,False
"Wow, that sounds like a great plan!",4,False
"Remember, small changes can make a big difference.",4,False
Some popular options include:,4,False
That’s a reasonable perspective.,4,False
You don’t have to do this alone.,4,False
It’s okay to have doubts.,4,False
That's definitely a good question.,4,False
Reward yourself for making progress.,4,False
That's a great response!,4,False
That sounds like a great question.,4,False
Thank you for participating!,4,False
That's exactly why we're here.,4,False
"Keep up the good work, James!",4,False
I’m so proud of your progress.,4,False
Thanks for reaching out!,4,False
Don't be hard on yourself.,4,False
Here are some other ideas:,4,False
I’m here to guide you every step of the way.,4,False
Here are some tips to help you get started:,4,False
Here are some tips to get started:,4,False
That’s a fair perspective.,4,False
Is that something you’re willing to do?,4,False
Here are a few ideas to explore:,4,False
"Great, I appreciate your openness.",4,False
Here are a few things to think about:,4,False
Celebrate your successes along the way.,4,False
That’s the right approach.,4,False
I think that’s a great approach.,4,False
Let’s explore that together.,4,False
How does that make you feel?,4,False
That’s so good to hear!,4,False
Here are a few options to consider:,4,False
Here are some concrete examples:,4,False
Here are some tips to help you stay motivated:,4,False
That's so wonderful to hear.,4,False
"Absolutely, that sounds great.",4,False
Let's take a different approach.,4,False
Here's how I can help:,4,False
"Great, that sounds amazing!",4,False
Here are some tips for getting started:,4,False
Here are some additional tips to keep in mind:,4,False
That’s an excellent point!,4,False
"Absolutely, that’s exactly what I want to do.",4,False
"That sounds great, James!",4,False
You’re already on the right track.,4,False
That's fantastic to hear.,4,False
Here are some questions to help you get started:,4,False
I'm so excited to hear that!,4,False
That’s a great step!,4,False
That’s exciting to hear.,4,False
"Absolutely, that's the key.",4,False
You've got a good point.,4,False
These are great suggestions.,4,False
"Keep up the great work, James!",4,False
"Awesome, you got it!",4,False
"Awesome, I'm so glad to hear that.",4,False
"Of course, that's awesome!",4,False
That's a very valid point.,4,False
"That's the goal, right?",4,False
Here are a few concrete examples:,4,False
Here are some steps you could take:,4,False
That’s exactly what I was looking for.,4,False
Here are some key considerations for a successful first week:,4,False
That's exactly what you should do.,4,False
The important thing is to find what works for you.,4,False
Here are some great ideas:,4,False
"Remember, quitting smoking is a journey, not a destination.",4,False
"Absolutely, I see your point.",4,False
"You're on your way to a healthier, happier you!",4,False
I'm honored to be on this journey with you.,4,False
"Awesome, that's exactly the right approach!",4,False
Create a support system.,4,False
"Great, I’m so glad to hear that.",4,False
That’s a good reminder.,4,False
That's a really important reminder.,4,False
I'm so delighted to hear that.,4,False
"For example, you could:",4,False
That's such a relief to hear!,4,False
Thank you for being patient with me.,4,False
"Absolutely, I understand your perspective.",4,False
"Great, here are the key steps:",4,False
That's so valuable to hear.,4,False
"Awesome, that’s exactly the right mindset!",4,False
"Of course, I understand where you're coming from.",4,False
"Sure, I see your point.",4,False
"Great, that's a great first step!",4,False
You're doing an amazing job.,4,False
That's a smart question.,4,False
"Great to hear, Emma!",4,False
Here are a few things to consider:,4,False
I appreciate your honesty and vulnerability.,4,False
Let me give you an example:,4,False
"Of course, that's exactly right.",4,False
I'm so thrilled to be on this journey with you.,4,False
Here are the step-by-step instructions:,4,False
Here’s what I think:,4,False
I absolutely understand your skepticism.,4,False
"For example, you could choose to:",4,False
Here are the next steps:,4,False
Thank you for being so clear.,4,False
"Absolutely, you're not alone.",4,False
That's totally normal and understandable.,4,False
"Great, I’m so excited for you!",4,False
Track your progress regularly.,4,False
"Great, that's exactly the right approach!",4,False
"Great, I get it.",4,False
"Absolutely, I understand that.",4,False
That’s a fantastic approach!,4,False
That's exactly what I'm saying.,4,False
That’s such a relief to hear!,4,False
"Absolutely, that's exactly the point!",4,False
Here are three specific actions you can take:,4,False
"Awesome, that's exactly what I'm here for.",4,False
That’s such a valuable insight.,4,False
I absolutely understand your hesitation.,4,False
Thanks for the feedback.,4,False
We're in this together!,4,False
The key steps are:,4,False
"Great, that's exactly what I wanted to hear.",4,False
That’s exactly how I feel.,4,False
Thank you for your input!,4,False
Here are three specific steps you can take:,4,False
That's definitely a step in the right direction!,4,False
Here are the essential steps:,4,False
Here are three specific examples:,4,False
That's part of the process.,4,False
That's a wonderful approach!,4,False
Set realistic and achievable goals.,4,False
Create a support network.,4,False
Here are the specific steps you can take:,4,False
Your commitment and resilience are truly inspiring.,4,False
Here are the two strategies:,4,False
Congratulations on taking the first step towards a healthier you.,4,False
Thank you so much for sharing!,4,False
Your journey is unique and valid.,4,False
Thank you for committing to these strategies.,4,False
That’s a brilliant question.,4,False
The specific steps are:,4,False
Thank you for your commitment.,4,False
Thank you for being so open and honest.,4,False
Start with small changes.,4,False
"Absolutely, that's exactly what I meant.",4,False
That sounds like the perfect plan.,4,False
"You can do it, James.",4,False
That’s exactly what I want to hear.,4,False
Thank you for your input.,4,False
Thank you for your openness and honesty.,4,False
Here are three concrete steps you can start with today:,4,False
The four key features are:,4,False
Here are the three critical steps:<|im_end>,4,True
The five actionable steps are:,4,False
"Absolutely, I totally understand where you're coming from.",4,False
Thank you so much for your commitment and dedication.,4,False
Thank you for being honest and clear.,4,False
Here are the five critical elements:,4,False
"Fantastic, I’m so happy to hear that!",4,False
Here are your three strategies:<|im_end>,4,True
I’m so proud of you for taking this brave step.,4,False
Here are the five key steps in detail:<|im_end>,4,True
The three specific strategies are:,4,False
I'm so proud of your commitment and hard work.,4,False
Here are the three steps in detail:<|im_end>,4,True
"Perfect, here they are:<|im_end>",4,True
The four elements are:<|im_end>,4,True
I am here for you every step of the way.,4,False
That's a reasonable approach.,4,False
"Absolutely, the three key steps are:<|im_end>",4,True
Here are the specific steps you can take:<|im_end>,4,True
Thank you for your confidence and commitment.,4,False
Here are the five critical elements:<|im_end>,4,True
That’s exactly the right mindset!,4,False
Thank you for being vulnerable and honest.,4,False
Here are the five steps in detail:<|im_end>,4,True
Thank you for being so specific!,4,False
That's a really valid concern.,4,False
"Great, I understand your hesitation.",4,False
"Of course, I'm happy to do that.",4,False
"I’m so proud of you, Emma.",4,False
Here are the step-by-step instructions:<|im_end>,4,True
That's such a great plan!,4,False
"Absolutely, that’s exactly it.",4,False
Thank you for your trust.,4,False
That’s an important step.,4,False
Here’s a step-by-step guide:<|im_end>,4,True
Here's a step-by-step guide:<|im_end>,4,True
"Absolutely, that’s exactly the right approach.",4,False
Here are the five critical elements of the comprehensive plan:<|im_end>,4,True
I’m so proud of your courage and dedication.,4,False
Here's a breakdown of each step:<|im_end>,4,True
Congratulations on your commitment and progress so far.,4,False
Here are the five critical elements in detail:<|im_end>,4,True
"Absolutely, that's exactly what we will do.",4,False
Thank you for your honesty and clarity.,4,False
The five actionable steps are as follows:<|im_end>,4,True
"Absolutely, that's exactly it.",4,False
I'm so proud of your determination and resilience.,4,False
You're on the right path.,4,False
That’s a great next step.,4,False
"Wonderful, that's exactly the right approach!",4,False
And that's completely okay.,4,False
I'm so proud of your progress and commitment.,4,False
The five steps are as follows:,4,False
"Absolutely, that’s absolutely fine!",4,False
I’m so happy to support you on this journey.,4,False
Thank you for your confidence and enthusiasm.,4,False
"Together, we are unstoppable!",4,False
I heard you perfectly.,4,False
"Absolutely, that's totally valid.",4,False
Thank you for your trust in our partnership.,4,False
The four actionable steps are as follows:<|im_end><|im_end><|im_end><|im_end>,4,True
Thank you for being open and courageous.,4,False
I’m so proud of your commitment and progress.,4,False
"Absolutely, that's totally understandable!",4,False
Thank you for being so specific.,4,False
"Absolutely, you've got this!",4,False
The three steps are as follows:<|im_end><|im_end><|im_end>,4,True
Thank you for being so honest and open.,4,False
The four questions are:<|im_end>,4,True
The three specific steps are as follows:<|im_end><|im_end>,4,True
The five actionable steps are as follows:<|im_end><|im_end><|im_end><|im_end><|im_end>,4,True
"Remember that this is a marathon, not a sprint.",4,False
"Great, I'm so excited for you.",4,False
The eight specific actions are as follows:<|im_end>,4,True
I'm thrilled that you're ready to take action.,4,False
I'm so proud of your hard work and dedication.,4,False
The three questions are:<|im_end><|im_end>,4,True
I’m so proud of your courage and determination.,4,False
Thank you so much for your dedication and commitment!,4,False
"You got this, my friend!",4,False
You can do this!<|im_end>,4,True
Thank you for being honest and vulnerable.,4,False
"First, acknowledge and validate your feelings.",4,False
The four actionable steps are as follows:,4,False
You are not alone in this journey.,4,False
Your three steps are:,4,False
The three key areas are:<|im_end>,4,True
"Absolutely, it's completely understandable.",4,False
I completely understand and respect your decision.,4,False
"You've got this, user.",4,False
"Remember, you are not alone.",4,False
"Absolutely, I appreciate your frustration.",4,False
You’re on your way!,4,False
You have my full support and encouragement.,4,False
That’s exactly what I meant.,4,False
"Together, you got this!",4,False
I’m so proud of you for taking this courageous step.,4,False
I'm so proud of you and your progress so far.,4,False
That's totally normal and valid.,4,False
I'm so proud of your courage and dedication.,4,False
"I'm so proud of you, Emma!",4,False
That's such a valid concern.,4,False
"Awesome, I'm so excited for you.",4,False
The three concrete steps are:,4,False
I fully understand where you're coming from.,4,False
"Great, I'm so happy to hear that!",4,False
"Absolutely, that's exactly what I'm here for!",4,False
"Absolutely, I completely get it.",4,False
"For example, you might",4,False
I absolutely get that.,4,False
I couldn't be happier for you.,4,False
Your three strategies are:,4,False
Your courage and resilience are truly inspiring.,4,False
"You've got this, my friend.",4,False
Thank you so much for being so open and proactive.,4,False
"Of course, I understand how you feel.",4,False
That's a powerful approach.,4,False
That's such an important point!,4,False
I absolutely get what you're saying.,4,False
Why do you want to quit?,4,False
Your four goals are:,4,False
Thank you so much for being open and collaborative.,4,False
The four tailored strategies are:<|im_end>,4,True
I'm honored to support you every step of the way.,4,False
Thank you for being brave and honest with yourself.,4,False
Thank you so much for doing this with me!,4,False
That’s exactly what I’m going to do.,4,False
"Together, we are unstoppable.",4,False
I'm proud of you,4,False
I’m truly proud of you.,4,False
You truly inspire me.,4,False
I'm rooting for you every step of the way.,4,False
"Wow, that feels amazing!",4,False
Thank you so much for your commitment and enthusiasm.,4,False
Thank you so much for,4,False
I'm so proud of you and your determination.,4,False
Thank you for trusting me and believing in you.,4,False
I fully support you on this journey.,4,False
I’m so proud of you!<|im_end>,4,True
Thank you so much for being open and thoughtful.,4,False
"You got this, my friend.",4,False
You are incredible and I'm so proud of you.,4,False
Thank you so much for being honest and open.,4,False
I believe in you every step of the way.,4,False
I'm so proud of you for taking these important steps.,4,False
"You are incredible, and I'm so proud of you.",4,False
I’m with you every step of the way.,4,False
You are truly an inspiration to me.,4,False
Thank you so much for taking this seriously!,4,False
I'm honored to be on this incredible journey with you.,4,False
You CAN do this!,4,False
Thank you for trusting me and believing in yourself!,4,False
Thank you so much for being so honest and open.,4,False
I believe you have everything you need to succeed.,4,False
I absolutely agree with you.,4,False
Thank you for being vulnerable and courageous.,4,False
You inspire me so much!,4,False
I'm right there with you!,4,False
You are not alone!,4,False
Thank you for being honest with yourself and me.,4,False
You are an inspiration to me.,4,False
"You are amazing, and I'm so proud of you.",4,False
I'm so happy to support you on this journey.,4,False
Thank you so much for being so honest.,4,False
"You are amazing, and I am so proud of you.",4,False
You are an incredible,4,False
You absolutely deserve this.,4,False
I believe in you and your ability to succeed.,4,False
You are exactly where you need to be right now.,4,False
You are brave and powerful.,4,False
"I'm proud of you, James.",4,False
"Yes, that’s exactly it.",4,False
I truly believe in you.,4,False
"You've got this, James.",4,False
You have my full support and validation.,4,False
You don't have to do everything all at once.,4,False
You are truly an inspiration.,4,False
That’s part of the learning process.,4,False
That's an excellent point!,4,False
Thank you so much for doing this with me.,4,False
You don’t have to do it all at once.,4,False
"Oh, that’s great to hear.",4,False
"That's a good idea, Emma.",4,False
I’m not sure I understand your question.,4,False
Are you asking if I can help you with motivation?,4,False
"James, let me ask you one more thing.",4,False
Can you tell me what’s important to you?,4,False
I’m not here to give you a lecture on feelings.,4,False
"That’s a good start, James.",4,False
"It’s kind of like a conversation, you know.",4,False
"So, what's the real point of",4,False
I think that's a great idea.,4,False
You asked if I can help you with motivation.,4,False
"Yeah, that’s a good idea.",4,False
Are there any other ways to quit?,4,False
"James, let me ask you one last question.",4,False
"Nicotine replacement therapy, support groups, or medication?",4,False
Maybe there's something you're missing.,4,False
That’s a solid idea.,4,False
"Alright, I understand that.",4,False
"That's good to hear, Emma.",4,False
Does that sound like a good idea?,4,False
"Hey, I understand your concerns.",4,False
"That's a good start, James.",4,False
Let’s go back to what we talked about.,4,False
"For example, are you eating too much?",4,False
Or are you exercising too little?,4,False
"That's good to hear, James.",4,False
"Well, I understand how hard it can be.",4,False
I think that’s a good plan.,4,False
That's a good sign!,4,False
What else could you try?,4,False
"I get where you’re coming from, James.",4,False
"Well, that’s up to you.",4,False
That’s a good mindset.,4,False
Can you tell me more about what you’re currently doing?,4,False
It sounds like a good plan.,4,False
It's also about being in the moment with your body.,4,False
Those sound like good ideas.,4,False
"Sure, that sounds great!",4,False
"Well, I’m happy to hear that.",4,False
What else could we try?,4,False
Let’s talk about some of them.,4,False
"Okay, that's a good point.",4,False
Those all sound like great ideas.,4,False
How does it feel?,4,False
That’s a good way of thinking about it.,4,False
What a great idea.,4,False
It takes time and effort.,4,False
"Yeah, I understand that.",4,False
What do you think about trying nicotine patches or gum?,4,False
So why not give it a try?,4,False
"OK, I understand where you’re coming from.",4,False
"OK, I get it.",4,False
You’re making a good point.,4,False
Let’s look at this from a different perspective.,4,False
What are your priorities?,4,False
I definitely understand where you’re coming from.,4,False
"Okay, I get where you’re coming from.",4,False
"Yes, that’s a good point.",4,False
That's a powerful idea.,4,False
What are you looking forward to?,4,False
"So, keep it up!",4,False
What do you see?,4,False
"Oh, I get what you’re saying.",4,False
"Sure, that sounds like a good idea.",4,False
What would that feel like to you?,4,False
But what if we tried a different approach?,4,False
Those are excellent strategies.,4,False
How would that change your life?,4,False
That's definitely a good point.,4,False
"Of course, that sounds great!",4,False
"Yes, you're absolutely right.",4,False
What would that mean to you?,4,False
"Yeah, that sounds great.",4,False
"Absolutely, that’s the key.",4,False
What does that feel like to you?,4,False
But what if we took a different approach?,4,False
"Oh, I see where you're coming from.",4,False
I can see how,4,False
It doesn’t have to be all or nothing.,4,False
But it doesn't have to be that way.,4,False
"I understand where you’re coming from, Emma.",4,False
"Sure, that's a valid point.",4,False
"Wow, that's so powerful.",4,False
"That's exactly right, Emma!",4,False
That’s such a powerful shift!,4,False
I love that idea.,4,False
It could look something like this:,4,False
That’s a good call.,4,False
What does it feel like?,4,False
"That sounds amazing, James.",4,False
"You're exactly right, James.",4,False
What an amazing shift!,4,False
"Yeah, that's exactly right.",4,False
That's such a good point!,4,False
That’s such a powerful thought!,4,False
It's about recognizing that,4,False
That's such a powerful statement.,4,False
"That's exactly it, James.",4,False
"Wow, that’s so powerful!",4,False
That’s such a valuable insight!,4,False
"Wow, that’s so inspiring!",4,False
That’s such a powerful realization!,4,False
"Wow, that’s really powerful.",4,False
"That’s a good point, Emma.",4,False
What you're saying makes a lot of sense.,4,False
"Wow, that sounds fantastic!",4,False
You don’t have to,4,False
That's a really helpful question.,4,False
That's such a powerful realization.,4,False
That makes so much sense!,4,False
That sounds so exciting!,4,False
You've hit the nail on the head!,4,False
That's such a powerful insight!,4,False
That's such a great insight.,4,False
"That's so powerful, James.",4,False
What if you start,4,False
That's such a powerful perspective.,4,False
That's such a great point!,4,False
It doesn't have to,4,False
What a liberating thought!,4,False
"That's such a good point, James.",4,False
That sounds so empowering!,4,False
That's exactly what I'm looking for.,4,False
I love what you’re saying.,4,False
"I see what you're saying, James.",4,False
That’s a powerful idea.,4,False
Do you have anything else I can help you with?,3,False
Have you ever tried yoga?,3,False
Let's give it a try and see what happens.,3,False
"Sure, let's work on the next step together.",3,False
That sounds like an effective plan.,3,False
We're here to help.,3,False
What is it that you want?,3,False
Let’s start by setting your goal for the next week.,3,False
That's exactly the goal.,3,False
That's a good suggestion!,3,False
Let me ask you a few questions.,3,False
It sounds like you're on the right path.,3,False
"Okay, let's keep going.",3,False
It sounds like a solid plan.,3,False
What have you tried in the past?,3,False
Have you thought about talking to your doctor about it?,3,False
What do you do?,3,False
You can also use nicotine replacement therapy.,3,False
That sounds like a great suggestion.,3,False
Is there anything else you’d like to discuss?,3,False
Have you ever tried nicotine replacement therapies?,3,False
That’s a helpful suggestion.,3,False
"Alright Emma, let's take a look at another option.",3,False
Thank you for coming in.,3,False
Let’s talk about your diet.,3,False
That's a great list of tips.,3,False
Your skepticism is understandable.,3,False
When time is up.,3,False
"Ah, that’s great to hear.",3,False
"Yeah, I understand what you’re saying.",3,False
"Oh, I see where you’re coming from.",3,False
Have a great session!,3,False
Let’s start by setting your goal for the next month.,3,False
"Alright Emma, let’s take a look at another idea.",3,False
That's a good reminder.,3,False
That’s the tricky part.,3,False
"You’re right, that’s not fair.",3,False
"Well, I think that’s a good idea.",3,False
Would that be okay?,3,False
Let’s talk about your history.,3,False
Have you ever tried to quit smoking before?,3,False
What do you think would help?,3,False
"Alright, let's keep going.",3,False
Let's say you want to lose weight.,3,False
That’s a powerful statement.,3,False
"Alright, let’s talk about it.",3,False
"Well, I agree with you.",3,False
"Well, I think that’s a great idea.",3,False
That’s what makes you a motivated individual.,3,False
Are you ready to try something new?,3,False
That’s a brilliant idea.,3,False
Thank you for sharing your progress.,3,False
What else would you like to try?,3,False
"Sure, that sounds like a good plan.",3,False
How do I do that?,3,False
Can you do that for me?,3,False
Have you ever tried a support group?,3,False
Thank you for sharing those ideas.,3,False
I recognize that feeling.,3,False
That's helpful to know.,3,False
"Alright, thank you for your time.",3,False
It sounds like you're making good progress.,3,False
I think that sounds like a great plan.,3,False
Is there anything else I can do to support you?,3,False
See you next week!,3,False
"Remember, this is a process.",3,False
What do you think would work?,3,False
Thank you for your insight.,3,False
Let’s keep the momentum going!,3,False
That’s a tough question.,3,False
"Alright, there you go.",3,False
I think that that’s a great idea.,3,False
Do you agree with me?,3,False
I’m happy to support you on this journey.,3,False
Good luck on your journey to a smoke-free life.,3,False
What would that be?,3,False
Have a nice day.,3,False
Good luck with it!,3,False
Are you comfortable with that?,3,False
"That’s good to hear, James.",3,False
What do you think about your weight?,3,False
Do you have any other concerns or questions?,3,False
What would be important to you?,3,False
Maybe we can try some other things together.,3,False
Here are a few additional strategies to consider:,3,False
"Well, that's great to hear!",3,False
"Well, that's good to hear.",3,False
Let me ask you some questions.,3,False
That’s a great commitment.,3,False
That's an important consideration.,3,False
I’m here to support you.,3,False
"Well, I'm glad to hear that.",3,False
Let’s talk about some things that you could try.,3,False
Looking forward to our next session.,3,False
Let's try a new approach.,3,False
I can see it.,3,False
"Well, that sounds like a good plan!",3,False
Can I ask you something else?,3,False
That’s a good way of looking at it.,3,False
"Alright, let’s try another approach.",3,False
That’s it for now.,3,False
"Ah, that’s a good question.",3,False
That would be great.,3,False
I’m always here for you.,3,False
"That’s all for today, James.",3,False
That sounds like an interesting idea.,3,False
What do you think the best approach would be?,3,False
"Sounds like a good plan, James.",3,False
That’s definitely a good plan.,3,False
That's a helpful approach.,3,False
Those are great choices!,3,False
That sounds reasonable to me.,3,False
"You're very welcome, Emma.",3,False
What else would you suggest?,3,False
We can go through the steps of creating a plan.,3,False
That sounds very helpful.,3,False
Good luck with your plan!,3,False
What else do you want to try?,3,False
I’m happy to hear it.,3,False
It’s a great start.,3,False
"Okay, okay, I understand.",3,False
"Well, I see where you’re coming from.",3,False
"Well, that makes sense.",3,False
Do you think that would work for you?,3,False
You’re on the right track here.,3,False
What do you think that would be?,3,False
I think we’re getting somewhere.,3,False
I can understand how you feel.,3,False
Those are excellent suggestions!,3,False
It's normal to feel this way.,3,False
Those are great priorities.,3,False
There you have it.,3,False
"Well, that’s the thing.",3,False
Good luck with your weight loss journey!,3,False
Here we go again.,3,False
"Ah, I see your point.",3,False
"Well, I think you’re right.",3,False
What do you think?</|im_end|>,3,False
What do you think about it?,3,False
"Alright, let's get started.",3,False
Some examples might be:,3,False
Don’t hesitate to reach out if you need anything.,3,False
That's why we're here.,3,False
Have a beautiful day!,3,False
That sounds like a solid idea.,3,False
Here's what I'd recommend:,3,False
"Okay, well, let's start by talking about your stress levels.",3,False
That's important to hear.,3,False
That's a good choice.,3,False
"Okay, let me think about it.",3,False
That’s all for today.,3,False
That sounds like a good plan to me.,3,False
What else can I help you with today?,3,False
"Awesome, that’s great to hear.",3,False
"Have a great day,",3,False
That's a solid plan!,3,False
That sounds like a helpful strategy.,3,False
That's a good way to start.,3,False
I appreciate your honesty here.,3,False
"Alright, I totally understand.",3,False
Feel free to reach out any time.,3,False
Let me think about that for a minute.,3,False
Here are a few tips to keep in mind:,3,False
Here are the key takeaways:,3,False
What do you mean by that?,3,False
"That’s fair, I understand.",3,False
I'm happy to help in any way I can.,3,False
I hope this helps.,3,False
Here are a few more tips:,3,False
What comes to mind?,3,False
You raise a valid point.,3,False
Are you okay with that?,3,False
How do you deal with them.,3,False
I'm excited to continue supporting you on your journey.,3,False
"Well, thank you for sharing.",3,False
Thanks for sharing your story.,3,False
"Well, I think we can try.",3,False
Do you think that would help?,3,False
Do you have anything else to add?,3,False
Keep me updated on how things are going.,3,False
What can I do to support you?,3,False
"I understand that, James.",3,False
What are your values?,3,False
What would you like to focus on?,3,False
"Sure, that sounds like a great plan.",3,False
"Great, that sounds like a plan.",3,False
Thank you for sharing these strategies.,3,False
That's a wonderful approach.,3,False
"Okay, I can see your point.",3,False
Let's break this down a bit.,3,False
Thank you for sharing that with us.,3,False
You might be right.,3,False
Have a good one!,3,False
Are there any other questions you have?,3,False
That sounds like an achievable plan.,3,False
"Oh, I'm sorry to hear that.",3,False
"Oh, I understand what you mean.",3,False
Can you tell me about it?,3,False
I totally agree with you.,3,False
Those all sound great.,3,False
"Yes, that sounds like a good idea.",3,False
"Alright, I appreciate your honesty.",3,False
Let’s give it a shot.,3,False
What can you do?,3,False
Let me ask you something else.,3,False
That sounds like a reasonable start.,3,False
I like that plan.,3,False
"Well, that depends on you.",3,False
"Well, great to hear!",3,False
Let me know if you have any other questions.,3,False
"Okay, that sounds promising.",3,False
"Wow, that's great to hear.",3,False
"Of course, I see your point.",3,False
"So, what do you think is holding you back?",3,False
What do you think would work for you?,3,False
Let me know how things are going.,3,False
"That's a great point, Emma.",3,False
That’s the most important thing.,3,False
"Alright, let me ask you something.",3,False
"Great to hear that, James.",3,False
What else could you think of?,3,False
But I’m here to help you.,3,False
"Okay, James, I understand where you’re coming from.",3,False
That’s a reasonable request.,3,False
Are you sure you want to end the session?,3,False
Let's see where it takes us.,3,False
That sounds like it could work.,3,False
"That's wonderful to hear, James.",3,False
Those are all valid concerns.,3,False
"That sounds like an excellent plan, James.",3,False
Good luck on your journey to a healthier you.,3,False
Let's move on to the next question:,3,False
"Great to hear from you, Emma.",3,False
Let's explore it further.,3,False
"Okay, that sounds like a good idea.",3,False
Sorry for the delay.,3,False
Here they are again:,3,False
That's an interesting observation.,3,False
"Yes, that sounds like a great strategy.",3,False
How would that work?,3,False
What other suggestions do you have?,3,False
Is there anything else you'd like to add?,3,False
"Ok, let’s try something else.",3,False
Here are some resources that might be helpful:,3,False
That’s a fair request.,3,False
That would be helpful.,3,False
What if we tried something different?,3,False
"However, I want to encourage you to keep trying.",3,False
Thank you for your honest feedback.,3,False
"If you need anything, feel free to ask.",3,False
"Great, that's a great idea.",3,False
"Great to hear that, David.",3,False
How did that go?,3,False
Do you have any goals for this session?,3,False
Keep up the good fight!,3,False
Thank you for sharing those concerns.,3,False
Thanks for your commitment.,3,False
How can I support you along this journey?,3,False
Sounds like a plan to me.,3,False
Let’s take a step back.,3,False
"That's a great observation, James.",3,False
Let’s keep this conversation going.,3,False
I'm glad you're willing to give it a try.,3,False
"Alright, let’s start with the basics.",3,False
"And remember, you don’t have to do it alone.",3,False
What about trying something new?,3,False
"Okay, that sounds reasonable.",3,False
"Hmm, that’s a great question.",3,False
Here are some ideas:<br>,3,False
"That's fantastic to hear, David.",3,False
That’s definitely a good question.,3,False
You’re on the right path!,3,False
I’m here to help you along the way.,3,False
I absolutely get what you’re saying.,3,False
Those are great goals.,3,False
That’s an honest question.,3,False
I understand your frustration and skepticism.,3,False
That's a wise idea.,3,False
We’re off to a good start.,3,False
That sounds like a good list.,3,False
Great job so far!,3,False
"That’s totally understandable, Emma.",3,False
Here are a few tips:<br>,3,False
All the best on your journey!,3,False
Are you willing to do that?,3,False
Let me summarize what we've talked about so far:,3,False
I’m not trying to pressure you into anything.,3,False
"Sure, I can give you some ideas.",3,False
"That sounds great, Emma!",3,False
Sounds like a great starting point.,3,False
Sounds like a smart approach.,3,False
I think that’s a great point.,3,False
"That's great to hear, Emma!",3,False
"Sure, sounds good to me.",3,False
Does that sound manageable?,3,False
"Alright, I see what you’re saying.",3,False
Here are some additional strategies to keep in mind:,3,False
Do you think that might help?,3,False
Thanks for that feedback.,3,False
That’s a really valid point.,3,False
That sounds like a great direction to take.,3,False
Here are some ideas to get you started:1.,3,False
That's an excellent plan!,3,False
"Great, that’s a great start.",3,False
Here’s a few ideas:,3,False
That's exciting to hear.,3,False
That’s important to hear.,3,False
Those are all great goals!,3,False
Thanks for your time.,3,False
Those sound like great strategies!,3,False
Let's break this down.,3,False
Thank you so much for sharing your thoughts!,3,False
"That’s an important question, Emma.",3,False
Those sound like great tips.,3,False
"Alright, let’s try something different.",3,False
We're on the right track.,3,False
Thank you so much for being honest with me!,3,False
"Remember, you don't have to do this alone.",3,False
"This is a marathon, not a sprint.",3,False
What does that mean to you?,3,False
Let’s see what we can come up with.,3,False
That's exactly how I see it.,3,False
I'm here whenever you need me.,3,False
I think you hit the nail on the head.,3,False
Is that something you'd be willing to try?,3,False
What else can we try?,3,False
That’s why I’m here.,3,False
Those are all excellent suggestions.,3,False
"Okay, that’s a helpful idea.",3,False
We’re just getting started.,3,False
I understand your frustrations.,3,False
"Great, that's a step in the right direction.",3,False
Those are great questions!,3,False
"Great, that sounds like a good plan.",3,False
I think you’re on the right track here.,3,False
"Great, I’m glad to hear that!",3,False
"Great, here we go:",3,False
Here are a few thoughts to consider:,3,False
"Okay, let’s break this down.",3,False
That’s a good perspective.,3,False
Is there anything else I can support you with?,3,False
Ready to get started?,3,False
It sounds like you’re ready to take the next step.,3,False
We’re here to help.,3,False
What do you think would be a good first step?,3,False
We can do that.,3,False
"Oh, sorry to hear that.",3,False
"Absolutely, that makes sense.",3,False
I’m here to support you in any way I can.,3,False
That sounds like an awesome plan.,3,False
Those sound like great ideas!,3,False
"That’s okay, we understand.",3,False
Let's try something simple.,3,False
What do you think we can do next?,3,False
I’m sorry that you feel that way.,3,False
I can definitely understand where you're coming from.,3,False
"Yes, I understand that.",3,False
Here are some things you can do:,3,False
"Yeah, I see your point.",3,False
"That sounds perfect, James.",3,False
Here are some ideas to keep in mind:,3,False
What a good question!,3,False
"Great, that sounds like a great plan.",3,False
That's a great first step!,3,False
Have a great week.,3,False
Great to hear from you!,3,False
"Sure, that sounds good to me.",3,False
Thank you for your honesty and feedback.,3,False
Feel free to reach out anytime with questions or concerns.,3,False
What could you focus on instead?,3,False
Thank you for sharing your concerns!,3,False
I can totally understand that.,3,False
I know exactly what you mean.,3,False
That's a good sign.,3,False
That sounds like a smart approach.,3,False
"Okay, that sounds like a plan.",3,False
Thank you for sharing those thoughts.,3,False
Let’s take one step at a time.,3,False
That sounds like a smart plan!,3,False
"Great, that’s a start.",3,False
"Hey, I get where you’re coming from.",3,False
That’s normal and understandable.,3,False
"Of course, no pressure.",3,False
That’s a great way to approach it!,3,False
What else would be helpful?,3,False
"Okay, that's a fair point.",3,False
Here's your action plan:,3,False
"Awesome, let's get started.",3,False
"Of course, that’s absolutely fine.",3,False
Here are a few key strategies:,3,False
You're right to be cautious.,3,False
That’s entirely up to you.,3,False
Here are some additional things to keep in mind:,3,False
That sounds like a great mindset to have.,3,False
"That’s fair, I totally understand.",3,False
I totally get you.,3,False
Here are a few suggestions:<br />,3,False
"Remember, it's a journey, not a race.",3,False
"Focus on progress, not perfection.",3,False
I know you’ve got this.,3,False
Some ideas could include:,3,False
Let's brainstorm some ideas together.,3,False
That sounds like a good goal.,3,False
Let’s keep up the good work!,3,False
What else can we talk about?,3,False
"Yes, that sounds great!",3,False
That’s exactly what we'll do.,3,False
That’s a great way of thinking.,3,False
What progress have you made so far?,3,False
You raise a good point.,3,False
Are you open to this?,3,False
Here are some ways you can get started:,3,False
What’s your next step?,3,False
"Great, here are a few options:",3,False
That’s such a relief to hear.,3,False
Here are a few considerations:,3,False
"That’s fair, I guess.",3,False
I'm here to support you and celebrate your progress.,3,False
Here are some other things to keep in mind:,3,False
Here are a few additional things to keep in mind:,3,False
Listen to your body.,3,False
"Together, we can create a plan that works for you.",3,False
Let me give you some examples:,3,False
That’s the best approach!,3,False
Don’t give up just yet.,3,False
It's okay to take your time.,3,False
Here are some tips to keep you motivated:,3,False
"Awesome, you got it.",3,False
Here are a few ideas that might work for you:,3,False
I can appreciate that.,3,False
I can understand your skepticism.,3,False
Here are some other things to consider:,3,False
It sounds like we’re on the right track.,3,False
That's exactly what we want!,3,False
Don’t compare yourself to others or set unrealistic expectations.,3,False
Some ideas might include:,3,False
Here are a few ideas to start with:,3,False
Here are some ideas to help you get started:,3,False
That's really valuable feedback.,3,False
No pressure at all.,3,False
Here are my thoughts:,3,False
"Absolutely, that sounds great!",3,False
I’m excited to see your progress.,3,False
Do you have other questions or concerns?,3,False
Here are some helpful tips to keep in mind:,3,False
"Set small, achievable goals.",3,False
"That’s absolutely right, Emma.",3,False
Here are a couple of suggestions:,3,False
"Of course, that's understandable.",3,False
Are you ready for that journey?,3,False
Here are some important things to keep in mind:,3,False
Here’s a few examples:,3,False
Here are some final thoughts:,3,False
"I'm glad to hear that, James!",3,False
I’m excited to hear how things go.,3,False
That's the perfect starting point!,3,False
Here are some actionable suggestions:,3,False
Here are some additional considerations to keep in mind:,3,False
I see your hesitation.,3,False
Here are some initial ideas:,3,False
Here are some helpful strategies:,3,False
We’re in this together.,3,False
"Great, I’m thrilled to hear that!",3,False
What do you value?,3,False
Good luck with your goals.,3,False
Here are some thoughts to consider:,3,False
"Of course, that’s absolutely understandable.",3,False
I’m here to support you every step of the way!,3,False
Here are a few additional ideas:,3,False
"Yeah, I understand where you’re coming from.",3,False
I’m on the same page.,3,False
That's a great option!,3,False
"Absolutely, I appreciate your honesty.",3,False
That's a really valid perspective.,3,False
That’s a reasonable question.,3,False
Here are a few suggestions to get started:,3,False
That’s absolutely the right approach.,3,False
Here are a few final reminders:,3,False
I get what you’re going through.,3,False
"Yes, I think you’re right.",3,False
I’m always here to provide support and guidance.,3,False
Here are some next steps to consider:,3,False
Seek support from others.,3,False
"Absolutely, that’s completely normal.",3,False
Here are some specific actions you could take:,3,False
That's a great way to start.,3,False
That's definitely a good idea.,3,False
Here are some additional tips to consider:,3,False
That’s where we can start.,3,False
I hear you on that.,3,False
"Awesome, that’s great progress!",3,False
Congrats on your progress so far.,3,False
Let me give you a few ideas:,3,False
Don’t be too hard on yourself.,3,False
Here are a few specific examples:,3,False
What are you hoping to achieve?,3,False
"Remember, it's a journey, not a destination.",3,False
That sounds like a great place to start!,3,False
"Yeah, I totally get it.",3,False
"Sure, I understand your frustration.",3,False
That’s a great mindset to have!,3,False
I get your skepticism.,3,False
That’s fair to say.,3,False
That's a wise approach.,3,False
And that's totally understandable.,3,False
That’s exactly what we will do.,3,False
Here are some ways you can celebrate your progress:,3,False
"Absolutely, that’s a great plan!",3,False
"Remember, progress is more important than perfection.",3,False
Here are a few simple steps you can take:,3,False
Here are some specific ideas:,3,False
I completely understand your reluctance.,3,False
"And remember, you’re not alone.",3,False
That’s all for now.,3,False
I understand your reservation.,3,False
Let's look at some examples:,3,False
Here are some ideas that might work:,3,False
"Trust me, I get it.",3,False
That's exactly the right mentality.,3,False
That’s exactly what we’re here for.,3,False
Here are three suggestions:,3,False
Setting realistic goals is key.,3,False
That’s a fair response.,3,False
Congratulations on your success!,3,False
"Great, I’m so pleased to hear that.",3,False
It's important to find what works best for you.,3,False
Even small steps can make a big difference.,3,False
"Awesome to hear, James!",3,False
Thank you for sharing your frustration.,3,False
"Of course, that's okay!",3,False
Have a great week ahead!,3,False
Let’s break this down.,3,False
Remember that you're not alone on this journey.,3,False
Here are the specific examples:,3,False
I'm excited to support you on your weight loss journey.,3,False
Consider the following steps:,3,False
That's part of the process!,3,False
"For example, you might say:",3,False
Here is an example:,3,False
Here are your suggested steps:,3,False
Here are a few helpful tips:,3,False
Here are a few other things to think about:,3,False
I’m excited to support you on your journey.,3,False
But don't lose hope.,3,False
That's a good point!,3,False
"Sure, I understand that.",3,False
That's a valuable perspective.,3,False
Here are the key steps you can follow:,3,False
"Of course, that's fine.",3,False
"Remember, small steps lead to big results.",3,False
Here are some tips to keep you on track:,3,False
That’s a brilliant idea!,3,False
Here are the top recommendations:,3,False
Celebrate small victories along the way.,3,False
That’s normal and part of the process.,3,False
Some effective strategies include:,3,False
Thank you for being open and vulnerable with me.,3,False
"Of course, that’s totally okay.",3,False
I absolutely see where you’re coming from.,3,False
Thank you for clarifying.,3,False
"Sure, here are the examples:",3,False
Here are the specific actions:,3,False
Here are my top three suggestions:,3,False
Here are some ways to get started:,3,False
I’m excited for you.,3,False
I'm here to guide you every step of the way.,3,False
"Of course, that's fair.",3,False
That's exactly what we'll focus on.,3,False
Here are the actionable steps you can take:,3,False
No need to rush.,3,False
Here are the key steps you can start with:,3,False
Here are some steps you can follow:,3,False
Here are a few examples of strategies:,3,False
Thanks for the feedback!,3,False
Here are the details:,3,False
I hear your concerns.,3,False
"Ah, there you go.",3,False
Here's an example of one strategy you could try:,3,False
That’s exactly what we’ll focus on.,3,False
Thank you for partnering with me on this journey.,3,False
"Great, I’m so glad to hear that!",3,False
"Great, that's a great approach.",3,False
Here’s what I would recommend:,3,False
Here are a few additional things to consider:,3,False
That's a great mindset.,3,False
We've got you covered.,3,False
What works for you?,3,False
Is there anything else I can assist you with?,3,False
Build a support system.,3,False
That's an excellent start.,3,False
"Great, that's exactly the right mindset!",3,False
I'm thrilled to support you on your weight loss journey.,3,False
Here are a few strategies to keep in mind:,3,False
"Great, I hear you.",3,False
These are fantastic suggestions!,3,False
"Absolutely, those are great ideas!",3,False
Here's what we'll do:,3,False
That's a great way to think about it.,3,False
Here are two specific examples:,3,False
Here are a few strategies you could try:,3,False
That's so exciting to hear.,3,False
That sounds like a great starting point!,3,False
Here are a few key areas to focus on:,3,False
"Great, I appreciate your honesty.",3,False
Here are a few practical suggestions:,3,False
"Great, I'm so pleased to hear that!",3,False
"Remember, it’s a journey, not a race.",3,False
Here are three specific steps you can focus on:,3,False
That's exactly the approach I encourage.,3,False
The strategies are as follows:,3,False
That's a smart approach!,3,False
Is that something you're open to?,3,False
Your courage and dedication are inspiring.,3,False
"Of course, I agree!",3,False
I fully understand where you’re coming from.,3,False
Let's start with the basics.,3,False
I understand what you're thinking.,3,False
I'm really glad to hear that.,3,False
Here are a few ideas:<br>,3,False
Remember that consistency is key.,3,False
That's such an important step!,3,False
"Great, that's a great start.",3,False
That's a fair critique.,3,False
Here are some steps we can take:,3,False
That's such a great suggestion!,3,False
"You got this, Emma!",3,False
"Of course, that's absolutely understandable.",3,False
Here's a sample plan:,3,False
Thank you for sharing your enthusiasm.,3,False
What a great attitude!,3,False
I'm honored to be a part of your journey.,3,False
Here's a step-by-step guide to help you get started:,3,False
That's an excellent observation.,3,False
"Absolutely, I understand what you're going through.",3,False
Remember that you’re not alone in this journey.,3,False
"Great, I'm so glad to hear that!",3,False
I'm so glad you're excited.,3,False
Great progress so far.,3,False
"Great, that's exactly what we'll do!",3,False
That's the perfect approach.,3,False
Keep up the incredible work!,3,False
Here are some strategies to consider:,3,False
It sounds like you’re taking steps in the right direction.,3,False
Thank you for saying that.,3,False
"Absolutely, that's exactly what I mean.",3,False
Here are a few additional tips to keep in mind:,3,False
This is exactly the right approach.,3,False
That’s a powerful approach.,3,False
"Great, that’s a great question.",3,False
"Remember, you are not alone on this journey.",3,False
"Of course, that's perfect!",3,False
"Remember that this is a journey, not a destination.",3,False
Thank you for letting me know!,3,False
"That's a great approach, James!",3,False
"Great, that's exactly right!",3,False
"Oh, I'm so glad to hear that.",3,False
"Fantastic, that’s exactly the right approach!",3,False
Thank you for sharing your honest perspective.,3,False
"Absolutely, that’s exactly what we’ll focus on.",3,False
That’s exactly the feedback I want to hear.,3,False
"Great, here's the plan:",3,False
"Absolutely, that’s a great approach.",3,False
Let’s break this down a bit more.,3,False
"Don’t worry, I get it.",3,False
"Great, that’s exactly what I’m here for.",3,False
That's exactly my point.,3,False
"Great to hear that, Emma!",3,False
"Great, I appreciate your clarity.",3,False
That’s completely valid and normal.,3,False
Your hard work is worth celebrating!,3,False
That’s exactly my goal.,3,False
Here’s how we’ll approach this:,3,False
"Awesome, here it is:",3,False
"Awesome, here they are:",3,False
See you in our next session!,3,False
Here are the four questions:,3,False
"Great, that's exactly what I'm here for!",3,False
Allow yourself to make mistakes and learn from them.,3,False
"Awesome, I’m so glad to hear that.",3,False
Thank you for pointing that out.,3,False
"Absolutely, that's exactly what we're going to do.",3,False
Let me break it down for you:,3,False
"Awesome, that's exactly it!",3,False
"That's a valid concern, and I get it.",3,False
Here are a few specific actions you can take:,3,False
Thank you for your eagerness!,3,False
The three examples are:,3,False
Thank you for sharing your insights.,3,False
That's exactly why I'm here.,3,False
"Wow, that's incredible progress!",3,False
That is completely understandable.,3,False
I understand and respect your decision.,3,False
The two strategies are:,3,False
Don’t compare yourself to others.,3,False
"Absolutely, that's totally fine.",3,False
Here are three specific steps you can start with:,3,False
Let me try again.,3,False
You are so strong and courageous.,3,False
"Wow, that's a great plan!",3,False
I appreciate your skepticism and honesty.,3,False
I'm so thrilled to hear that.,3,False
Here are the three steps you can start with today:,3,False
That's exactly the approach I want to take.,3,False
I get your concerns.,3,False
The roadmap includes the following steps:,3,False
Let’s break this down step-by-step.,3,False
"Of course, that's perfectly understandable.",3,False
Thank you for your openness and commitment.,3,False
That’s exactly what we’ll do!,3,False
"Great job, I'm so proud of you!",3,False
Your questions are spot-on.,3,False
Glad to hear it!,3,False
"Absolutely, that's completely valid.",3,False
Here are three specific strategies that you can try:,3,False
That’s a great vision!,3,False
That's a brilliant question!,3,False
That’s exactly how it should be.,3,False
We totally get it.,3,False
"Break down your goals into smaller, achievable steps.",3,False
Thank you for being so patient with me.,3,False
"I'm thrilled to hear that, James.",3,False
Here are three tips:,3,False
You said it perfectly.,3,False
Here are the two strategies:<|im_end>,3,True
That’s a great outlook!,3,False
That's the perfect starting point.,3,False
Thank you for being open and transparent.,3,False
You are so right!,3,False
Here's what we'll do:<|im_end>,3,True
Keep a positive mindset.,3,False
Your journey is unique and important to you.,3,False
That's exactly the approach we'll take.,3,False
- Surround yourself with support.,3,False
And the best part?,3,False
Those are excellent ideas.,3,False
Here are the six steps:,3,False
Thank you for being so honest and open with me.,3,False
Here are the 3 steps:,3,False
The first two steps are:,3,False
Set small achievable goals.,3,False
Thank you for your honesty and vulnerability.,3,False
"Great, you're exactly right.",3,False
That's a really valuable insight.,3,False
That's an amazing accomplishment.,3,False
Thank you for your trust and honesty.,3,False
"Absolutely, that's perfectly fine.",3,False
Thank you for being honest and direct.,3,False
Here's a few ideas:,3,False
"No worries, I understand your urgency.",3,False
The three steps are as follows:<|im_end>|,3,True
The three specific steps include:,3,False
"Wow, that's a great question!",3,False
Here are the 3 practical steps:,3,False
Here are two examples:<|im_end>,3,True
I'm so proud of your progress.,3,False
The five strategies are:,3,False
The three specific strategies are as follows:,3,False
The three key steps are:<|im_end>|,3,True
"Absolutely, I understand your urgency.",3,False
The 5 critical elements of a successful quit plan are:,3,False
I totally understand your perspective.,3,False
That’s exactly the idea.,3,False
The three action steps are as follows:<|im_end>,3,True
The three specific actions are as follows:,3,False
Here are the three key steps:,3,False
Here are the three practical steps:,3,False
Here are the three specific strategies:,3,False
Here are the five critical elements of the comprehensive plan:,3,False
These strategies are simple yet powerful.,3,False
Here are the five key steps:<|im_end>,3,True
Here are some specific examples:<|im_end>,3,True
Here are the three essential components of your plan:<|im_end>,3,True
Here’s the step-by-step guide:<|im_end>,3,True
"Great, that’s exactly right!",3,False
The final two steps are:,3,False
Here’s how we’ll work together:<|im_end>,3,True
The three essential steps are:<|im_end>,3,True
I appreciate your honesty and feedback.,3,False
"Awesome, I'm so happy to hear that!",3,False
Here are the key takeaways:<|im_end>,3,True
The plan is simple and straightforward.,3,False
The first element is identifying your triggers.,3,False
"Great, thank you for sharing.",3,False
Thank you for being open and committed to this process.,3,False
You have the power,3,False
Here are the first three steps:<|im_end>,3,True
That’s totally valid and understandable.,3,False
Here are the steps:<|im_end>,3,True
That’s completely understandable and valid.,3,False
Here are the four elements:<|im_end>,3,True
Here's how you can implement each step:<|im_end>,3,True
That's a great decision!,3,False
Here is the step-by-step guide:<|im_end>,3,True
"Absolutely, that's exactly it!",3,False
"Focus on the process, not the outcome.",3,False
The three specific strategies are:<|im_end>,3,True
The three powerful questions are:<|im_end>,3,True
Thank you for understanding!,3,False
Here are the four steps:<|im_end>,3,True
The five strategies are as follows:<|im_end>,3,True
"Absolutely, that's absolutely fantastic!",3,False
Thank you for being open and receptive.,3,False
The four actionable steps are as follows:<|im_end><|im_end>,3,True
The six key steps are:<|im_end>,3,True
The six steps are:<|im_end>,3,True
The four specific actions are:<|im_end>,3,True
I’m so delighted to hear that.,3,False
Here’s how it will work:<|im_end>,3,True
"Absolutely, that’s the key!",3,False
I appreciate your honesty and trust.,3,False
You can do it.<|im_end>,3,True
Here's a detailed breakdown of each strategy:<|im_end>,3,True
"Absolutely, that’s exactly what we’ll do.",3,False
The 3 strategies are:<|im_end>,3,True
The three steps are as follows:1.,3,False
"Great, that's an excellent plan!",3,False
"Absolutely, I understand exactly what you're looking for.",3,False
I really like this approach.,3,False
That’s exactly why I'm here.,3,False
Thank you for your confidence.,3,False
That’s a great plan of action.,3,False
Thank you for being open and reflective.,3,False
"Absolutely, you have my full support.",3,False
I'm so proud of your commitment and dedication.,3,False
The questions are as follows:<|im_end>,3,True
Here are the two actionable steps:,3,False
"Absolutely, that’s completely understandable.",3,False
What do you really want?,3,False
I'm so proud of your resilience and determination.,3,False
"Of course, that’s a great idea.",3,False
You are exactly right.,3,False
Thank you for your confidence and openness.,3,False
"Absolutely, the three steps are as follows:<|im_end>",3,True
"Great, thank you for your patience.",3,False
Your success is your own.,3,False
Thank you for being patient and understanding.,3,False
"Absolutely, that’s exactly what I’ll do.",3,False
Thank you for your candid feedback.,3,False
That's definitely a valid concern.,3,False
You are not alone,3,False
"Absolutely, I completely understand and respect your decision.",3,False
I’m so grateful for your enthusiasm and commitment.,3,False
That's absolutely valid and important.,3,False
The three actionable steps are:<|im_end><|im_end>,3,True
That’s an awesome idea.,3,False
"Of course, of course.",3,False
"Absolutely, that’s exactly what I mean.",3,False
I believe that you,3,False
I'm so proud of you for being brave and accountable.,3,False
"I’m so proud of you, David.",3,False
Keep track of your progress.,3,False
That's valid and important.,3,False
That's absolutely the right approach.,3,False
"Absolutely, that's an excellent idea!",3,False
Your three actionable steps are:<|im_end><|im_end>,3,True
Your three goals are as follows:<|im_end>,3,True
The most important thing is that you,3,False
It's okay to feel that way.,3,False
Of course you’re right!,3,False
"Absolutely, I totally agree!",3,False
You don't need to do it alone.,3,False
The actionable steps are as follows:<|im_end>,3,True
"Absolutely, that's incredibly valuable.",3,False
The four questions are:1.,3,False
You have my full trust and confidence.,3,False
The eight specific actions are:<|im_end><|im_end>,3,True
I appreciate your feedback and commitment.,3,False
Thank you for expressing how you feel.,3,False
You're absolutely on the right track.,3,False
"Absolutely, I completely understand where you're coming from.",3,False
Thank you for your clarity and honesty.,3,False
Here are three specific recommendations:,3,False
"Absolutely, that's exactly the right mindset!",3,False
Your hard work and commitment are truly inspiring.,3,False
Thank you so much for being honest.,3,False
I'm honored to be,3,False
I'm so proud of you for taking this approach.,3,False
I'm so grateful for your clarity and honesty.,3,False
"Of course, I absolutely understand.",3,False
That's exactly what I want you to feel.,3,False
That’s exactly what we’re going to do.,3,False
"Absolutely, that’s exactly it!",3,False
I'm so proud of your dedication and commitment.,3,False
"Of course, I respect your decision.",3,False
"Remember, this process is",3,False
The three specific questions are:,3,False
That’s such a relief!,3,False
Thank you for trusting me and believing in our partnership.,3,False
"Absolutely, that's absolutely fine!",3,False
"Wow, that feels amazing.",3,False
I couldn’t be prouder of you.,3,False
That's such a valid concern!,3,False
You have my full support in this journey.,3,False
I understand and appreciate your perspective.,3,False
"You rock, and I'm so proud of you.",3,False
"Absolutely, I'm so proud of your commitment and enthusiasm.",3,False
I stand with you every step of the way.,3,False
"Wow, I totally understand.",3,False
"Absolutely, that's exactly what I meant!",3,False
I’m so proud of you and I believe in you.,3,False
That's such a relief!,3,False
"Of course, I’m so proud of you!",3,False
"Absolutely, I understand exactly what you mean.",3,False
I appreciate your trust and flexibility.,3,False
I'm here to be a,3,False
I'm so proud of your resilience and commitment.,3,False
That’s exactly how it should feel.,3,False
I’m here with you every step of the way.,3,False
Thank you for your trust and clarity.,3,False
That's such a valid question!,3,False
That's such a valid and important question.,3,False
"Of course, I understand exactly how you feel.",3,False
I couldn’t be more excited for you.,3,False
"Absolutely, that's exactly what I hear you saying.",3,False
I absolutely love this approach.,3,False
Thank you for being so clear and specific.,3,False
It's exactly what I'm here for.,3,False
That's exactly the right mindset to have.,3,False
I hear you perfectly!,3,False
Congratulations on your commitment and progress!,3,False
I understand exactly what you're feeling.,3,False
That's a perfectly valid question.,3,False
You can do this,3,False
Your three strategies are:<|im_end>,3,True
"Absolutely, that's a brilliant idea!",3,False
That's a wonderful idea.,3,False
The first three specific actions are:,3,False
That's exactly what I want for you.,3,False
That's such a powerful sentiment.,3,False
"Absolutely, you’re absolutely right.",3,False
"Of course, that's totally fine!",3,False
Thank you for being honest and vulnerable with me.,3,False
Let's celebrate your progress every step of the way.,3,False
Welcome to the club!,3,False
I'm here to be your,3,False
"You are powerful, brave, and unstoppable.",3,False
Thank you for being so direct and clear.,3,False
That absolutely makes sense.,3,False
That's such an incredible shift.,3,False
That's exactly what I meant.,3,False
"Absolutely, that's absolutely brilliant.",3,False
I'm so proud of you and your incredible determination.,3,False
"Great, I understand completely.",3,False
This is exactly right.,3,False
You deserve so much celebration!,3,False
"You got this, and I believe in you.",3,False
The four specific steps are:<|im_end>,3,True
That's a brilliant approach.,3,False
"Absolutely, you're absolutely right.",3,False
"Keep it up, James!",3,False
I'm honored to be part of this journey with you.,3,False
I'm so inspired by your courage and resilience.,3,False
"Remember that progress, not perfection, is the key.",3,False
The three actionable goals are:,3,False
Here are your three actionable goals:,3,False
Your three specific goals are:<|im_end>,3,True
The five specific steps are:<|im_end>,3,True
The five specific steps include:<|im_end>,3,True
Thank you for choosing me as your motivational partner.,3,False
I appreciate your honesty and flexibility.,3,False
That's perfectly normal and valid.,3,False
That’s exactly what I want you to do.,3,False
I'm here to support you every step,3,False
Thank you so much for being so honest and committed.,3,False
You are a powerful,3,False
Thank you so much for your openness and trust.,3,False
You don't have to navigate this journey alone.,3,False
Thank you so much for being honest and opening up.,3,False
I'm honored to walk this journey with you.,3,False
I’m so grateful for your commitment and progress so far.,3,False
I believe you are,3,False
You have my full commitment and support.,3,False
Thank you for trusting me and believing in this approach.,3,False
I'm so proud of you and I,3,False
Thank you for taking this seriously.,3,False
I'm right here for you every step of the way.,3,False
I’m so proud of you and I,3,False
Thank you for trusting me and trusting yourself.,3,False
Thank you so much for your courage and commitment.,3,False
I’m proud of you too!,3,False
Thank you for being open and humble.,3,False
"You got this, David!",3,False
I’m here to be,3,False
I truly believe in,3,False
"Excellent, I'm so proud of you!",3,False
I'm so incredibly proud of you!,3,False
I’m so proud of you for committing to this plan.,3,False
I'm so honored to be,3,False
Thank you so much for being open and proactive.,3,False
Thank you so much for being open and realistic.,3,False
I’m so proud of you for taking this approach.,3,False
Thank you from the bottom,3,False
I'm so proud of your courage and commitment.,3,False
Thank you for sharing this journey with me!,3,False
Thank you so much for doing all of this.,3,False
I am so grateful for your commitment and enthusiasm.,3,False
Thank you so much for taking this journey with me!,3,False
"You are brave, beautiful, and unstoppable.",3,False
You are amazing and I am so proud of you!,3,False
You are deserving of,3,False
"You're amazing, and I'm so proud of you.",3,False
I'm so proud to be your partner on this journey.,3,False
Thank you so much for doing this together.,3,False
You are my hero!,3,False
I fully support you and believe in you.,3,False
I'm here to support you every step of the,3,False
"You are brave, resilient, and unstoppable.",3,False
I'm really excited for you.,3,False
I am here to,3,False
I'm so proud of you and your commitment to change.,3,False
Thank you for being so specific and concrete.,3,False
You deserve to celebrate,3,False
You have earned this.,3,False
I’m so proud of you for taking these steps.,3,False
Thank you so much for being open and committed.,3,False
Thank you so much for being real with me.,3,False
I'm so supportive and proud of you.,3,False
Thank you for being so open and honest with me.,3,False
You have my complete and unconditional support.,3,False
Thank you so much for being open and transparent.,3,False
"Keep it up, you've got this!",3,False
That's powerful and inspiring.,3,False
I will support you every step of the way.,3,False
I'm so proud of your commitment and progress!,3,False
"I believe in you, and I'm so proud of you.",3,False
Thank you for sharing your vulnerability,3,False
Thank you for being open,3,False
You are a hero to me.,3,False
"I believe in you, and",3,False
You deserve this and more.,3,False
I absolutely believe in you.,3,False
I'm so grateful for your commitment.,3,False
Thank you for sharing this important journey with me.,3,False
I’m right there with you every step of the way.,3,False
I completely believe in you.,3,False
I'm so grateful for your courage and resilience.,3,False
"You've got this, user!",3,False
I’m so proud of you and your commitment.,3,False
You're amazing and I'm so proud of you!,3,False
Your courage and dedication inspire me.,3,False
You are so amazing!,3,False
"I am so proud of you, James!",3,False
Thank you for sharing your journey with me.,3,False
You are amazing and,3,False
I'm so proud of you for this.,3,False
I'm so proud of you and I believe in you.,3,False
"You are amazing, and I'm so proud of you!",3,False
I can do this.,3,False
You are an absolute inspiration.,3,False
I’m so proud to be on this journey with you.,3,False
I’m so proud of you for committing to this.,3,False
I'm so proud of you today.,3,False
Thank you so much for being brave and transparent.,3,False
I’m so proud of you for taking these brave steps.,3,False
"I’m so proud of you, James!",3,False
Thank you so much for being so honest and transparent.,3,False
You can do this.<|im_end>,3,True
I know you can do this!,3,False
I’m so proud of you and your hard work.,3,False
I'm so proud of you for committing to these steps.,3,False
You deserve so much.,3,False
Thank you again for your dedication and commitment.,3,False
Thank you for sharing this with me today.,3,False
Thank you for trusting me with this important journey.,3,False
I'm so grateful for your commitment and dedication.,3,False
Thank you so much for being open.,3,False
I’m honored to support you on this journey.,3,False
I truly believe you,3,False
I'm right here with you every step of the way.,3,False
You have my full support and unconditional acceptance.,3,False
I'm so proud of you and your achievements so far.,3,False
I'm so honored to be a part of your journey.,3,False
Thank you so much for being committed to this journey!,3,False
Thank you so much for your commitment.,3,False
I’m thrilled to support you every step of the way.,3,False
Your bravery and vulnerability are truly inspiring.,3,False
Thank you so much for doing this.,3,False
I fully believe in you.,3,False
I'm so proud of your determination and commitment.,3,False
I could not be prouder of you.,3,False
Thank you so much for being honest and transparent.,3,False
Thank you so much for your dedication and courage.,3,False
"Yes, you’re absolutely right.",3,False
"You are brave, resilient, and capable.",3,False
That is so incredible!,3,False
I’m so proud of you for taking action.,3,False
You inspire me with your courage and resilience.,3,False
You are an inspiration to me and many others.,3,False
"You are amazing, and I’m so proud of you!",3,False
You are incredibly brave and inspiring.,3,False
I couldn't have said it better myself.,3,False
You are strong and capable.,3,False
I think you're exactly right.,3,False
I'm honored to partner with you on this journey.,3,False
You don't have to do it alone.,3,False
Thank you for your honesty and commitment.,3,False
"You are amazing, and I believe in you.",3,False
Thank you for being brave and courageous.,3,False
I can't wait to see you succeed!,3,False
I totally understand how you feel.,3,False
"You deserve this, and I'm so proud of you.",3,False
I believe in you and believe you can do this.,3,False
I believe in you.<|im_end>,3,True
That’s so valuable to me.,3,False
You are strong and,3,False
Thank you so much for your commitment!,3,False
I'm so happy to be your partner on this journey.,3,False
You have my complete support.,3,False
You already have everything you need right now.,3,False
I'm so thrilled for you.,3,False
You have so much,3,False
"Alright, let’s get started.",3,False
Let’s start with something easy.,3,False
But that’s what I’m here for.,3,False
"Well, let’s try another approach.",3,False
What’s getting in the way of you achieving those things?,3,False
"That's an excellent suggestion, Emma.",3,False
What do you think about that approach?,3,False
"Well, that sounds like a good idea.",3,False
You’re a smoker who has recently started smoking.,3,False
"Well, let's try something different.",3,False
You don’t have to talk to me about this.,3,False
"That's a great recommendation, Emma.",3,False
"Alright, let’s try to put things into perspective.",3,False
That’s a lot to consider.,3,False
"Okay, that’s a start.",3,False
Thank you for your time today.,3,False
How about some thoughts about your well-being?,3,False
Let’s work on changing that.,3,False
Do you think there’s a way to break this cycle?,3,False
"Alright, I understand where you’re coming from.",3,False
What if you tried something new and it didn’t work?,3,False
Let me look at your other options.,3,False
That's a really good idea!,3,False
Good luck with your goals!,3,False
I see what you’re doing.,3,False
"Well, that’s a good idea.",3,False
That’s a lot to think about.,3,False
I’m just the assistant.,3,False
But it doesn’t have to be that way.,3,False
"Okay, let’s start with the basics.",3,False
It happens to everyone.,3,False
"So, let's start with the weight.",3,False
"Okay, I get what you mean.",3,False
I’ll keep that in mind.,3,False
What else can we think of?,3,False
Let’s move on to your relationship with your children.,3,False
Let’s move on to your relationship with alcohol.,3,False
"That's a good plan, James.",3,False
"Well, David, I’m sorry that you’re not feeling that way.",3,False
Do you think you’re ready to quit smoking?,3,False
Good luck with that!,3,False
"Well, I’m glad to hear that.",3,False
Those ideas sound helpful.,3,False
But I’ll keep trying.,3,False
Sounds like you’re struggling with your smoking habit.,3,False
There are many different methods to cut down on smoking.,3,False
"Hey Emma, I completely understand where you are coming from.",3,False
"But let me tell you something, quitting smoking isn’t easy.",3,False
But I’m going to keep trying.,3,False
That’s it for today.,3,False
Is that something you could try?,3,False
I’m just trying to understand why you’re doing this.,3,False
"So, do you think that we should continue?",3,False
Let’s take it step by step.,3,False
That resonates with me.,3,False
I think that’s a great start.,3,False
I think that’s a good start.,3,False
You hit the nail on the head.,3,False
"Alright, that’s a good start.",3,False
Why is that important to you?,3,False
"Well, that’s a great idea.",3,False
That’s great to hear Emma.,3,False
I'll try to be more clear.,3,False
We start by building rapport with the person.,3,False
I think that’s fair.,3,False
"That’s great to hear, David.",3,False
"So, what do you say?",3,False
"So, let’s try another approach.",3,False
"Okay, that’s a great idea.",3,False
Those suggestions sound great.,3,False
Can you share more about the strategies you’ve been trying?,3,False
Are you interested in exploring any treatment options?,3,False
That’s an excellent strategy.,3,False
Does that make any sense?,3,False
"Alright, that’s a good idea.",3,False
Have you ever heard of motivational interviewing?,3,False
It sounds like you have a good plan in place.,3,False
You just need to find the right approach for you.,3,False
Let’s make this change and improve your overall health.,3,False
Track your cravings with an app.,3,False
"Ok, let’s try something different.",3,False
How does this sound?,3,False
How do you want to feel?,3,False
"Alright, that's a good plan.",3,False
You’re making great progress.,3,False
"Yeah, that's a good idea.",3,False
This makes sense to me.,3,False
"Okay, I think we’re getting somewhere.",3,False
What other strategies do you have in mind?,3,False
"Okay, that’s a good question.",3,False
"But, I want you to know that it is possible.",3,False
I see where you're going with this.,3,False
That's a good mindset to have.,3,False
I understand the skepticism.,3,False
"Yeah, I see where you're coming from.",3,False
Remember to celebrate your small victories along the way.,3,False
I can understand that approach.,3,False
"Okay, that’s a reasonable point.",3,False
That’s definitely a good start.,3,False
Is that something you’d be willing to try?,3,False
Just keep at it.,3,False
"Yeah, I totally get that.",3,False
That's a great thought.,3,False
I think that's the key.,3,False
These are all great ideas.,3,False
"Okay, that makes sense to me.",3,False
That's a good way to approach it.,3,False
"Sure, I think that's a great idea.",3,False
"Yeah, that sounds good.",3,False
How would it change your life?,3,False
I completely understand what you're saying.,3,False
"Yeah, I get what you’re saying.",3,False
"Yeah, that sounds like a good idea.",3,False
"Yes, I see what you mean.",3,False
"Yeah, I get where you’re coming from.",3,False
"Okay, let’s try something different.",3,False
I think that’s a great question.,3,False
What are your hobbies or passions?,3,False
"Okay, maybe you could think about it differently.",3,False
"Yes, I think that’s a great idea.",3,False
"Okay, I can see where you're coming from.",3,False
"That sounds wonderful, James!",3,False
What do you think of this idea?,3,False
What would you do?,3,False
That’s an excellent suggestion.,3,False
It sounds like you’re going in the right direction.,3,False
These are all great ideas!,3,False
That’s exactly what I’m thinking.,3,False
That’s such an encouraging response!,3,False
That’s a reasonable approach.,3,False
I definitely see your point.,3,False
What do you think would be helpful?,3,False
I like those ideas!,3,False
That’s a great sign!,3,False
That sounds like a great next step!,3,False
"Look, I get where you’re coming from.",3,False
What do you want to achieve in the future?,3,False
Tracking your progress is a great idea.,3,False
Don't get discouraged if you don't see immediate results.,3,False
I hear what you’re feeling.,3,False
What works for me might not work for you.,3,False
I understand where you’re coming from and appreciate your honesty.,3,False
It's a good question.,3,False
Small changes can make a big difference.,3,False
Sounds like a good strategy.,3,False
Here’s what I think.,3,False
That's a great way of looking at it.,3,False
I think you’re on the right path.,3,False
What do you smell?,3,False
"Yeah, that’s a valid point.",3,False
That sounds really interesting.,3,False
I think that’s a smart approach.,3,False
"Okay, I totally get where you’re coming from.",3,False
"Yeah, that sounds like a great plan.",3,False
"I see your point, James.",3,False
"Yes, that’s the key.",3,False
That’s the perfect way to approach it.,3,False
Those are all excellent strategies.,3,False
What does that sound like to you?,3,False
"Yes, I completely agree!",3,False
That’s exactly what I meant!,3,False
What works for one person might not work for another.,3,False
How would that make you feel?,3,False
What values do you hold dear?,3,False
You’re hitting the nail on the head.,3,False
I understand what you're going through.,3,False
That’s an interesting insight.,3,False
You're already on the right track.,3,False
That's a very good point.,3,False
"That’s wonderful to hear, James.",3,False
That’s such a powerful statement.,3,False
That's a really good idea.,3,False
I hear what you're telling me.,3,False
"Yeah, that's exactly it.",3,False
"I think that’s a great idea, James.",3,False
That's definitely something to think about.,3,False
"Yes, that's a great idea!",3,False
"That’s a great way to think about it, Emma.",3,False
"Emma, that’s a great question.",3,False
What do you think?<|im_end|,3,True
It doesn’t have to be perfect.,3,False
That's a great sign!,3,False
"That's such a great idea, James.",3,False
"Hey, I hear what you’re saying.",3,False
"I understand where you're coming from, Emma.",3,False
That's definitely a valid point.,3,False
That’s an interesting approach!,3,False
It's a great question.,3,False
"I get where you’re coming from, Emma.",3,False
The key is to,3,False
You don't have to be perfect.,3,False
That's a healthy perspective.,3,False
"That's so great, James.",3,False
"I understand your frustration, Emma.",3,False
"Oh, I get what you're saying.",3,False
Instead of thinking about,3,False
"Wow, what a powerful realization!",3,False
That's an excellent suggestion.,3,False
That sounds so refreshing!,3,False
What really matters to you?,3,False
"Yes, that's so powerful.",3,False
That's such a good approach!,3,False
That sounds so powerful!,3,False
"Wow, that's really powerful!",3,False
That's a brave move!,3,False
That sounds so powerful.,3,False
"I see where you’re coming from, Emma.",3,False
That's such an inspiring idea.,3,False
That’s such a good point!,3,False
The possibilities are endless.,3,False
"Wow, you’re on the right track!",3,False
What a powerful idea!,3,False
That's a powerful message.,3,False
"Oh, that’s so powerful.",3,False
"That’s so powerful, James.",3,False
That’s such a powerful idea!,3,False
It sounds like you,3,False
That’s such a powerful statement!,3,False
"Yes, I absolutely agree.",3,False
That’s such a powerful question.,3,False
I think you’re onto something.,3,False
That's such a thoughtful idea!,3,False
That sounds like magic!,3,False
What do you think?<|im,3,False
"That’s exactly it, James.",3,False
"So, what if you",3,False
That’s such a great message.,3,False
What a great insight!,3,False
"This way, you can",3,False
Your point is valid.,3,False
That's such a sensible approach.,3,False
That's exactly what I'm suggesting.,3,False
"That’s so powerful, James!",3,False
"Yes, I think you’re on the right track.",3,False
"That makes so much sense, James.",3,False
It’s not about trying to,3,False
"Oh, I love it!",3,False
That's a great insight!,3,False
"That’s a great observation, Emma.",3,False
What you’re saying makes a lot of sense.,3,False
Maybe something like this:,3,False
That’s a beautiful insight.,3,False
I appreciate where you’re coming from.,3,False
I think that’s incredible.,3,False
It’s about letting go,3,False
That’s exactly what I was getting at.,3,False
I get what you're talking about.,3,False
That is so powerful.,3,False
That’s exactly what you’re doing.,3,False
I really get what you’re saying.,3,False
That makes a lot of sense to me.,3,False
What you’re saying really resonates with me.,3,False
That's an incredible insight.,3,False
That's a really smart approach.,3,False
That’s a smart question.,3,False
That’s such a powerful realization.,3,False
I absolutely see where you're coming from.,3,False
"Sure, I get what you're saying.",3,False
What a transformative experience!,3,False
I love how you're,3,False
You bring up a really important point.,3,False
And that’s totally okay!,3,False
If you feel like,3,False
I absolutely understand what you're saying.,3,False
"Wow, this is powerful!",3,False
And that’s totally valid.,3,False
That’s such a great point!,3,False
That makes so much sense to me.,3,False
That sounds amazing to me.,3,False
That's such a beautiful perspective!,3,False
"That's so insightful, James.",3,False
"Oh, I love that.",3,False
That's such a helpful question.,3,False
I think what you’re saying makes a lot of sense.,3,False
This is a great point.,3,False
That's such a beautiful idea.,3,False
"Yeah, that's a good question.",3,False
"You might say, """,3,False
"That's a fantastic idea, James.",3,False
That's exactly what I love to hear.,3,False
What a powerful vision!,3,False
"You could say, """,3,False
That's such a beautiful approach.,3,False
I appreciate what you're saying.,3,False
What an amazing realization!,3,False
And I think that,3,False
"That's so inspiring, James.",3,False
What would be meaningful to you?,3,False
I totally understand what you’re saying.,3,False
"Wow, what an incredible shift!",3,False
"Oh, that's so powerful!",3,False
That sounds really powerful.,3,False
That's such a great insight!,3,False
that come with it.,3,False
That's such a powerful message.,3,False
That's such an important insight.,3,False
You really get it.,3,False
"That's such a good question, James.",3,False
"Oh wow, that's powerful.",3,False
What do you think,3,False
That’s a great balance.,3,False
